True_Label,Global_Prediction,Global_Probability,Personalized_Prediction,Personalized_Probability,Alert_Level
0,0,0.06,0,0.06666666666666667,Low
0,0,0.0,0,0.0,Low
0,0,0.0,0,0.0,Low
0,0,0.0,0,0.0,Low
0,0,0.0,0,0.0,Low
0,0,0.0,0,0.0033333333333333335,Low
0,0,0.0033333333333333335,0,0.0,Low
0,0,0.0,0,0.0,Low
0,0,0.0,0,0.0,Low
0,0,0.0,0,0.0,Low
0,0,0.0,0,0.0,Low
0,0,0.0,0,0.0,Low
0,0,0.0,0,0.0,Low
0,0,0.0,0,0.0,Low
0,0,0.0,0,0.0,Low
0,0,0.0,0,0.0,Low
0,0,0.0033333333333333335,0,0.0,Low
1,1,0.9733333333333334,1,0.97,Urgent
0,0,0.09,0,0.03,Low
0,0,0.0,0,0.0,Low
0,0,0.0,0,0.0,Low
0,0,0.0033333333333333335,0,0.0,Low
0,0,0.0,0,0.0,Low
0,0,0.0,0,0.0,Low
0,0,0.0,0,0.0,Low
0,0,0.0,0,0.0,Low
0,0,0.0,0,0.0,Low
0,0,0.0033333333333333335,0,0.0,Low
0,0,0.0033333333333333335,0,0.0,Low
0,0,0.0,0,0.0,Low
0,0,0.0,0,0.0,Low
0,0,0.0,0,0.0,Low
0,0,0.0,0,0.0,Low
0,0,0.0,0,0.0,Low
0,0,0.0,0,0.0,Low
0,0,0.0,0,0.0,Low
0,0,0.0,0,0.0,Low
0,0,0.0,0,0.0,Low
0,0,0.0,0,0.0,Low
0,0,0.0,0,0.0,Low
0,0,0.0,0,0.0,Low
0,0,0.0,0,0.0033333333333333335,Low
0,0,0.0,0,0.0,Low
0,0,0.0,0,0.0,Low
0,0,0.0,0,0.0,Low
0,0,0.0,0,0.0,Low
0,0,0.0,0,0.0,Low
0,0,0.0,0,0.0,Low
0,0,0.0,0,0.0,Low
0,0,0.0,0,0.0,Low
0,0,0.0,0,0.0,Low
0,0,0.0,0,0.0,Low
0,0,0.0033333333333333335,0,0.0,Low
0,0,0.0,0,0.0,Low
0,0,0.0,0,0.0,Low
0,0,0.0,0,0.0,Low
0,0,0.0,0,0.0,Low
0,0,0.0,0,0.0,Low
0,0,0.0,0,0.0,Low
0,0,0.0,0,0.0,Low
0,0,0.0,0,0.0,Low
0,0,0.0,0,0.0,Low
0,0,0.0,0,0.0,Low
0,0,0.0,0,0.0,Low
0,0,0.0,0,0.0,Low
0,0,0.0033333333333333335,0,0.0,Low
0,0,0.0,0,0.0,Low
0,0,0.0,0,0.0,Low
0,0,0.0,0,0.0,Low
0,0,0.0,0,0.0,Low
0,0,0.0,0,0.0,Low
0,0,0.0,0,0.0,Low
0,0,0.0,0,0.0,Low
0,0,0.0,0,0.0,Low
0,0,0.0,0,0.0,Low
0,0,0.0,0,0.0,Low
0,0,0.0,0,0.0,Low
0,0,0.0,0,0.0,Low
0,0,0.0033333333333333335,0,0.0,Low
0,0,0.0,0,0.0,Low
0,0,0.0,0,0.0,Low
0,0,0.0,0,0.0,Low
0,0,0.0,0,0.0,Low
0,0,0.0,0,0.0,Low
0,0,0.0,0,0.0,Low
0,0,0.0,0,0.0,Low
0,0,0.0,0,0.0,Low
0,0,0.0,0,0.0,Low
0,0,0.0,0,0.0,Low
0,0,0.0,0,0.0,Low
0,0,0.006666666666666667,0,0.0,Low
0,0,0.0,0,0.0,Low
0,0,0.0,0,0.0,Low
0,0,0.0033333333333333335,0,0.0,Low
0,0,0.0,0,0.0,Low
0,0,0.0,0,0.0,Low
0,0,0.0,0,0.0,Low
0,0,0.0,0,0.0,Low
0,0,0.0,0,0.0,Low
1,0,0.18333333333333332,0,0.10333333333333333,Low
1,1,0.69,0,0.44333333333333336,Moderate
1,1,0.9266666666666666,1,0.73,High
0,0,0.0,0,0.0,Low
0,0,0.20666666666666667,0,0.3333333333333333,Low
0,0,0.0,0,0.0,Low
0,0,0.0,0,0.0,Low
0,0,0.0,0,0.06333333333333334,Low
0,0,0.0,0,0.0,Low
0,0,0.0,0,0.0,Low
0,0,0.0,0,0.0033333333333333335,Low
0,0,0.0,0,0.0,Low
0,0,0.0033333333333333335,0,0.0,Low
0,0,0.0,0,0.0,Low
0,0,0.0,0,0.006666666666666667,Low
0,0,0.0,0,0.0,Low
0,0,0.0,0,0.0033333333333333335,Low
0,0,0.0,0,0.0,Low
0,0,0.0,0,0.0033333333333333335,Low
0,0,0.0,0,0.0,Low
0,0,0.0,0,0.0033333333333333335,Low
0,0,0.0,0,0.013333333333333334,Low
0,0,0.0,0,0.01,Low
0,0,0.0,0,0.0033333333333333335,Low
0,0,0.0,0,0.0,Low
0,0,0.0,0,0.0,Low
0,0,0.0,0,0.0,Low
0,0,0.0,0,0.0,Low
0,0,0.0,0,0.0,Low
0,0,0.0,0,0.0,Low
0,0,0.0,0,0.0,Low
0,0,0.0,0,0.0,Low
0,0,0.0033333333333333335,0,0.0,Low
0,0,0.0,0,0.0,Low
0,0,0.0,0,0.0033333333333333335,Low
0,0,0.0,0,0.0033333333333333335,Low
0,0,0.0033333333333333335,0,0.0033333333333333335,Low
0,0,0.0,0,0.0,Low
0,0,0.0,0,0.0,Low
0,0,0.0,0,0.0,Low
0,0,0.0033333333333333335,0,0.0,Low
0,0,0.0,0,0.0033333333333333335,Low
0,0,0.0,0,0.0,Low
0,0,0.0,0,0.0,Low
0,0,0.0,0,0.0,Low
0,0,0.0033333333333333335,0,0.0033333333333333335,Low
0,0,0.0,0,0.0033333333333333335,Low
0,0,0.0,0,0.013333333333333334,Low
0,0,0.0,0,0.06,Low
0,0,0.0033333333333333335,0,0.0033333333333333335,Low
0,0,0.01,0,0.006666666666666667,Low
0,0,0.0,0,0.006666666666666667,Low
0,0,0.0,0,0.0,Low
0,0,0.0033333333333333335,0,0.0,Low
0,0,0.0,0,0.0,Low
0,0,0.0,0,0.0,Low
0,0,0.0,0,0.0,Low
0,0,0.0,0,0.0033333333333333335,Low
0,0,0.0,0,0.0,Low
0,0,0.0,0,0.0,Low
0,0,0.0,0,0.0,Low
0,0,0.0,0,0.0,Low
0,0,0.0033333333333333335,0,0.0,Low
0,0,0.0,0,0.0,Low
0,0,0.006666666666666667,0,0.0,Low
0,0,0.0,0,0.0,Low
0,0,0.0,0,0.0,Low
0,0,0.0,0,0.0,Low
0,0,0.0,0,0.0,Low
0,0,0.0,0,0.0,Low
0,0,0.0,0,0.0,Low
0,0,0.0,0,0.0,Low
0,0,0.0,0,0.0,Low
0,0,0.0,0,0.0,Low
0,0,0.0,0,0.0,Low
0,0,0.0,0,0.0,Low
0,0,0.0,0,0.0,Low
0,0,0.0033333333333333335,0,0.0,Low
0,0,0.0,0,0.0,Low
0,0,0.0,0,0.0,Low
0,0,0.0033333333333333335,0,0.01,Low
0,0,0.0,0,0.0,Low
0,0,0.0,0,0.0,Low
0,0,0.0,0,0.0,Low
0,0,0.0,0,0.0,Low
0,0,0.0,0,0.0,Low
0,0,0.0,0,0.0,Low
0,0,0.0,0,0.0,Low
0,0,0.0,0,0.01,Low
0,0,0.0,0,0.0,Low
0,0,0.0,0,0.0,Low
0,0,0.0,0,0.0,Low
0,0,0.0033333333333333335,0,0.0,Low
0,0,0.0,0,0.0,Low
0,0,0.0,0,0.0,Low
0,0,0.0,0,0.0,Low
0,0,0.0033333333333333335,0,0.0,Low
0,0,0.0033333333333333335,0,0.0,Low
0,0,0.0,0,0.0,Low
0,0,0.0033333333333333335,0,0.0,Low
0,0,0.0,0,0.0,Low
0,0,0.0,0,0.0,Low
0,0,0.0,0,0.0,Low
0,0,0.0,0,0.0,Low
0,0,0.0,0,0.0,Low
0,0,0.0,0,0.01,Low
0,0,0.0,0,0.0,Low
0,0,0.0,0,0.0,Low
0,0,0.0,0,0.0033333333333333335,Low
0,0,0.0,0,0.0033333333333333335,Low
0,0,0.0,0,0.0,Low
0,0,0.0,0,0.0,Low
0,0,0.0,0,0.03333333333333333,Low
0,0,0.0,0,0.006666666666666667,Low
0,0,0.0,0,0.0,Low
0,0,0.0,0,0.0033333333333333335,Low
0,0,0.0,0,0.02666666666666667,Low
0,0,0.0,0,0.0,Low
0,0,0.0,0,0.0,Low
0,0,0.0,0,0.0,Low
0,0,0.0,0,0.0,Low
0,0,0.0,0,0.0,Low
0,0,0.0,0,0.0,Low
0,0,0.0,0,0.0,Low
0,0,0.0033333333333333335,0,0.0,Low
0,0,0.0,0,0.0,Low
0,0,0.0033333333333333335,0,0.0,Low
0,0,0.0,0,0.0,Low
0,0,0.0,0,0.0,Low
0,0,0.0,0,0.0,Low
0,0,0.0,0,0.0,Low
0,0,0.0,0,0.0,Low
0,0,0.006666666666666667,0,0.0,Low
0,0,0.0,0,0.0,Low
0,0,0.0033333333333333335,0,0.006666666666666667,Low
0,0,0.006666666666666667,0,0.0,Low
0,0,0.0,0,0.0,Low
0,0,0.01,0,0.0,Low
0,0,0.006666666666666667,0,0.0,Low
0,0,0.0,0,0.0,Low
0,0,0.0,0,0.013333333333333334,Low
0,0,0.0,0,0.02,Low
0,0,0.0033333333333333335,0,0.02,Low
0,0,0.0,0,0.006666666666666667,Low
0,0,0.0,0,0.013333333333333334,Low
0,0,0.0033333333333333335,0,0.02,Low
0,0,0.0,0,0.006666666666666667,Low
0,0,0.01,0,0.03333333333333333,Low
0,0,0.0,0,0.02666666666666667,Low
0,0,0.0,0,0.013333333333333334,Low
0,0,0.0033333333333333335,0,0.01,Low
0,0,0.0,0,0.03333333333333333,Low
0,0,0.0,0,0.01,Low
0,0,0.0,0,0.0,Low
0,0,0.0033333333333333335,0,0.01,Low
0,0,0.0,0,0.03333333333333333,Low
0,0,0.0033333333333333335,0,0.02,Low
0,0,0.0,0,0.013333333333333334,Low
0,0,0.0,0,0.01,Low
0,0,0.0,0,0.0033333333333333335,Low
0,0,0.0,0,0.01,Low
0,0,0.0,0,0.01,Low
0,0,0.0,0,0.01,Low
0,0,0.0033333333333333335,0,0.01,Low
0,0,0.0,0,0.006666666666666667,Low
0,0,0.0,0,0.006666666666666667,Low
0,0,0.006666666666666667,0,0.09333333333333334,Low
0,0,0.0,0,0.0033333333333333335,Low
0,0,0.0033333333333333335,0,0.0033333333333333335,Low
0,0,0.0,0,0.0033333333333333335,Low
0,0,0.0,0,0.0033333333333333335,Low
0,0,0.0,0,0.0033333333333333335,Low
0,0,0.0,0,0.01,Low
0,0,0.0033333333333333335,0,0.05,Low
0,0,0.0,0,0.0,Low
0,0,0.0,0,0.0,Low
0,0,0.0,0,0.006666666666666667,Low
0,0,0.0,0,0.0,Low
0,0,0.0033333333333333335,0,0.0033333333333333335,Low
0,0,0.0,0,0.006666666666666667,Low
0,0,0.0,0,0.016666666666666666,Low
0,0,0.0,0,0.016666666666666666,Low
0,0,0.0,0,0.0033333333333333335,Low
0,0,0.0,0,0.01,Low
0,0,0.006666666666666667,0,0.013333333333333334,Low
0,0,0.0,0,0.01,Low
0,0,0.0033333333333333335,0,0.023333333333333334,Low
0,0,0.0,0,0.02666666666666667,Low
0,0,0.0,0,0.02,Low
0,0,0.0,0,0.0,Low
0,0,0.0,0,0.006666666666666667,Low
0,0,0.0,0,0.023333333333333334,Low
0,0,0.0,0,0.013333333333333334,Low
0,0,0.0,0,0.0033333333333333335,Low
0,0,0.0,0,0.01,Low
0,0,0.0,0,0.006666666666666667,Low
0,0,0.0,0,0.006666666666666667,Low
0,0,0.0,0,0.01,Low
0,0,0.0033333333333333335,0,0.02,Low
0,0,0.0,0,0.013333333333333334,Low
0,0,0.0,0,0.013333333333333334,Low
0,0,0.0,0,0.01,Low
0,0,0.0033333333333333335,0,0.23333333333333334,Low
0,0,0.0,0,0.006666666666666667,Low
0,0,0.0033333333333333335,0,0.0033333333333333335,Low
0,0,0.0,0,0.016666666666666666,Low
0,0,0.0033333333333333335,0,0.006666666666666667,Low
0,0,0.0,0,0.01,Low
0,0,0.0,0,0.02,Low
0,0,0.0033333333333333335,0,0.006666666666666667,Low
0,0,0.0,0,0.0033333333333333335,Low
0,0,0.0,0,0.02,Low
0,0,0.0,0,0.013333333333333334,Low
0,0,0.0,0,0.006666666666666667,Low
0,0,0.0,0,0.0033333333333333335,Low
0,0,0.0,0,0.01,Low
0,0,0.0,0,0.0,Low
0,0,0.0,0,0.0,Low
0,0,0.0,0,0.006666666666666667,Low
0,0,0.0,0,0.013333333333333334,Low
0,0,0.013333333333333334,0,0.02,Low
0,0,0.0,0,0.0033333333333333335,Low
0,0,0.0033333333333333335,0,0.013333333333333334,Low
0,0,0.0,0,0.013333333333333334,Low
0,0,0.0,0,0.016666666666666666,Low
0,0,0.0,0,0.016666666666666666,Low
0,0,0.0033333333333333335,0,0.01,Low
0,0,0.0,0,0.01,Low
0,0,0.0,0,0.0033333333333333335,Low
0,0,0.0,0,0.013333333333333334,Low
0,0,0.0,0,0.016666666666666666,Low
0,0,0.0,0,0.016666666666666666,Low
0,0,0.0033333333333333335,0,0.013333333333333334,Low
0,0,0.0,0,0.013333333333333334,Low
0,0,0.0,0,0.013333333333333334,Low
0,0,0.0,0,0.01,Low
0,0,0.0033333333333333335,0,0.01,Low
0,0,0.0,0,0.01,Low
0,0,0.0,0,0.01,Low
0,0,0.0,0,0.013333333333333334,Low
0,0,0.0,0,0.01,Low
0,0,0.0033333333333333335,0,0.01,Low
0,0,0.0033333333333333335,0,0.0,Low
0,0,0.0,0,0.006666666666666667,Low
0,0,0.0,0,0.02666666666666667,Low
0,0,0.0,0,0.023333333333333334,Low
0,0,0.0,0,0.023333333333333334,Low
0,0,0.0,0,0.016666666666666666,Low
0,0,0.0,0,0.023333333333333334,Low
0,0,0.0,0,0.023333333333333334,Low
0,0,0.0,0,0.023333333333333334,Low
0,0,0.006666666666666667,0,0.0,Low
0,0,0.0,0,0.013333333333333334,Low
0,0,0.0,0,0.01,Low
0,0,0.0,0,0.013333333333333334,Low
0,0,0.0,0,0.01,Low
0,0,0.0,0,0.006666666666666667,Low
0,0,0.0,0,0.016666666666666666,Low
0,0,0.0,0,0.0,Low
0,0,0.0033333333333333335,0,0.006666666666666667,Low
0,0,0.0,0,0.0,Low
0,0,0.0,0,0.0033333333333333335,Low
0,0,0.0,0,0.006666666666666667,Low
0,0,0.0,0,0.006666666666666667,Low
0,0,0.0,0,0.01,Low
0,0,0.0,0,0.006666666666666667,Low
0,0,0.0,0,0.006666666666666667,Low
0,0,0.0,0,0.006666666666666667,Low
0,0,0.0033333333333333335,0,0.02,Low
0,0,0.0033333333333333335,0,0.0033333333333333335,Low
0,0,0.0,0,0.0,Low
0,0,0.0,0,0.006666666666666667,Low
0,0,0.0033333333333333335,0,0.006666666666666667,Low
0,0,0.0,0,0.0033333333333333335,Low
0,0,0.0,0,0.0,Low
0,0,0.0,0,0.006666666666666667,Low
0,0,0.0,0,0.006666666666666667,Low
0,0,0.0,0,0.01,Low
0,0,0.0,0,0.01,Low
0,0,0.0,0,0.0033333333333333335,Low
0,0,0.0,0,0.006666666666666667,Low
0,0,0.0,0,0.0,Low
0,0,0.0,0,0.0,Low
0,0,0.0,0,0.0033333333333333335,Low
0,0,0.0,0,0.0033333333333333335,Low
0,0,0.0,0,0.0,Low
0,0,0.0,0,0.006666666666666667,Low
0,0,0.0,0,0.0033333333333333335,Low
0,0,0.0,0,0.0,Low
0,0,0.0,0,0.0033333333333333335,Low
0,0,0.0,0,0.0033333333333333335,Low
0,0,0.0,0,0.0033333333333333335,Low
0,0,0.0,0,0.0033333333333333335,Low
0,0,0.0,0,0.006666666666666667,Low
0,0,0.0,0,0.0,Low
0,0,0.0,0,0.0,Low
0,0,0.0,0,0.0,Low
0,0,0.0,0,0.0,Low
0,0,0.0,0,0.0,Low
0,0,0.0,0,0.02,Low
0,0,0.0,0,0.06666666666666667,Low
0,0,0.0,0,0.016666666666666666,Low
0,0,0.0,0,0.01,Low
0,0,0.0033333333333333335,0,0.013333333333333334,Low
0,0,0.0,0,0.02,Low
0,0,0.0,0,0.0,Low
0,0,0.0,0,0.01,Low
0,0,0.0,0,0.01,Low
0,0,0.0033333333333333335,0,0.0033333333333333335,Low
0,0,0.0033333333333333335,0,0.006666666666666667,Low
0,0,0.0,0,0.01,Low
0,0,0.0033333333333333335,0,0.016666666666666666,Low
0,0,0.0,0,0.0,Low
0,0,0.0,0,0.0033333333333333335,Low
0,0,0.0,0,0.01,Low
0,0,0.0,0,0.02,Low
0,0,0.0,0,0.02,Low
0,0,0.0,0,0.016666666666666666,Low
0,0,0.0,0,0.013333333333333334,Low
0,0,0.0,0,0.013333333333333334,Low
0,0,0.0033333333333333335,0,0.013333333333333334,Low
0,0,0.0,0,0.013333333333333334,Low
0,0,0.0,0,0.01,Low
0,0,0.0,0,0.02,Low
0,0,0.0033333333333333335,0,0.013333333333333334,Low
0,0,0.0,0,0.013333333333333334,Low
0,0,0.0,0,0.02666666666666667,Low
0,0,0.0,0,0.016666666666666666,Low
0,0,0.0,0,0.013333333333333334,Low
0,0,0.0,0,0.01,Low
0,0,0.0,0,0.023333333333333334,Low
0,0,0.0,0,0.01,Low
0,0,0.0,0,0.01,Low
0,0,0.0,0,0.01,Low
0,0,0.0,0,0.01,Low
0,0,0.0,0,0.01,Low
0,0,0.0,0,0.01,Low
0,0,0.0,0,0.01,Low
0,0,0.0,0,0.01,Low
0,0,0.0,0,0.0033333333333333335,Low
0,0,0.0,0,0.01,Low
0,0,0.0,0,0.01,Low
0,0,0.0,0,0.01,Low
0,0,0.0,0,0.013333333333333334,Low
0,0,0.0,0,0.02666666666666667,Low
0,0,0.0,0,0.02666666666666667,Low
0,0,0.0,0,0.013333333333333334,Low
0,0,0.0,0,0.01,Low
0,0,0.0,0,0.03666666666666667,Low
0,0,0.0,0,0.01,Low
0,0,0.0,0,0.01,Low
0,0,0.0,0,0.01,Low
0,0,0.0,0,0.01,Low
0,0,0.0,0,0.013333333333333334,Low
0,0,0.0,0,0.01,Low
0,0,0.0,0,0.01,Low
0,0,0.0,0,0.01,Low
0,0,0.0,0,0.01,Low
0,0,0.0,0,0.01,Low
0,0,0.0,0,0.013333333333333334,Low
0,0,0.0,0,0.013333333333333334,Low
0,0,0.0,0,0.01,Low
0,0,0.0,0,0.013333333333333334,Low
0,0,0.0,0,0.01,Low
0,0,0.0,0,0.01,Low
0,0,0.0,0,0.01,Low
0,0,0.0,0,0.03,Low
0,0,0.0,0,0.01,Low
0,0,0.0,0,0.006666666666666667,Low
0,0,0.0,0,0.01,Low
0,0,0.0,0,0.006666666666666667,Low
0,0,0.0,0,0.01,Low
0,0,0.0,0,0.0,Low
0,0,0.0,0,0.013333333333333334,Low
0,0,0.006666666666666667,0,0.08,Low
0,0,0.0,0,0.006666666666666667,Low
0,0,0.0,0,0.0033333333333333335,Low
0,0,0.0,0,0.01,Low
0,0,0.0,0,0.01,Low
0,0,0.0,0,0.0,Low
0,0,0.0033333333333333335,0,0.0,Low
0,0,0.0,0,0.0033333333333333335,Low
0,0,0.0,0,0.0,Low
0,0,0.0,0,0.0,Low
0,0,0.0,0,0.0033333333333333335,Low
0,0,0.0,0,0.02,Low
0,0,0.0,0,0.006666666666666667,Low
0,0,0.0,0,0.013333333333333334,Low
0,0,0.0,0,0.016666666666666666,Low
0,0,0.0,0,0.0033333333333333335,Low
0,0,0.0,0,0.0,Low
0,0,0.0,0,0.0033333333333333335,Low
0,0,0.0,0,0.016666666666666666,Low
0,0,0.0,0,0.016666666666666666,Low
0,0,0.0033333333333333335,0,0.006666666666666667,Low
0,0,0.0,0,0.01,Low
0,0,0.0,0,0.05,Low
0,0,0.0,0,0.0033333333333333335,Low
0,0,0.0,0,0.0,Low
0,0,0.0,0,0.0,Low
0,0,0.0,0,0.01,Low
0,0,0.0,0,0.0,Low
0,0,0.0,0,0.0,Low
0,0,0.0,0,0.006666666666666667,Low
0,0,0.0,0,0.0,Low
0,0,0.0,0,0.0033333333333333335,Low
0,0,0.0,0,0.0,Low
0,0,0.0,0,0.006666666666666667,Low
0,0,0.0033333333333333335,0,0.0033333333333333335,Low
0,0,0.0,0,0.0,Low
0,0,0.0,0,0.0,Low
0,0,0.0,0,0.03333333333333333,Low
0,0,0.0,0,0.0,Low
0,0,0.006666666666666667,0,0.0033333333333333335,Low
0,0,0.0,0,0.01,Low
0,0,0.0,0,0.02,Low
0,0,0.0,0,0.0033333333333333335,Low
0,0,0.0,0,0.0,Low
0,0,0.0,0,0.0033333333333333335,Low
0,0,0.0,0,0.013333333333333334,Low
0,0,0.0,0,0.0033333333333333335,Low
0,0,0.0,0,0.01,Low
0,0,0.0,0,0.02,Low
0,0,0.0033333333333333335,0,0.03666666666666667,Low
0,0,0.0,0,0.006666666666666667,Low
0,0,0.0,0,0.006666666666666667,Low
0,0,0.0,0,0.0,Low
0,0,0.0,0,0.0,Low
0,0,0.0,0,0.006666666666666667,Low
0,0,0.0,0,0.01,Low
0,0,0.0,0,0.013333333333333334,Low
0,0,0.0033333333333333335,0,0.013333333333333334,Low
0,0,0.0,0,0.01,Low
0,0,0.0,0,0.013333333333333334,Low
0,0,0.0,0,0.013333333333333334,Low
0,0,0.0,0,0.03,Low
0,0,0.0,0,0.006666666666666667,Low
0,0,0.0,0,0.02,Low
0,0,0.0,0,0.016666666666666666,Low
0,0,0.0,0,0.01,Low
0,0,0.006666666666666667,0,0.01,Low
0,0,0.0,0,0.013333333333333334,Low
0,0,0.0,0,0.01,Low
0,0,0.0033333333333333335,0,0.006666666666666667,Low
0,0,0.0,0,0.013333333333333334,Low
0,0,0.0,0,0.01,Low
0,0,0.0,0,0.01,Low
0,0,0.0,0,0.0,Low
0,0,0.0,0,0.01,Low
0,0,0.0,0,0.01,Low
0,0,0.0033333333333333335,0,0.013333333333333334,Low
0,0,0.0,0,0.013333333333333334,Low
0,0,0.0,0,0.016666666666666666,Low
0,0,0.0,0,0.03,Low
0,0,0.0,0,0.013333333333333334,Low
0,0,0.0033333333333333335,0,0.013333333333333334,Low
0,0,0.0,0,0.013333333333333334,Low
0,0,0.0,0,0.01,Low
0,0,0.0033333333333333335,0,0.01,Low
0,0,0.0,0,0.016666666666666666,Low
0,0,0.0,0,0.02666666666666667,Low
0,0,0.0,0,0.016666666666666666,Low
0,0,0.0,0,0.013333333333333334,Low
0,0,0.0,0,0.01,Low
0,0,0.0,0,0.013333333333333334,Low
0,0,0.0,0,0.01,Low
0,0,0.0,0,0.01,Low
0,0,0.0033333333333333335,0,0.01,Low
0,0,0.0033333333333333335,0,0.02,Low
0,0,0.0,0,0.013333333333333334,Low
0,0,0.0,0,0.013333333333333334,Low
0,0,0.0033333333333333335,0,0.09666666666666666,Low
0,0,0.0033333333333333335,0,0.023333333333333334,Low
0,0,0.0,0,0.006666666666666667,Low
0,0,0.0,0,0.01,Low
0,0,0.0,0,0.01,Low
0,0,0.0033333333333333335,0,0.0033333333333333335,Low
0,0,0.0033333333333333335,0,0.01,Low
0,0,0.0,0,0.013333333333333334,Low
0,0,0.0,0,0.013333333333333334,Low
0,0,0.0,0,0.013333333333333334,Low
0,0,0.0,0,0.013333333333333334,Low
0,0,0.0033333333333333335,0,0.016666666666666666,Low
0,0,0.0,0,0.013333333333333334,Low
0,0,0.0033333333333333335,0,0.01,Low
0,0,0.0,0,0.01,Low
0,0,0.0,0,0.01,Low
0,0,0.0,0,0.013333333333333334,Low
0,0,0.0,0,0.006666666666666667,Low
0,0,0.0,0,0.0,Low
0,0,0.0,0,0.01,Low
0,0,0.0,0,0.0,Low
0,0,0.0,0,0.006666666666666667,Low
0,0,0.0,0,0.01,Low
0,0,0.0,0,0.01,Low
0,0,0.0033333333333333335,0,0.006666666666666667,Low
0,0,0.0,0,0.0033333333333333335,Low
0,0,0.0,0,0.013333333333333334,Low
0,0,0.0,0,0.013333333333333334,Low
0,0,0.0,0,0.0033333333333333335,Low
0,0,0.0,0,0.013333333333333334,Low
0,0,0.02,0,0.35333333333333333,Moderate
0,0,0.0,0,0.016666666666666666,Low
0,0,0.0,0,0.0033333333333333335,Low
0,0,0.0,0,0.0,Low
0,0,0.0,0,0.013333333333333334,Low
0,0,0.0,0,0.0033333333333333335,Low
0,0,0.0,0,0.0,Low
0,0,0.0033333333333333335,0,0.006666666666666667,Low
0,0,0.0033333333333333335,0,0.0033333333333333335,Low
0,0,0.0,0,0.0033333333333333335,Low
0,0,0.0,0,0.0,Low
0,0,0.0,0,0.0,Low
0,0,0.0033333333333333335,0,0.0,Low
0,0,0.0,0,0.0,Low
0,0,0.0033333333333333335,0,0.0,Low
0,0,0.0,0,0.02666666666666667,Low
0,0,0.0,0,0.0,Low
0,0,0.0,0,0.0033333333333333335,Low
0,0,0.0,0,0.01,Low
0,0,0.0,0,0.006666666666666667,Low
0,0,0.0,0,0.0033333333333333335,Low
0,0,0.0,0,0.01,Low
0,0,0.0,0,0.013333333333333334,Low
0,0,0.0,0,0.01,Low
0,0,0.0,0,0.0,Low
0,0,0.0,0,0.0033333333333333335,Low
0,0,0.0,0,0.006666666666666667,Low
0,0,0.0,0,0.013333333333333334,Low
0,0,0.0033333333333333335,0,0.0033333333333333335,Low
0,0,0.0,0,0.0,Low
0,0,0.0,0,0.006666666666666667,Low
0,0,0.0,0,0.006666666666666667,Low
0,0,0.0,0,0.0,Low
0,0,0.0,0,0.0,Low
0,0,0.0,0,0.0,Low
0,0,0.0,0,0.0,Low
0,0,0.0,0,0.0,Low
0,0,0.0033333333333333335,0,0.0,Low
0,0,0.0,0,0.0,Low
0,0,0.0,0,0.016666666666666666,Low
0,0,0.0,0,0.0033333333333333335,Low
0,0,0.0033333333333333335,0,0.01,Low
0,0,0.0,0,0.023333333333333334,Low
0,0,0.0033333333333333335,0,0.02666666666666667,Low
0,0,0.0,0,0.01,Low
0,0,0.0033333333333333335,0,0.01,Low
0,0,0.0,0,0.01,Low
0,0,0.0,0,0.0033333333333333335,Low
0,0,0.0033333333333333335,0,0.01,Low
0,0,0.0,0,0.02,Low
0,0,0.0,0,0.01,Low
0,0,0.0,0,0.01,Low
0,0,0.0,0,0.01,Low
0,0,0.0,0,0.01,Low
0,0,0.0,0,0.01,Low
0,0,0.0,0,0.01,Low
0,0,0.0,0,0.01,Low
0,0,0.0,0,0.01,Low
0,0,0.0033333333333333335,0,0.03666666666666667,Low
0,0,0.0,0,0.0033333333333333335,Low
0,0,0.0,0,0.01,Low
0,0,0.0,0,0.01,Low
0,0,0.0,0,0.006666666666666667,Low
0,0,0.0,0,0.006666666666666667,Low
0,0,0.0,0,0.01,Low
0,0,0.0033333333333333335,0,0.016666666666666666,Low
0,0,0.0033333333333333335,0,0.03,Low
0,0,0.0,0,0.023333333333333334,Low
0,0,0.0033333333333333335,0,0.023333333333333334,Low
0,0,0.0,0,0.013333333333333334,Low
0,0,0.0,0,0.01,Low
0,0,0.0,0,0.01,Low
0,0,0.0033333333333333335,0,0.01,Low
0,0,0.0,0,0.006666666666666667,Low
0,0,0.0,0,0.0,Low
0,0,0.0,0,0.01,Low
0,0,0.0,0,0.01,Low
0,0,0.0,0,0.0033333333333333335,Low
0,0,0.0,0,0.013333333333333334,Low
0,0,0.0,0,0.013333333333333334,Low
0,0,0.0,0,0.013333333333333334,Low
0,0,0.0033333333333333335,0,0.006666666666666667,Low
0,0,0.0,0,0.0,Low
0,0,0.0,0,0.006666666666666667,Low
0,0,0.0033333333333333335,0,0.016666666666666666,Low
0,0,0.0033333333333333335,0,0.013333333333333334,Low
0,0,0.0033333333333333335,0,0.02666666666666667,Low
0,0,0.0,0,0.023333333333333334,Low
0,0,0.0,0,0.02,Low
0,0,0.0,0,0.006666666666666667,Low
0,0,0.0033333333333333335,0,0.01,Low
0,0,0.0,0,0.013333333333333334,Low
0,0,0.0033333333333333335,0,0.01,Low
0,0,0.0,0,0.01,Low
0,0,0.0,0,0.01,Low
0,0,0.0033333333333333335,0,0.01,Low
0,0,0.0,0,0.0,Low
0,0,0.0,0,0.01,Low
0,0,0.0,0,0.023333333333333334,Low
0,0,0.0,0,0.0,Low
0,0,0.0,0,0.0,Low
0,0,0.0033333333333333335,0,0.0,Low
0,0,0.0,0,0.0,Low
0,0,0.0,0,0.0,Low
0,0,0.0,0,0.013333333333333334,Low
0,0,0.0,0,0.013333333333333334,Low
0,0,0.0,0,0.013333333333333334,Low
0,0,0.0,0,0.0,Low
0,0,0.0,0,0.02666666666666667,Low
0,0,0.0,0,0.016666666666666666,Low
0,0,0.0,0,0.0033333333333333335,Low
0,0,0.0,0,0.01,Low
0,0,0.013333333333333334,0,0.02666666666666667,Low
0,0,0.0,0,0.0,Low
0,0,0.0,0,0.0,Low
0,0,0.0033333333333333335,0,0.0,Low
0,0,0.0,0,0.043333333333333335,Low
0,0,0.0,0,0.006666666666666667,Low
0,0,0.0,0,0.0,Low
0,0,0.0,0,0.0,Low
0,0,0.0,0,0.006666666666666667,Low
0,0,0.0033333333333333335,0,0.0,Low
0,0,0.0,0,0.0,Low
0,0,0.0,0,0.0,Low
0,0,0.0,0,0.0,Low
0,0,0.0,0,0.0033333333333333335,Low
0,0,0.0,0,0.02,Low
0,0,0.0,0,0.03,Low
0,0,0.0,0,0.02,Low
0,0,0.01,0,0.016666666666666666,Low
0,0,0.0,0,0.013333333333333334,Low
0,0,0.0,0,0.01,Low
0,0,0.0,0,0.016666666666666666,Low
0,0,0.0,0,0.02,Low
0,0,0.0,0,0.023333333333333334,Low
0,0,0.0,0,0.02666666666666667,Low
0,0,0.0,0,0.01,Low
0,0,0.0,0,0.01,Low
0,0,0.0,0,0.01,Low
0,0,0.0,0,0.016666666666666666,Low
0,0,0.0,0,0.04666666666666667,Low
0,0,0.0,0,0.0033333333333333335,Low
0,0,0.0,0,0.006666666666666667,Low
0,0,0.0,0,0.013333333333333334,Low
0,0,0.0,0,0.01,Low
0,0,0.0,0,0.0033333333333333335,Low
0,0,0.0,0,0.0,Low
0,0,0.0,0,0.006666666666666667,Low
0,0,0.0,0,0.01,Low
0,0,0.0,0,0.0033333333333333335,Low
0,0,0.0033333333333333335,0,0.023333333333333334,Low
0,0,0.0,0,0.02666666666666667,Low
0,0,0.0,0,0.013333333333333334,Low
0,0,0.0,0,0.006666666666666667,Low
0,0,0.0,0,0.013333333333333334,Low
0,0,0.0,0,0.02666666666666667,Low
0,0,0.0,0,0.013333333333333334,Low
0,0,0.0,0,0.006666666666666667,Low
0,0,0.0,0,0.006666666666666667,Low
0,0,0.0,0,0.013333333333333334,Low
0,0,0.0,0,0.016666666666666666,Low
0,0,0.0,0,0.0,Low
0,0,0.0,0,0.0,Low
0,0,0.0,0,0.023333333333333334,Low
0,0,0.0,0,0.0033333333333333335,Low
0,0,0.0,0,0.013333333333333334,Low
0,0,0.0,0,0.03,Low
0,0,0.0033333333333333335,0,0.016666666666666666,Low
0,0,0.0,0,0.006666666666666667,Low
0,0,0.0,0,0.0033333333333333335,Low
0,0,0.0,0,0.01,Low
0,0,0.0,0,0.01,Low
0,0,0.0,0,0.006666666666666667,Low
0,0,0.0,0,0.013333333333333334,Low
0,0,0.0,0,0.023333333333333334,Low
0,0,0.0,0,0.013333333333333334,Low
0,0,0.0,0,0.013333333333333334,Low
0,0,0.0,0,0.023333333333333334,Low
0,0,0.0,0,0.013333333333333334,Low
0,0,0.0033333333333333335,0,0.013333333333333334,Low
0,0,0.0,0,0.023333333333333334,Low
0,0,0.0,0,0.023333333333333334,Low
0,0,0.0,0,0.013333333333333334,Low
0,0,0.0,0,0.0033333333333333335,Low
0,0,0.0033333333333333335,0,0.006666666666666667,Low
0,0,0.0,0,0.01,Low
0,0,0.0033333333333333335,0,0.01,Low
0,0,0.0,0,0.01,Low
0,0,0.0,0,0.013333333333333334,Low
0,0,0.0,0,0.01,Low
0,0,0.0,0,0.0033333333333333335,Low
0,0,0.0,0,0.013333333333333334,Low
0,0,0.0,0,0.006666666666666667,Low
0,0,0.0033333333333333335,0,0.0,Low
0,0,0.0,0,0.0,Low
0,0,0.0,0,0.02666666666666667,Low
0,0,0.01,0,0.03,Low
0,0,0.0,0,0.013333333333333334,Low
0,0,0.0033333333333333335,0,0.02,Low
0,0,0.0,0,0.023333333333333334,Low
0,0,0.0,0,0.006666666666666667,Low
0,0,0.0,0,0.0033333333333333335,Low
0,0,0.0033333333333333335,0,0.01,Low
0,0,0.0,0,0.016666666666666666,Low
0,0,0.0,0,0.01,Low
0,0,0.0,0,0.0033333333333333335,Low
0,0,0.0,0,0.01,Low
0,0,0.0,0,0.01,Low
0,0,0.0,0,0.0,Low
0,0,0.0,0,0.0033333333333333335,Low
0,0,0.0,0,0.013333333333333334,Low
0,0,0.0,0,0.013333333333333334,Low
0,0,0.0,0,0.0,Low
0,0,0.0,0,0.0,Low
0,0,0.0,0,0.0,Low
0,0,0.0,0,0.0,Low
0,0,0.0,0,0.0,Low
0,0,0.0,0,0.006666666666666667,Low
0,0,0.0,0,0.02666666666666667,Low
0,0,0.0,0,0.01,Low
0,0,0.0,0,0.0033333333333333335,Low
0,0,0.0,0,0.0,Low
0,0,0.0,0,0.006666666666666667,Low
0,0,0.0,0,0.0,Low
0,0,0.006666666666666667,0,0.0,Low
0,0,0.0,0,0.01,Low
0,0,0.0033333333333333335,0,0.02,Low
0,0,0.0,0,0.0033333333333333335,Low
0,0,0.0,0,0.0033333333333333335,Low
0,0,0.0,0,0.0033333333333333335,Low
0,0,0.0033333333333333335,0,0.006666666666666667,Low
0,0,0.0,0,0.0033333333333333335,Low
0,0,0.0,0,0.0033333333333333335,Low
0,0,0.0,0,0.0033333333333333335,Low
0,0,0.0033333333333333335,0,0.0033333333333333335,Low
0,0,0.0,0,0.0,Low
0,0,0.0,0,0.0,Low
0,0,0.0,0,0.01,Low
0,0,0.0,0,0.023333333333333334,Low
0,0,0.0,0,0.013333333333333334,Low
0,0,0.0,0,0.0033333333333333335,Low
0,0,0.0,0,0.0033333333333333335,Low
0,0,0.0033333333333333335,0,0.013333333333333334,Low
0,0,0.0,0,0.0033333333333333335,Low
0,0,0.0,0,0.0,Low
0,0,0.0,0,0.006666666666666667,Low
0,0,0.0033333333333333335,0,0.01,Low
0,0,0.0,0,0.0,Low
0,0,0.0,0,0.0,Low
0,0,0.0,0,0.01,Low
0,0,0.0,0,0.006666666666666667,Low
0,0,0.0,0,0.0,Low
0,0,0.0033333333333333335,0,0.01,Low
0,0,0.0033333333333333335,0,0.03,Low
0,0,0.0033333333333333335,0,0.01,Low
0,0,0.0,0,0.006666666666666667,Low
0,0,0.0033333333333333335,0,0.013333333333333334,Low
0,0,0.0,0,0.01,Low
0,0,0.0,0,0.01,Low
0,0,0.0,0,0.0,Low
0,0,0.0,0,0.006666666666666667,Low
0,0,0.0033333333333333335,0,0.14333333333333334,Low
0,0,0.0,0,0.013333333333333334,Low
0,0,0.0033333333333333335,0,0.0,Low
0,0,0.0033333333333333335,0,0.01,Low
0,0,0.0,0,0.02,Low
0,0,0.0,0,0.016666666666666666,Low
0,0,0.0,0,0.02,Low
0,0,0.0,0,0.02666666666666667,Low
0,0,0.0,0,0.013333333333333334,Low
0,0,0.0,0,0.0,Low
0,0,0.0,0,0.01,Low
0,0,0.0,0,0.013333333333333334,Low
0,0,0.0,0,0.013333333333333334,Low
0,0,0.0,0,0.013333333333333334,Low
0,0,0.0,0,0.013333333333333334,Low
0,0,0.0033333333333333335,0,0.056666666666666664,Low
0,0,0.0,0,0.0,Low
0,0,0.0,0,0.006666666666666667,Low
0,0,0.0033333333333333335,0,0.03,Low
0,0,0.0,0,0.023333333333333334,Low
0,0,0.0,0,0.013333333333333334,Low
0,0,0.0,0,0.016666666666666666,Low
0,0,0.0,0,0.013333333333333334,Low
0,0,0.0,0,0.01,Low
0,0,0.0,0,0.01,Low
0,0,0.0,0,0.016666666666666666,Low
0,0,0.0,0,0.01,Low
0,0,0.0,0,0.01,Low
0,0,0.0,0,0.01,Low
0,0,0.0,0,0.01,Low
0,0,0.0,0,0.01,Low
0,0,0.0033333333333333335,0,0.013333333333333334,Low
0,0,0.0033333333333333335,0,0.006666666666666667,Low
0,0,0.01,0,0.013333333333333334,Low
0,0,0.0,0,0.01,Low
0,0,0.0,0,0.01,Low
0,0,0.0,0,0.013333333333333334,Low
0,0,0.0033333333333333335,0,0.15,Low
0,0,0.0,0,0.0033333333333333335,Low
0,0,0.0,0,0.01,Low
0,0,0.0,0,0.02666666666666667,Low
0,0,0.0,0,0.006666666666666667,Low
0,0,0.0,0,0.01,Low
0,0,0.0,0,0.01,Low
0,0,0.0033333333333333335,0,0.01,Low
0,0,0.0,0,0.0,Low
0,0,0.0,0,0.0,Low
0,0,0.0,0,0.016666666666666666,Low
0,0,0.0033333333333333335,0,0.05,Low
0,0,0.0033333333333333335,0,0.0,Low
0,0,0.0,0,0.0,Low
0,0,0.0,0,0.02666666666666667,Low
0,0,0.0,0,0.01,Low
0,0,0.0,0,0.0033333333333333335,Low
0,0,0.0,0,0.0,Low
0,0,0.0,0,0.01,Low
0,0,0.0,0,0.016666666666666666,Low
0,0,0.0,0,0.0033333333333333335,Low
0,0,0.0,0,0.0,Low
0,0,0.0,0,0.02666666666666667,Low
0,0,0.0,0,0.006666666666666667,Low
0,0,0.0,0,0.006666666666666667,Low
0,0,0.0,0,0.01,Low
0,0,0.0,0,0.02666666666666667,Low
0,0,0.0,0,0.016666666666666666,Low
0,0,0.0,0,0.0,Low
0,0,0.0,0,0.0,Low
0,0,0.0,0,0.0,Low
0,0,0.0,0,0.0033333333333333335,Low
0,0,0.0,0,0.0033333333333333335,Low
0,0,0.0033333333333333335,0,0.0033333333333333335,Low
0,0,0.0,0,0.006666666666666667,Low
0,0,0.0,0,0.0,Low
0,0,0.0,0,0.006666666666666667,Low
0,0,0.0033333333333333335,0,0.02,Low
0,0,0.0,0,0.016666666666666666,Low
0,0,0.0,0,0.0,Low
0,0,0.0,0,0.0033333333333333335,Low
0,0,0.0033333333333333335,0,0.02,Low
0,0,0.0,0,0.013333333333333334,Low
0,0,0.0,0,0.006666666666666667,Low
0,0,0.0,0,0.006666666666666667,Low
0,0,0.0,0,0.013333333333333334,Low
0,0,0.0,0,0.006666666666666667,Low
0,0,0.0,0,0.006666666666666667,Low
0,0,0.0,0,0.0,Low
0,0,0.0,0,0.0033333333333333335,Low
0,0,0.0033333333333333335,0,0.0,Low
0,0,0.0,0,0.0033333333333333335,Low
0,0,0.0033333333333333335,0,0.01,Low
0,0,0.0,0,0.01,Low
0,0,0.0,0,0.01,Low
0,0,0.0,0,0.0,Low
0,0,0.0,0,0.0033333333333333335,Low
0,0,0.0,0,0.01,Low
0,0,0.0,0,0.01,Low
0,0,0.0,0,0.01,Low
0,0,0.0,0,0.013333333333333334,Low
0,0,0.0,0,0.01,Low
0,0,0.0,0,0.006666666666666667,Low
0,0,0.0,0,0.006666666666666667,Low
0,0,0.0,0,0.016666666666666666,Low
0,0,0.0033333333333333335,0,0.016666666666666666,Low
0,0,0.0,0,0.0,Low
0,0,0.0,0,0.013333333333333334,Low
0,0,0.0,0,0.013333333333333334,Low
0,0,0.0,0,0.0033333333333333335,Low
0,0,0.0,0,0.0033333333333333335,Low
0,0,0.0,0,0.01,Low
0,0,0.0,0,0.0,Low
0,0,0.0,0,0.0,Low
0,0,0.0,0,0.0,Low
0,0,0.0,0,0.013333333333333334,Low
0,0,0.0,0,0.02666666666666667,Low
0,0,0.0033333333333333335,0,0.006666666666666667,Low
0,0,0.0,0,0.006666666666666667,Low
0,0,0.0033333333333333335,0,0.01,Low
0,0,0.0,0,0.0,Low
0,0,0.0033333333333333335,0,0.0,Low
0,0,0.0,0,0.01,Low
0,0,0.0,0,0.023333333333333334,Low
0,0,0.0,0,0.016666666666666666,Low
0,0,0.0,0,0.0,Low
0,0,0.0,0,0.01,Low
0,0,0.0,0,0.02666666666666667,Low
0,0,0.0,0,0.02666666666666667,Low
0,0,0.0033333333333333335,0,0.03,Low
0,0,0.0,0,0.013333333333333334,Low
0,0,0.0,0,0.016666666666666666,Low
0,0,0.0,0,0.01,Low
0,0,0.0,0,0.01,Low
0,0,0.0,0,0.01,Low
0,0,0.0,0,0.01,Low
0,0,0.0,0,0.01,Low
0,0,0.0033333333333333335,0,0.01,Low
0,0,0.0,0,0.013333333333333334,Low
0,0,0.0,0,0.013333333333333334,Low
0,0,0.0033333333333333335,0,0.01,Low
0,0,0.0,0,0.006666666666666667,Low
0,0,0.0,0,0.013333333333333334,Low
0,0,0.0,0,0.15,Low
0,0,0.0,0,0.03,Low
0,0,0.0,0,0.01,Low
0,0,0.0,0,0.013333333333333334,Low
0,0,0.0033333333333333335,0,0.013333333333333334,Low
0,0,0.0,0,0.013333333333333334,Low
0,0,0.0,0,0.013333333333333334,Low
0,0,0.0,0,0.016666666666666666,Low
0,0,0.0,0,0.01,Low
0,0,0.0,0,0.01,Low
0,0,0.0033333333333333335,0,0.02666666666666667,Low
0,0,0.0033333333333333335,0,0.02,Low
0,0,0.0,0,0.01,Low
0,0,0.0,0,0.01,Low
0,0,0.0,0,0.01,Low
0,0,0.0,0,0.01,Low
0,0,0.0,0,0.01,Low
0,0,0.0,0,0.01,Low
0,0,0.0,0,0.01,Low
0,0,0.0,0,0.01,Low
0,0,0.0,0,0.01,Low
0,0,0.0,0,0.0,Low
0,0,0.0,0,0.0,Low
0,0,0.0,0,0.013333333333333334,Low
0,0,0.0033333333333333335,0,0.03333333333333333,Low
0,0,0.0033333333333333335,0,0.013333333333333334,Low
0,0,0.0,0,0.013333333333333334,Low
0,0,0.0,0,0.013333333333333334,Low
0,0,0.0,0,0.01,Low
0,0,0.0,0,0.01,Low
0,0,0.0,0,0.006666666666666667,Low
0,0,0.0033333333333333335,0,0.006666666666666667,Low
0,0,0.0,0,0.01,Low
0,0,0.0,0,0.01,Low
0,0,0.0,0,0.006666666666666667,Low
0,0,0.0,0,0.006666666666666667,Low
0,0,0.006666666666666667,0,0.14333333333333334,Low
0,0,0.0,0,0.0,Low
0,0,0.0033333333333333335,0,0.0033333333333333335,Low
0,0,0.0,0,0.006666666666666667,Low
0,0,0.0,0,0.0033333333333333335,Low
0,0,0.0,0,0.0,Low
0,0,0.0,0,0.013333333333333334,Low
0,0,0.0033333333333333335,0,0.013333333333333334,Low
0,0,0.0,0,0.0033333333333333335,Low
0,0,0.0,0,0.01,Low
0,0,0.0033333333333333335,0,0.013333333333333334,Low
0,0,0.0,0,0.013333333333333334,Low
0,0,0.0,0,0.006666666666666667,Low
0,0,0.0,0,0.01,Low
0,0,0.0,0,0.006666666666666667,Low
0,0,0.0,0,0.006666666666666667,Low
0,0,0.0,0,0.006666666666666667,Low
0,0,0.0,0,0.01,Low
0,0,0.0033333333333333335,0,0.013333333333333334,Low
0,0,0.0,0,0.0,Low
0,0,0.0,0,0.0,Low
0,0,0.0,0,0.006666666666666667,Low
0,0,0.006666666666666667,0,0.04666666666666667,Low
0,0,0.0,0,0.0033333333333333335,Low
0,0,0.0,0,0.0,Low
0,0,0.0,0,0.01,Low
0,0,0.0,0,0.006666666666666667,Low
0,0,0.0,0,0.0,Low
0,0,0.0,0,0.0033333333333333335,Low
0,0,0.0,0,0.01,Low
0,0,0.0,0,0.006666666666666667,Low
0,0,0.0,0,0.0,Low
0,0,0.0,0,0.0033333333333333335,Low
0,0,0.0,0,0.01,Low
0,0,0.0,0,0.006666666666666667,Low
0,0,0.0,0,0.0033333333333333335,Low
0,0,0.0,0,0.013333333333333334,Low
0,0,0.0,0,0.0033333333333333335,Low
0,0,0.0033333333333333335,0,0.02,Low
0,0,0.0,0,0.006666666666666667,Low
0,0,0.0033333333333333335,0,0.02,Low
0,0,0.0033333333333333335,0,0.04666666666666667,Low
0,0,0.0,0,0.0033333333333333335,Low
0,0,0.0,0,0.0033333333333333335,Low
0,0,0.0,0,0.0,Low
0,0,0.0,0,0.016666666666666666,Low
0,0,0.0,0,0.0,Low
0,0,0.0,0,0.0,Low
0,0,0.0,0,0.0033333333333333335,Low
0,0,0.0033333333333333335,0,0.0,Low
0,0,0.006666666666666667,0,0.016666666666666666,Low
0,0,0.0,0,0.02666666666666667,Low
0,0,0.0,0,0.02666666666666667,Low
0,0,0.013333333333333334,0,0.02666666666666667,Low
0,0,0.0,0,0.0033333333333333335,Low
0,0,0.0,0,0.013333333333333334,Low
0,0,0.0,0,0.013333333333333334,Low
0,0,0.0,0,0.013333333333333334,Low
0,0,0.0,0,0.01,Low
0,0,0.0,0,0.01,Low
0,0,0.006666666666666667,0,0.06,Low
0,0,0.0,0,0.013333333333333334,Low
0,0,0.0,0,0.0033333333333333335,Low
0,0,0.0,0,0.01,Low
0,0,0.0,0,0.013333333333333334,Low
0,0,0.0033333333333333335,0,0.01,Low
0,0,0.0,0,0.013333333333333334,Low
0,0,0.0,0,0.013333333333333334,Low
0,0,0.0,0,0.016666666666666666,Low
0,0,0.0033333333333333335,0,0.013333333333333334,Low
0,0,0.0,0,0.01,Low
0,0,0.0,0,0.013333333333333334,Low
0,0,0.0033333333333333335,0,0.01,Low
0,0,0.0033333333333333335,0,0.006666666666666667,Low
0,0,0.0,0,0.006666666666666667,Low
0,0,0.0,0,0.02,Low
0,0,0.0033333333333333335,0,0.02666666666666667,Low
0,0,0.0,0,0.013333333333333334,Low
0,0,0.0,0,0.01,Low
0,0,0.0,0,0.016666666666666666,Low
0,0,0.0,0,0.013333333333333334,Low
0,0,0.0,0,0.01,Low
0,0,0.0,0,0.01,Low
0,0,0.0,0,0.01,Low
0,0,0.0,0,0.013333333333333334,Low
0,0,0.0,0,0.01,Low
0,0,0.0,0,0.01,Low
0,0,0.0033333333333333335,0,0.09666666666666666,Low
0,0,0.0,0,0.006666666666666667,Low
0,0,0.0,0,0.01,Low
0,0,0.0,0,0.023333333333333334,Low
0,0,0.0033333333333333335,0,0.016666666666666666,Low
0,0,0.0,0,0.013333333333333334,Low
0,0,0.0,0,0.013333333333333334,Low
0,0,0.0,0,0.01,Low
0,0,0.0,0,0.01,Low
0,0,0.0,0,0.006666666666666667,Low
0,0,0.0,0,0.013333333333333334,Low
0,0,0.0,0,0.01,Low
0,0,0.0,0,0.01,Low
0,0,0.0,0,0.006666666666666667,Low
0,0,0.0,0,0.01,Low
0,0,0.0,0,0.03,Low
0,0,0.0033333333333333335,0,0.01,Low
0,0,0.0,0,0.0033333333333333335,Low
0,0,0.0,0,0.0033333333333333335,Low
0,0,0.0,0,0.0,Low
0,0,0.0,0,0.0033333333333333335,Low
0,0,0.0,0,0.006666666666666667,Low
0,0,0.0,0,0.013333333333333334,Low
0,0,0.0,0,0.0,Low
0,0,0.0,0,0.0,Low
0,0,0.0,0,0.0,Low
0,0,0.006666666666666667,0,0.006666666666666667,Low
0,0,0.0,0,0.006666666666666667,Low
0,0,0.0,0,0.0,Low
0,0,0.0033333333333333335,0,0.0,Low
0,0,0.0033333333333333335,0,0.0033333333333333335,Low
0,0,0.0,0,0.006666666666666667,Low
0,0,0.0,0,0.0,Low
0,0,0.0033333333333333335,0,0.0,Low
0,0,0.0,0,0.0033333333333333335,Low
0,0,0.0,0,0.0,Low
0,0,0.0,0,0.0,Low
0,0,0.0,0,0.006666666666666667,Low
0,0,0.0033333333333333335,0,0.01,Low
0,0,0.0033333333333333335,0,0.006666666666666667,Low
0,0,0.0,0,0.0033333333333333335,Low
0,0,0.0,0,0.0033333333333333335,Low
0,0,0.0033333333333333335,0,0.0,Low
0,0,0.0,0,0.01,Low
0,0,0.0,0,0.006666666666666667,Low
0,0,0.0,0,0.016666666666666666,Low
0,0,0.0,0,0.01,Low
0,0,0.006666666666666667,0,0.03333333333333333,Low
0,0,0.0,0,0.02,Low
0,0,0.0,0,0.0,Low
0,0,0.0,0,0.0033333333333333335,Low
0,0,0.0,0,0.006666666666666667,Low
0,0,0.0,0,0.006666666666666667,Low
0,0,0.0,0,0.006666666666666667,Low
0,0,0.0,0,0.013333333333333334,Low
0,0,0.0033333333333333335,0,0.13,Low
0,0,0.0,0,0.0,Low
0,0,0.0,0,0.0,Low
0,0,0.0033333333333333335,0,0.016666666666666666,Low
0,0,0.0,0,0.0,Low
0,0,0.0,0,0.0,Low
0,0,0.0,0,0.01,Low
0,0,0.0,0,0.006666666666666667,Low
0,0,0.0,0,0.0,Low
0,0,0.0,0,0.0033333333333333335,Low
0,0,0.0,0,0.023333333333333334,Low
0,0,0.0,0,0.02,Low
0,0,0.0,0,0.006666666666666667,Low
0,0,0.0,0,0.01,Low
0,0,0.0,0,0.013333333333333334,Low
0,0,0.0,0,0.006666666666666667,Low
0,0,0.0,0,0.006666666666666667,Low
0,0,0.0,0,0.0,Low
0,0,0.0,0,0.013333333333333334,Low
0,0,0.0,0,0.01,Low
0,0,0.0,0,0.006666666666666667,Low
0,0,0.0,0,0.006666666666666667,Low
0,0,0.0,0,0.01,Low
0,0,0.0,0,0.01,Low
0,0,0.0,0,0.006666666666666667,Low
0,0,0.0,0,0.0,Low
0,0,0.0,0,0.01,Low
0,0,0.0,0,0.01,Low
0,0,0.0,0,0.01,Low
0,0,0.0,0,0.01,Low
0,0,0.0,0,0.013333333333333334,Low
0,0,0.0,0,0.01,Low
0,0,0.0,0,0.01,Low
0,0,0.0,0,0.006666666666666667,Low
0,0,0.0,0,0.0,Low
0,0,0.0,0,0.006666666666666667,Low
0,0,0.0,0,0.0033333333333333335,Low
0,0,0.0,0,0.0033333333333333335,Low
0,0,0.0,0,0.013333333333333334,Low
0,0,0.0,0,0.013333333333333334,Low
0,0,0.0,0,0.01,Low
0,0,0.0,0,0.0,Low
0,0,0.0,0,0.013333333333333334,Low
0,0,0.0,0,0.04,Low
0,0,0.0,0,0.013333333333333334,Low
0,0,0.0,0,0.006666666666666667,Low
0,0,0.0,0,0.01,Low
0,0,0.0,0,0.01,Low
0,0,0.0,0,0.016666666666666666,Low
0,0,0.0,0,0.013333333333333334,Low
0,0,0.0,0,0.013333333333333334,Low
0,0,0.0,0,0.013333333333333334,Low
0,0,0.0,0,0.006666666666666667,Low
0,0,0.0,0,0.01,Low
0,0,0.0033333333333333335,0,0.006666666666666667,Low
0,0,0.0,0,0.01,Low
0,0,0.0,0,0.01,Low
0,0,0.0,0,0.01,Low
0,0,0.0,0,0.013333333333333334,Low
0,0,0.0,0,0.0033333333333333335,Low
0,0,0.0,0,0.01,Low
0,0,0.0033333333333333335,0,0.013333333333333334,Low
0,0,0.0,0,0.016666666666666666,Low
0,0,0.0,0,0.016666666666666666,Low
0,0,0.0,0,0.01,Low
0,0,0.0,0,0.01,Low
0,0,0.0,0,0.013333333333333334,Low
0,0,0.0,0,0.006666666666666667,Low
0,0,0.0,0,0.013333333333333334,Low
0,0,0.0,0,0.0033333333333333335,Low
0,0,0.0,0,0.013333333333333334,Low
0,0,0.0033333333333333335,0,0.006666666666666667,Low
0,0,0.0,0,0.006666666666666667,Low
0,0,0.0033333333333333335,0,0.0033333333333333335,Low
0,0,0.0,0,0.01,Low
0,0,0.0033333333333333335,0,0.01,Low
0,0,0.0,0,0.006666666666666667,Low
0,0,0.0,0,0.013333333333333334,Low
0,0,0.0033333333333333335,0,0.07333333333333333,Low
0,0,0.0,0,0.0,Low
0,0,0.0,0,0.0,Low
0,0,0.0,0,0.0033333333333333335,Low
0,0,0.0,0,0.0033333333333333335,Low
0,0,0.0,0,0.0033333333333333335,Low
0,0,0.0,0,0.0033333333333333335,Low
0,0,0.0,0,0.0,Low
0,0,0.0,0,0.0,Low
0,0,0.0,0,0.0,Low
0,0,0.0,0,0.013333333333333334,Low
0,0,0.0033333333333333335,0,0.16666666666666666,Low
0,0,0.0,0,0.0033333333333333335,Low
0,0,0.0033333333333333335,0,0.056666666666666664,Low
0,0,0.0033333333333333335,0,0.03333333333333333,Low
0,0,0.0033333333333333335,0,0.0033333333333333335,Low
0,0,0.0,0,0.0033333333333333335,Low
0,0,0.0,0,0.0,Low
0,0,0.0,0,0.0,Low
0,0,0.0,0,0.0,Low
0,0,0.0,0,0.0,Low
0,0,0.0,0,0.0033333333333333335,Low
0,0,0.0,0,0.013333333333333334,Low
0,0,0.0,0,0.0033333333333333335,Low
0,0,0.0,0,0.0,Low
0,0,0.0,0,0.0,Low
0,0,0.0,0,0.01,Low
0,0,0.006666666666666667,0,0.0033333333333333335,Low
0,0,0.0,0,0.0033333333333333335,Low
0,0,0.0,0,0.013333333333333334,Low
0,0,0.0033333333333333335,0,0.07,Low
0,0,0.0,0,0.006666666666666667,Low
0,0,0.0,0,0.0033333333333333335,Low
0,0,0.0,0,0.0033333333333333335,Low
0,0,0.0,0,0.006666666666666667,Low
0,0,0.0,0,0.0033333333333333335,Low
0,0,0.0,0,0.013333333333333334,Low
0,0,0.0033333333333333335,0,0.013333333333333334,Low
0,0,0.0,0,0.006666666666666667,Low
0,0,0.0,0,0.0,Low
0,0,0.0,0,0.006666666666666667,Low
0,0,0.0,0,0.0033333333333333335,Low
0,0,0.0,0,0.0,Low
0,0,0.0,0,0.0033333333333333335,Low
0,0,0.0033333333333333335,0,0.016666666666666666,Low
0,0,0.0,0,0.016666666666666666,Low
0,0,0.0,0,0.0033333333333333335,Low
0,0,0.0033333333333333335,0,0.01,Low
0,0,0.0,0,0.0,Low
0,0,0.0,0,0.0,Low
0,0,0.0,0,0.01,Low
0,0,0.0,0,0.02666666666666667,Low
0,0,0.0,0,0.05,Low
0,0,0.016666666666666666,0,0.023333333333333334,Low
0,0,0.0,0,0.0,Low
0,0,0.0,0,0.013333333333333334,Low
0,0,0.0,0,0.013333333333333334,Low
0,0,0.0,0,0.013333333333333334,Low
0,0,0.0,0,0.0,Low
0,0,0.0,0,0.01,Low
0,0,0.0033333333333333335,0,0.01,Low
0,0,0.0033333333333333335,0,0.01,Low
0,0,0.0,0,0.01,Low
0,0,0.0033333333333333335,0,0.013333333333333334,Low
0,0,0.0,0,0.016666666666666666,Low
0,0,0.0,0,0.013333333333333334,Low
0,0,0.0,0,0.01,Low
0,0,0.0,0,0.01,Low
0,0,0.0,0,0.01,Low
0,0,0.0,0,0.01,Low
0,0,0.0,0,0.016666666666666666,Low
0,0,0.0,0,0.01,Low
0,0,0.0,0,0.01,Low
0,0,0.0033333333333333335,0,0.01,Low
0,0,0.0,0,0.01,Low
0,0,0.0,0,0.01,Low
0,0,0.0,0,0.01,Low
0,0,0.0,0,0.01,Low
0,0,0.0,0,0.01,Low
0,0,0.0,0,0.01,Low
0,0,0.0,0,0.01,Low
0,0,0.0,0,0.01,Low
0,0,0.0,0,0.013333333333333334,Low
0,0,0.0,0,0.013333333333333334,Low
0,0,0.0,0,0.01,Low
0,0,0.0,0,0.013333333333333334,Low
0,0,0.0,0,0.013333333333333334,Low
0,0,0.0,0,0.013333333333333334,Low
0,0,0.0,0,0.01,Low
0,0,0.0,0,0.013333333333333334,Low
0,0,0.0033333333333333335,0,0.01,Low
0,0,0.0033333333333333335,0,0.01,Low
0,0,0.0033333333333333335,0,0.023333333333333334,Low
0,0,0.006666666666666667,0,0.006666666666666667,Low
0,0,0.006666666666666667,0,0.01,Low
0,0,0.0033333333333333335,0,0.006666666666666667,Low
0,0,0.0,0,0.013333333333333334,Low
0,0,0.0033333333333333335,0,0.006666666666666667,Low
0,0,0.006666666666666667,0,0.006666666666666667,Low
0,0,0.0,0,0.01,Low
0,0,0.0,0,0.01,Low
0,0,0.0,0,0.013333333333333334,Low
0,0,0.0,0,0.013333333333333334,Low
0,0,0.0,0,0.01,Low
0,0,0.0,0,0.01,Low
0,0,0.0,0,0.01,Low
0,0,0.0,0,0.01,Low
0,0,0.0,0,0.01,Low
0,0,0.0,0,0.01,Low
0,0,0.0,0,0.01,Low
0,0,0.0,0,0.01,Low
0,0,0.0,0,0.01,Low
0,0,0.0,0,0.01,Low
0,0,0.0,0,0.006666666666666667,Low
0,0,0.0,0,0.01,Low
0,0,0.0,0,0.006666666666666667,Low
0,0,0.0,0,0.01,Low
0,0,0.0,0,0.006666666666666667,Low
0,0,0.0,0,0.006666666666666667,Low
0,0,0.0,0,0.01,Low
0,0,0.0,0,0.016666666666666666,Low
0,0,0.0,0,0.006666666666666667,Low
0,0,0.0033333333333333335,0,0.01,Low
0,0,0.0033333333333333335,0,0.08666666666666667,Low
0,0,0.0,0,0.0033333333333333335,Low
0,0,0.0,0,0.0,Low
0,0,0.0,0,0.0033333333333333335,Low
0,0,0.0033333333333333335,0,0.0,Low
0,0,0.0,0,0.0,Low
0,0,0.0,0,0.0,Low
0,0,0.0,0,0.013333333333333334,Low
0,0,0.0,0,0.01,Low
0,0,0.0,0,0.01,Low
0,0,0.0,0,0.013333333333333334,Low
0,0,0.0033333333333333335,0,0.006666666666666667,Low
0,0,0.0,0,0.016666666666666666,Low
0,0,0.0,0,0.006666666666666667,Low
0,0,0.0,0,0.013333333333333334,Low
0,0,0.0,0,0.02,Low
0,0,0.0033333333333333335,0,0.01,Low
0,0,0.0,0,0.0033333333333333335,Low
0,0,0.0,0,0.01,Low
0,0,0.0,0,0.01,Low
0,0,0.0,0,0.0033333333333333335,Low
0,0,0.0,0,0.0,Low
0,0,0.0,0,0.006666666666666667,Low
0,0,0.0,0,0.023333333333333334,Low
0,0,0.0,0,0.0,Low
0,0,0.0,0,0.0033333333333333335,Low
0,0,0.0,0,0.013333333333333334,Low
0,0,0.016666666666666666,0,0.03,Low
0,0,0.0033333333333333335,0,0.02666666666666667,Low
0,0,0.0,0,0.01,Low
0,0,0.0,0,0.016666666666666666,Low
0,0,0.0,0,0.016666666666666666,Low
0,0,0.0,0,0.01,Low
0,0,0.0,0,0.01,Low
0,0,0.0033333333333333335,0,0.006666666666666667,Low
0,0,0.0,0,0.01,Low
0,0,0.0,0,0.01,Low
0,0,0.0,0,0.01,Low
0,0,0.0,0,0.056666666666666664,Low
0,0,0.0033333333333333335,0,0.03333333333333333,Low
0,0,0.0,0,0.0033333333333333335,Low
0,0,0.0,0,0.0,Low
0,0,0.0,0,0.0,Low
0,0,0.0,0,0.0,Low
0,0,0.0,0,0.0,Low
0,0,0.0,0,0.0,Low
0,0,0.0033333333333333335,0,0.0033333333333333335,Low
0,0,0.0,0,0.0,Low
0,0,0.0,0,0.006666666666666667,Low
0,0,0.0,0,0.02,Low
0,0,0.0,0,0.02666666666666667,Low
0,0,0.0033333333333333335,0,0.08666666666666667,Low
0,0,0.0033333333333333335,0,0.02666666666666667,Low
0,0,0.0,0,0.02666666666666667,Low
0,0,0.0,0,0.016666666666666666,Low
0,0,0.0,0,0.013333333333333334,Low
0,0,0.0,0,0.01,Low
0,0,0.0,0,0.016666666666666666,Low
0,0,0.0033333333333333335,0,0.01,Low
0,0,0.0033333333333333335,0,0.006666666666666667,Low
0,0,0.0,0,0.0033333333333333335,Low
0,0,0.0033333333333333335,0,0.006666666666666667,Low
0,0,0.0033333333333333335,0,0.006666666666666667,Low
0,0,0.0,0,0.013333333333333334,Low
0,0,0.0,0,0.013333333333333334,Low
0,0,0.0,0,0.02,Low
0,0,0.0033333333333333335,0,0.12666666666666668,Low
0,0,0.0,0,0.01,Low
0,0,0.0,0,0.01,Low
0,0,0.0033333333333333335,0,0.08,Low
0,0,0.0033333333333333335,0,0.01,Low
0,0,0.0,0,0.01,Low
0,0,0.0033333333333333335,0,0.016666666666666666,Low
0,0,0.0,0,0.013333333333333334,Low
0,0,0.0,0,0.006666666666666667,Low
0,0,0.0,0,0.023333333333333334,Low
0,0,0.01,0,0.03,Low
0,0,0.006666666666666667,0,0.02666666666666667,Low
0,0,0.0,0,0.023333333333333334,Low
0,0,0.0,0,0.02666666666666667,Low
0,0,0.013333333333333334,0,0.03333333333333333,Low
0,0,0.006666666666666667,0,0.03,Low
0,0,0.0,0,0.013333333333333334,Low
0,0,0.0,0,0.013333333333333334,Low
0,0,0.013333333333333334,0,0.02666666666666667,Low
0,0,0.013333333333333334,0,0.01,Low
0,0,0.0,0,0.01,Low
0,0,0.0,0,0.013333333333333334,Low
0,0,0.006666666666666667,0,0.01,Low
0,0,0.0,0,0.016666666666666666,Low
0,0,0.0,0,0.01,Low
0,0,0.0,0,0.01,Low
0,0,0.0,0,0.013333333333333334,Low
0,0,0.0,0,0.01,Low
0,0,0.0,0,0.01,Low
0,0,0.0,0,0.01,Low
0,0,0.0033333333333333335,0,0.006666666666666667,Low
0,0,0.0033333333333333335,0,0.0033333333333333335,Low
0,0,0.0033333333333333335,0,0.0033333333333333335,Low
0,0,0.0033333333333333335,0,0.006666666666666667,Low
0,0,0.0,0,0.016666666666666666,Low
0,0,0.0033333333333333335,0,0.006666666666666667,Low
0,0,0.0033333333333333335,0,0.0033333333333333335,Low
0,0,0.0,0,0.013333333333333334,Low
0,0,0.0,0,0.013333333333333334,Low
0,0,0.0,0,0.01,Low
0,0,0.0,0,0.01,Low
0,0,0.0,0,0.013333333333333334,Low
0,0,0.0,0,0.013333333333333334,Low
0,0,0.0,0,0.0033333333333333335,Low
0,0,0.0,0,0.006666666666666667,Low
0,0,0.0033333333333333335,0,0.02,Low
0,0,0.13,0,0.11666666666666667,Low
0,0,0.0,0,0.0,Low
0,0,0.0,0,0.0,Low
0,0,0.0,0,0.0,Low
0,0,0.01,0,0.0033333333333333335,Low
0,0,0.0,0,0.0,Low
0,0,0.006666666666666667,0,0.0033333333333333335,Low
0,0,0.0,0,0.0,Low
0,0,0.0,0,0.0,Low
0,0,0.0,0,0.0033333333333333335,Low
0,0,0.0033333333333333335,0,0.0,Low
0,0,0.0033333333333333335,0,0.01,Low
0,0,0.15666666666666668,0,0.23,Low
0,0,0.006666666666666667,0,0.006666666666666667,Low
0,0,0.006666666666666667,0,0.02,Low
0,0,0.0,0,0.006666666666666667,Low
0,0,0.0,0,0.013333333333333334,Low
0,0,0.006666666666666667,0,0.02,Low
0,0,0.01,0,0.006666666666666667,Low
0,0,0.006666666666666667,0,0.01,Low
0,0,0.01,0,0.023333333333333334,Low
0,0,0.01,0,0.02,Low
0,0,0.0,0,0.006666666666666667,Low
0,0,0.0033333333333333335,0,0.0033333333333333335,Low
0,0,0.0033333333333333335,0,0.0033333333333333335,Low
0,0,0.0033333333333333335,0,0.01,Low
0,0,0.0033333333333333335,0,0.013333333333333334,Low
0,0,0.0033333333333333335,0,0.02,Low
0,0,0.006666666666666667,0,0.0,Low
0,0,0.0,0,0.0,Low
0,0,0.0,0,0.0,Low
0,0,0.0033333333333333335,0,0.0,Low
0,0,0.0,0,0.0,Low
0,0,0.0,0,0.0,Low
0,0,0.0033333333333333335,0,0.0033333333333333335,Low
0,0,0.0,0,0.0,Low
0,0,0.0,0,0.0,Low
0,0,0.0,0,0.0033333333333333335,Low
0,0,0.0,0,0.0,Low
0,0,0.0,0,0.0,Low
0,0,0.0033333333333333335,0,0.0033333333333333335,Low
0,0,0.0,0,0.006666666666666667,Low
0,0,0.0,0,0.006666666666666667,Low
0,0,0.0033333333333333335,0,0.006666666666666667,Low
0,0,0.0,0,0.0033333333333333335,Low
0,0,0.0,0,0.01,Low
0,0,0.0,0,0.0033333333333333335,Low
0,0,0.0,0,0.0,Low
0,0,0.0,0,0.0,Low
0,0,0.0,0,0.0033333333333333335,Low
0,0,0.0,0,0.0033333333333333335,Low
0,0,0.0,0,0.006666666666666667,Low
0,0,0.0,0,0.0033333333333333335,Low
0,0,0.0033333333333333335,0,0.0033333333333333335,Low
0,0,0.0,0,0.006666666666666667,Low
0,0,0.0,0,0.006666666666666667,Low
0,0,0.0033333333333333335,0,0.013333333333333334,Low
0,0,0.0,0,0.0033333333333333335,Low
0,0,0.0,0,0.0,Low
0,0,0.0,0,0.0,Low
0,0,0.0,0,0.043333333333333335,Low
0,0,0.0,0,0.023333333333333334,Low
0,0,0.0,0,0.0,Low
0,0,0.0033333333333333335,0,0.0,Low
0,0,0.0,0,0.01,Low
0,0,0.0,0,0.01,Low
0,0,0.0033333333333333335,0,0.0033333333333333335,Low
0,0,0.0,0,0.0,Low
0,0,0.0,0,0.0,Low
0,0,0.0,0,0.0,Low
0,0,0.0,0,0.0033333333333333335,Low
0,0,0.0,0,0.0,Low
0,0,0.0,0,0.01,Low
0,0,0.0,0,0.0033333333333333335,Low
0,0,0.0,0,0.0033333333333333335,Low
0,0,0.0033333333333333335,0,0.006666666666666667,Low
0,0,0.0033333333333333335,0,0.02666666666666667,Low
0,0,0.0,0,0.03,Low
0,0,0.0,0,0.006666666666666667,Low
0,0,0.0033333333333333335,0,0.006666666666666667,Low
0,0,0.0,0,0.013333333333333334,Low
0,0,0.0,0,0.01,Low
0,0,0.0,0,0.01,Low
0,0,0.0,0,0.016666666666666666,Low
0,0,0.0,0,0.02,Low
0,0,0.0,0,0.013333333333333334,Low
0,0,0.0,0,0.01,Low
0,0,0.0,0,0.01,Low
0,0,0.0033333333333333335,0,0.01,Low
0,0,0.0033333333333333335,0,0.006666666666666667,Low
0,0,0.0,0,0.006666666666666667,Low
0,0,0.0033333333333333335,0,0.01,Low
0,0,0.0,0,0.006666666666666667,Low
0,0,0.0,0,0.013333333333333334,Low
0,0,0.0,0,0.02,Low
0,0,0.0,0,0.023333333333333334,Low
0,0,0.0,0,0.023333333333333334,Low
0,0,0.0,0,0.02,Low
0,0,0.0,0,0.01,Low
0,0,0.0033333333333333335,0,0.11333333333333333,Low
0,0,0.0033333333333333335,0,0.006666666666666667,Low
0,0,0.0033333333333333335,0,0.006666666666666667,Low
0,0,0.0,0,0.0,Low
0,0,0.0,0,0.0,Low
0,0,0.0,0,0.0,Low
0,0,0.0,0,0.0033333333333333335,Low
0,0,0.0,0,0.0,Low
0,0,0.0,0,0.006666666666666667,Low
0,0,0.0,0,0.013333333333333334,Low
0,0,0.0,0,0.0033333333333333335,Low
0,0,0.0,0,0.0,Low
0,0,0.0,0,0.0,Low
0,0,0.0033333333333333335,0,0.0033333333333333335,Low
0,0,0.0,0,0.0033333333333333335,Low
0,0,0.0,0,0.0,Low
0,0,0.0,0,0.0033333333333333335,Low
0,0,0.0,0,0.0033333333333333335,Low
0,0,0.0,0,0.0,Low
0,0,0.0033333333333333335,0,0.0,Low
0,0,0.0,0,0.0033333333333333335,Low
0,0,0.0,0,0.0,Low
0,0,0.0,0,0.0,Low
0,0,0.0,0,0.0,Low
0,0,0.0033333333333333335,0,0.0,Low
0,0,0.0,0,0.0,Low
0,0,0.0,0,0.01,Low
0,0,0.0,0,0.0,Low
0,0,0.0,0,0.0,Low
0,0,0.006666666666666667,0,0.0,Low
0,0,0.0033333333333333335,0,0.0033333333333333335,Low
0,0,0.0,0,0.0,Low
0,0,0.0,0,0.0033333333333333335,Low
0,0,0.0,0,0.006666666666666667,Low
0,0,0.0,0,0.0,Low
0,0,0.0,0,0.0,Low
0,0,0.0,0,0.0033333333333333335,Low
0,0,0.0,0,0.0033333333333333335,Low
0,0,0.0,0,0.0,Low
0,0,0.0,0,0.0,Low
0,0,0.0,0,0.0,Low
0,0,0.0,0,0.0033333333333333335,Low
0,0,0.0033333333333333335,0,0.006666666666666667,Low
0,0,0.0,0,0.0033333333333333335,Low
0,0,0.0033333333333333335,0,0.22333333333333333,Low
0,0,0.0,0,0.0033333333333333335,Low
0,0,0.0,0,0.023333333333333334,Low
0,0,0.0,0,0.0,Low
0,0,0.0,0,0.0033333333333333335,Low
0,0,0.0,0,0.0,Low
0,0,0.0033333333333333335,0,0.0,Low
0,0,0.0,0,0.0,Low
0,0,0.0,0,0.0,Low
0,0,0.0,0,0.0,Low
0,0,0.0033333333333333335,0,0.0033333333333333335,Low
0,0,0.0,0,0.0,Low
0,0,0.0,0,0.013333333333333334,Low
0,0,0.0,0,0.0,Low
0,0,0.0,0,0.0033333333333333335,Low
0,0,0.0033333333333333335,0,0.01,Low
0,0,0.0,0,0.006666666666666667,Low
0,0,0.0,0,0.0,Low
0,0,0.0033333333333333335,0,0.013333333333333334,Low
0,0,0.0033333333333333335,0,0.0,Low
0,0,0.0,0,0.0033333333333333335,Low
0,0,0.0,0,0.0,Low
0,0,0.0,0,0.006666666666666667,Low
0,0,0.0,0,0.0033333333333333335,Low
0,0,0.0,0,0.006666666666666667,Low
0,0,0.0,0,0.0033333333333333335,Low
0,0,0.0,0,0.01,Low
0,0,0.16333333333333333,0,0.14,Low
0,0,0.0033333333333333335,0,0.0033333333333333335,Low
0,0,0.0,0,0.0033333333333333335,Low
0,0,0.0,0,0.0,Low
0,0,0.0,0,0.0,Low
0,0,0.0,0,0.0033333333333333335,Low
0,0,0.01,0,0.0,Low
0,0,0.0,0,0.0033333333333333335,Low
0,0,0.0,0,0.0,Low
0,0,0.0033333333333333335,0,0.006666666666666667,Low
0,0,0.0,0,0.0033333333333333335,Low
0,0,0.0,0,0.0,Low
0,0,0.0,0,0.0,Low
0,0,0.0,0,0.0,Low
0,0,0.0,0,0.0,Low
0,0,0.0,0,0.0,Low
0,0,0.0,0,0.0,Low
0,0,0.0,0,0.0033333333333333335,Low
0,0,0.0,0,0.0,Low
0,0,0.0,0,0.03333333333333333,Low
0,0,0.0,0,0.0,Low
0,0,0.0,0,0.0,Low
0,0,0.0,0,0.0,Low
0,0,0.0033333333333333335,0,0.13333333333333333,Low
0,0,0.0,0,0.02666666666666667,Low
0,0,0.0,0,0.0,Low
0,0,0.0,0,0.0033333333333333335,Low
0,0,0.0,0,0.0033333333333333335,Low
0,0,0.0,0,0.013333333333333334,Low
0,0,0.0,0,0.01,Low
0,0,0.0,0,0.01,Low
0,0,0.0,0,0.013333333333333334,Low
0,0,0.0,0,0.006666666666666667,Low
0,0,0.0,0,0.006666666666666667,Low
0,0,0.0,0,0.006666666666666667,Low
0,0,0.0,0,0.01,Low
0,0,0.0033333333333333335,0,0.13666666666666666,Low
0,0,0.0,0,0.006666666666666667,Low
0,0,0.0033333333333333335,0,0.01,Low
0,0,0.0,0,0.0033333333333333335,Low
0,0,0.0,0,0.006666666666666667,Low
0,0,0.0,0,0.0033333333333333335,Low
0,0,0.0,0,0.01,Low
0,0,0.0,0,0.01,Low
0,0,0.0,0,0.006666666666666667,Low
0,0,0.0,0,0.006666666666666667,Low
0,0,0.0,0,0.0033333333333333335,Low
0,0,0.0,0,0.0,Low
0,0,0.0,0,0.0033333333333333335,Low
0,0,0.0,0,0.0,Low
0,0,0.0033333333333333335,0,0.05333333333333334,Low
0,0,0.0,0,0.01,Low
0,0,0.0,0,0.006666666666666667,Low
0,0,0.0,0,0.0,Low
0,0,0.0,0,0.0,Low
0,0,0.0,0,0.0,Low
0,0,0.0033333333333333335,0,0.0033333333333333335,Low
0,0,0.0,0,0.0033333333333333335,Low
0,0,0.0,0,0.0,Low
0,0,0.0,0,0.0033333333333333335,Low
0,0,0.0,0,0.0,Low
0,0,0.0,0,0.0033333333333333335,Low
0,0,0.0,0,0.006666666666666667,Low
0,0,0.0,0,0.01,Low
0,0,0.0033333333333333335,0,0.006666666666666667,Low
0,0,0.0,0,0.01,Low
0,0,0.0033333333333333335,0,0.01,Low
0,0,0.0,0,0.006666666666666667,Low
0,0,0.006666666666666667,0,0.01,Low
0,0,0.0,0,0.013333333333333334,Low
0,0,0.0,0,0.013333333333333334,Low
0,0,0.0,0,0.01,Low
0,0,0.0,0,0.006666666666666667,Low
0,0,0.0,0,0.013333333333333334,Low
0,0,0.0,0,0.016666666666666666,Low
0,0,0.0,0,0.006666666666666667,Low
0,0,0.0,0,0.006666666666666667,Low
0,0,0.0033333333333333335,0,0.09333333333333334,Low
0,0,0.0,0,0.01,Low
0,0,0.0,0,0.0033333333333333335,Low
0,0,0.0,0,0.01,Low
0,0,0.0,0,0.006666666666666667,Low
0,0,0.0,0,0.0,Low
0,0,0.0,0,0.013333333333333334,Low
0,0,0.0,0,0.006666666666666667,Low
0,0,0.0,0,0.0,Low
0,0,0.0,0,0.0033333333333333335,Low
0,0,0.0,0,0.0033333333333333335,Low
0,0,0.0,0,0.0,Low
0,0,0.0,0,0.0033333333333333335,Low
0,0,0.0,0,0.006666666666666667,Low
0,0,0.0,0,0.013333333333333334,Low
0,0,0.0,0,0.01,Low
0,0,0.0,0,0.0,Low
0,0,0.0,0,0.006666666666666667,Low
0,0,0.0,0,0.0033333333333333335,Low
0,0,0.0,0,0.0,Low
0,0,0.0033333333333333335,0,0.0,Low
0,0,0.0,0,0.0033333333333333335,Low
0,0,0.0,0,0.013333333333333334,Low
0,0,0.0,0,0.0033333333333333335,Low
0,0,0.013333333333333334,0,0.006666666666666667,Low
0,0,0.0033333333333333335,0,0.0033333333333333335,Low
0,0,0.01,0,0.006666666666666667,Low
0,0,0.0,0,0.013333333333333334,Low
0,0,0.0,0,0.01,Low
0,0,0.0,0,0.01,Low
0,0,0.006666666666666667,0,0.25,Low
0,0,0.0,0,0.023333333333333334,Low
0,0,0.0,0,0.0033333333333333335,Low
0,0,0.0,0,0.01,Low
0,0,0.0,0,0.006666666666666667,Low
0,0,0.0,0,0.006666666666666667,Low
0,0,0.0,0,0.02,Low
0,0,0.0,0,0.006666666666666667,Low
0,0,0.0033333333333333335,0,0.01,Low
0,0,0.006666666666666667,0,0.02,Low
0,0,0.0,0,0.03,Low
0,0,0.0,0,0.0033333333333333335,Low
0,0,0.0033333333333333335,0,0.02666666666666667,Low
0,0,0.0033333333333333335,0,0.01,Low
0,0,0.0,0,0.01,Low
0,0,0.0033333333333333335,0,0.02,Low
0,0,0.0,0,0.01,Low
0,0,0.0033333333333333335,0,0.006666666666666667,Low
0,0,0.0,0,0.023333333333333334,Low
0,0,0.0,0,0.013333333333333334,Low
0,0,0.0033333333333333335,0,0.006666666666666667,Low
0,0,0.0,0,0.01,Low
0,0,0.0033333333333333335,0,0.01,Low
0,0,0.0,0,0.01,Low
0,0,0.0,0,0.01,Low
0,0,0.0,0,0.013333333333333334,Low
0,0,0.0,0,0.013333333333333334,Low
0,0,0.0,0,0.01,Low
0,0,0.0,0,0.01,Low
0,0,0.0033333333333333335,0,0.01,Low
0,0,0.0,0,0.006666666666666667,Low
0,0,0.0,0,0.013333333333333334,Low
0,0,0.0,0,0.01,Low
0,0,0.0,0,0.01,Low
0,0,0.0,0,0.0,Low
0,0,0.0,0,0.0,Low
0,0,0.0033333333333333335,0,0.0,Low
0,0,0.0033333333333333335,0,0.013333333333333334,Low
0,0,0.0,0,0.0033333333333333335,Low
0,0,0.0033333333333333335,0,0.0033333333333333335,Low
0,0,0.0,0,0.0,Low
0,0,0.0,0,0.006666666666666667,Low
0,0,0.0,0,0.0033333333333333335,Low
0,0,0.0,0,0.0033333333333333335,Low
0,0,0.0,0,0.0,Low
0,0,0.0,0,0.01,Low
0,0,0.0,0,0.0,Low
0,0,0.0,0,0.0,Low
0,0,0.006666666666666667,0,0.11333333333333333,Low
0,0,0.0,0,0.0033333333333333335,Low
0,0,0.0,0,0.0,Low
0,0,0.0,0,0.0033333333333333335,Low
0,0,0.0,0,0.0,Low
0,0,0.0,0,0.0,Low
0,0,0.0,0,0.0,Low
0,0,0.0,0,0.0033333333333333335,Low
0,0,0.006666666666666667,0,0.013333333333333334,Low
0,0,0.0,0,0.0,Low
0,0,0.0,0,0.0,Low
0,0,0.0,0,0.0,Low
0,0,0.0033333333333333335,0,0.0,Low
0,0,0.0,0,0.0,Low
0,0,0.0,0,0.0,Low
0,0,0.0,0,0.0,Low
0,0,0.0,0,0.0,Low
0,0,0.0,0,0.0,Low
0,0,0.0,0,0.0,Low
0,0,0.0,0,0.0,Low
0,0,0.0033333333333333335,0,0.0,Low
0,0,0.0,0,0.0,Low
0,0,0.0,0,0.0,Low
0,0,0.006666666666666667,0,0.0033333333333333335,Low
0,0,0.0033333333333333335,0,0.01,Low
0,0,0.0,0,0.0033333333333333335,Low
0,0,0.0033333333333333335,0,0.0033333333333333335,Low
0,0,0.0,0,0.0033333333333333335,Low
0,0,0.0,0,0.0,Low
0,0,0.0,0,0.0,Low
0,0,0.0,0,0.016666666666666666,Low
0,0,0.03,0,0.3233333333333333,Low
0,0,0.0,0,0.04666666666666667,Low
0,0,0.0,0,0.013333333333333334,Low
0,0,0.0,0,0.006666666666666667,Low
0,0,0.006666666666666667,0,0.016666666666666666,Low
0,0,0.0,0,0.0,Low
0,0,0.0,0,0.0033333333333333335,Low
0,0,0.0,0,0.006666666666666667,Low
0,0,0.0,0,0.0033333333333333335,Low
0,0,0.01,0,0.016666666666666666,Low
0,0,0.39666666666666667,1,0.6966666666666667,High
0,0,0.0033333333333333335,0,0.0033333333333333335,Low
0,0,0.0033333333333333335,0,0.006666666666666667,Low
0,0,0.0,0,0.023333333333333334,Low
0,0,0.0,0,0.006666666666666667,Low
0,0,0.19666666666666666,0,0.20666666666666667,Low
0,0,0.0,0,0.01,Low
0,0,0.0033333333333333335,0,0.01,Low
0,0,0.0,0,0.01,Low
0,0,0.0,0,0.01,Low
0,0,0.0033333333333333335,0,0.28,Low
0,0,0.013333333333333334,0,0.043333333333333335,Low
0,0,0.23,1,0.7666666666666667,High
0,0,0.0033333333333333335,0,0.01,Low
0,0,0.01,0,0.016666666666666666,Low
0,0,0.0,0,0.01,Low
0,0,0.0033333333333333335,0,0.013333333333333334,Low
0,0,0.0033333333333333335,0,0.0033333333333333335,Low
0,0,0.0,0,0.006666666666666667,Low
0,0,0.0,0,0.01,Low
0,0,0.0033333333333333335,0,0.03333333333333333,Low
0,0,0.0033333333333333335,0,0.0033333333333333335,Low
0,0,0.0033333333333333335,0,0.0033333333333333335,Low
0,0,0.0,0,0.0,Low
0,0,0.006666666666666667,0,0.0,Low
0,0,0.0,0,0.0033333333333333335,Low
0,0,0.0,0,0.0033333333333333335,Low
0,0,0.0,0,0.0,Low
0,0,0.006666666666666667,0,0.03333333333333333,Low
0,0,0.016666666666666666,0,0.03,Low
0,0,0.01,0,0.03666666666666667,Low
0,0,0.023333333333333334,0,0.04666666666666667,Low
0,0,0.01,0,0.02666666666666667,Low
0,0,0.006666666666666667,0,0.016666666666666666,Low
0,0,0.0033333333333333335,0,0.006666666666666667,Low
0,0,0.0033333333333333335,0,0.006666666666666667,Low
0,0,0.0033333333333333335,0,0.0033333333333333335,Low
0,0,0.0033333333333333335,0,0.01,Low
0,0,0.0,0,0.013333333333333334,Low
0,0,0.0,0,0.01,Low
0,0,0.0,0,0.006666666666666667,Low
0,0,0.0033333333333333335,0,0.0033333333333333335,Low
0,0,0.0,0,0.01,Low
0,0,0.0,0,0.01,Low
0,0,0.0,0,0.01,Low
0,0,0.0,0,0.006666666666666667,Low
0,0,0.07,0,0.27666666666666667,Low
0,0,0.0,0,0.006666666666666667,Low
0,0,0.006666666666666667,0,0.016666666666666666,Low
0,0,0.01,0,0.07333333333333333,Low
0,0,0.0033333333333333335,0,0.02,Low
0,0,0.0,0,0.01,Low
0,0,0.0033333333333333335,0,0.03333333333333333,Low
0,0,0.0,0,0.006666666666666667,Low
0,0,0.0,0,0.006666666666666667,Low
0,0,0.006666666666666667,0,0.05,Low
0,0,0.0033333333333333335,0,0.006666666666666667,Low
0,0,0.0,0,0.0,Low
0,0,0.01,0,0.04666666666666667,Low
0,0,0.0,0,0.07333333333333333,Low
0,0,0.0,0,0.0033333333333333335,Low
0,0,0.0033333333333333335,0,0.03666666666666667,Low
0,0,0.0,0,0.006666666666666667,Low
0,0,0.0,0,0.0,Low
0,0,0.0,0,0.01,Low
0,0,0.0,0,0.0,Low
0,0,0.0033333333333333335,0,0.0033333333333333335,Low
0,0,0.0033333333333333335,0,0.0033333333333333335,Low
0,0,0.0033333333333333335,0,0.0,Low
0,0,0.0,0,0.0,Low
0,0,0.0033333333333333335,0,0.006666666666666667,Low
0,0,0.0,0,0.0,Low
0,0,0.0,0,0.0,Low
0,0,0.0,0,0.006666666666666667,Low
0,0,0.0033333333333333335,0,0.056666666666666664,Low
0,0,0.0,0,0.016666666666666666,Low
0,0,0.0,0,0.0033333333333333335,Low
0,0,0.0,0,0.0,Low
0,0,0.0033333333333333335,0,0.016666666666666666,Low
0,0,0.0,0,0.0,Low
0,0,0.0,0,0.0,Low
0,0,0.0,0,0.0,Low
0,0,0.0033333333333333335,0,0.08666666666666667,Low
0,0,0.0033333333333333335,0,0.0033333333333333335,Low
0,0,0.0,0,0.013333333333333334,Low
0,0,0.0,0,0.0033333333333333335,Low
0,0,0.0,0,0.0033333333333333335,Low
0,0,0.0,0,0.0,Low
0,0,0.0,0,0.0,Low
0,0,0.0,0,0.0,Low
0,0,0.0,0,0.0,Low
0,0,0.0,0,0.0033333333333333335,Low
0,0,0.006666666666666667,0,0.013333333333333334,Low
0,0,0.0,0,0.0,Low
0,0,0.0,0,0.0,Low
0,0,0.0,0,0.006666666666666667,Low
0,0,0.0,0,0.0033333333333333335,Low
0,0,0.0,0,0.0,Low
0,0,0.0,0,0.0033333333333333335,Low
0,0,0.0,0,0.0033333333333333335,Low
0,0,0.0,0,0.006666666666666667,Low
0,0,0.0,0,0.0,Low
0,0,0.0,0,0.0033333333333333335,Low
0,0,0.0,0,0.006666666666666667,Low
0,0,0.0033333333333333335,0,0.0033333333333333335,Low
0,0,0.0,0,0.0033333333333333335,Low
0,0,0.0,0,0.0,Low
0,0,0.0033333333333333335,0,0.0,Low
0,0,0.006666666666666667,0,0.0033333333333333335,Low
0,0,0.0033333333333333335,0,0.006666666666666667,Low
0,0,0.0,0,0.0033333333333333335,Low
0,0,0.0,0,0.0,Low
0,0,0.0,0,0.0,Low
0,0,0.006666666666666667,0,0.006666666666666667,Low
0,0,0.0,0,0.0,Low
0,0,0.0,0,0.0,Low
0,0,0.0033333333333333335,0,0.006666666666666667,Low
0,0,0.0,0,0.006666666666666667,Low
0,0,0.0033333333333333335,0,0.0,Low
0,0,0.0,0,0.0033333333333333335,Low
0,0,0.0033333333333333335,0,0.0,Low
0,0,0.0033333333333333335,0,0.0,Low
0,0,0.0,0,0.006666666666666667,Low
0,0,0.0,0,0.0033333333333333335,Low
0,0,0.0,0,0.0,Low
0,0,0.0,0,0.0,Low
0,0,0.0,0,0.0033333333333333335,Low
0,0,0.0,0,0.0033333333333333335,Low
0,0,0.0,0,0.006666666666666667,Low
0,0,0.0,0,0.0033333333333333335,Low
0,0,0.0,0,0.0033333333333333335,Low
0,0,0.0,0,0.0,Low
0,0,0.0,0,0.006666666666666667,Low
0,0,0.0,0,0.0,Low
0,0,0.0,0,0.0033333333333333335,Low
0,0,0.0,0,0.0033333333333333335,Low
0,0,0.0,0,0.0033333333333333335,Low
0,0,0.0,0,0.0033333333333333335,Low
0,0,0.0,0,0.006666666666666667,Low
0,0,0.0,0,0.0,Low
0,0,0.0,0,0.006666666666666667,Low
0,0,0.0,0,0.0,Low
0,0,0.0,0,0.0033333333333333335,Low
0,0,0.0,0,0.0,Low
0,0,0.0,0,0.0,Low
0,0,0.0,0,0.0,Low
0,0,0.05333333333333334,0,0.2733333333333333,Low
0,0,0.0033333333333333335,0,0.01,Low
0,0,0.0,0,0.0033333333333333335,Low
0,0,0.0,0,0.03333333333333333,Low
0,0,0.0,0,0.0033333333333333335,Low
0,0,0.0,0,0.0033333333333333335,Low
0,0,0.0,0,0.0033333333333333335,Low
0,0,0.0,0,0.0,Low
0,0,0.0,0,0.006666666666666667,Low
0,0,0.0,0,0.0033333333333333335,Low
0,0,0.0,0,0.0033333333333333335,Low
0,0,0.006666666666666667,0,0.023333333333333334,Low
0,0,0.0,0,0.01,Low
0,0,0.0,0,0.01,Low
0,0,0.0,0,0.05,Low
0,0,0.0033333333333333335,0,0.0033333333333333335,Low
0,0,0.0,0,0.02,Low
0,0,0.0,0,0.02,Low
0,0,0.0,0,0.016666666666666666,Low
0,0,0.0,0,0.01,Low
0,0,0.0,0,0.11,Low
0,0,0.0,0,0.01,Low
0,0,0.0,0,0.016666666666666666,Low
0,0,0.0,0,0.016666666666666666,Low
0,0,0.0,0,0.0033333333333333335,Low
0,0,0.0,0,0.013333333333333334,Low
0,0,0.0,0,0.006666666666666667,Low
0,0,0.0033333333333333335,0,0.013333333333333334,Low
0,0,0.0,0,0.016666666666666666,Low
0,0,0.0,0,0.02,Low
0,0,0.0,0,0.02,Low
0,0,0.0,0,0.023333333333333334,Low
0,0,0.0033333333333333335,0,0.016666666666666666,Low
0,0,0.0,0,0.01,Low
0,0,0.0,0,0.02,Low
0,0,0.0033333333333333335,0,0.006666666666666667,Low
0,0,0.0,0,0.0,Low
0,0,0.0,0,0.0,Low
0,0,0.0,0,0.01,Low
0,0,0.0,0,0.01,Low
0,0,0.0,0,0.02,Low
0,0,0.0,0,0.013333333333333334,Low
0,0,0.0,0,0.02,Low
0,0,0.0,0,0.0,Low
0,0,0.0,0,0.02,Low
0,0,0.013333333333333334,0,0.02666666666666667,Low
0,0,0.006666666666666667,0,0.02,Low
0,0,0.0,0,0.01,Low
0,0,0.0,0,0.01,Low
0,0,0.0,0,0.006666666666666667,Low
0,0,0.0,0,0.013333333333333334,Low
0,0,0.20666666666666667,0,0.16333333333333333,Low
0,1,0.6,1,0.5133333333333333,Moderate
0,1,0.6833333333333333,1,0.5333333333333333,Moderate
0,0,0.44333333333333336,0,0.32666666666666666,Low
0,1,0.51,0,0.4,Moderate
0,1,0.5666666666666667,0,0.45,Moderate
0,0,0.39666666666666667,0,0.32,Low
0,1,0.5366666666666666,0,0.38333333333333336,Moderate
0,1,0.6033333333333334,0,0.45666666666666667,Moderate
0,0,0.2866666666666667,0,0.25333333333333335,Low
0,0,0.4666666666666667,0,0.36666666666666664,Moderate
0,0,0.41,0,0.3333333333333333,Low
0,1,0.5733333333333334,0,0.48,Moderate
0,1,0.5033333333333333,0,0.37333333333333335,Moderate
0,1,0.6766666666666666,0,0.49666666666666665,Moderate
0,1,0.5666666666666667,1,0.5033333333333333,Moderate
0,1,0.5666666666666667,0,0.46,Moderate
0,1,0.5933333333333334,0,0.47,Moderate
0,1,0.5466666666666666,0,0.49666666666666665,Moderate
0,0,0.4866666666666667,0,0.38333333333333336,Moderate
0,0,0.36333333333333334,0,0.32666666666666666,Low
0,1,0.6633333333333333,0,0.4766666666666667,Moderate
0,1,0.6566666666666666,1,0.5166666666666667,Moderate
0,0,0.47333333333333333,0,0.4266666666666667,Moderate
0,0,0.4533333333333333,0,0.36333333333333334,Moderate
0,1,0.5466666666666666,0,0.48,Moderate
0,1,0.5366666666666666,0,0.48333333333333334,Moderate
0,1,0.5533333333333333,0,0.46,Moderate
0,1,0.57,0,0.49333333333333335,Moderate
0,1,0.6133333333333333,0,0.48,Moderate
0,1,0.59,0,0.48333333333333334,Moderate
0,0,0.4866666666666667,0,0.4633333333333333,Moderate
0,1,0.5966666666666667,0,0.4533333333333333,Moderate
0,1,0.65,0,0.47333333333333333,Moderate
0,1,0.54,0,0.4866666666666667,Moderate
0,1,0.6466666666666666,0,0.47333333333333333,Moderate
0,0,0.49333333333333335,0,0.4066666666666667,Moderate
0,1,0.68,0,0.48333333333333334,Moderate
0,0,0.44666666666666666,0,0.37,Moderate
0,1,0.66,1,0.5333333333333333,Moderate
0,1,0.6233333333333333,0,0.47333333333333333,Moderate
0,0,0.45666666666666667,0,0.38,Moderate
0,0,0.44,0,0.38666666666666666,Moderate
0,1,0.5533333333333333,0,0.4866666666666667,Moderate
0,1,0.56,0,0.4166666666666667,Moderate
0,0,0.06,0,0.05333333333333334,Low
0,0,0.0033333333333333335,0,0.0,Low
0,0,0.03666666666666667,0,0.08,Low
0,0,0.07333333333333333,0,0.09,Low
0,0,0.44333333333333336,0,0.3933333333333333,Moderate
0,0,0.3433333333333333,0,0.32,Low
0,0,0.4066666666666667,0,0.31666666666666665,Low
0,1,0.5833333333333334,0,0.49666666666666665,Moderate
0,1,0.65,1,0.5266666666666666,Moderate
0,0,0.49666666666666665,0,0.41,Moderate
0,0,0.49,0,0.37,Moderate
0,1,0.5733333333333334,0,0.44666666666666666,Moderate
0,1,0.61,0,0.49666666666666665,Moderate
0,0,0.4766666666666667,0,0.39666666666666667,Moderate
0,1,0.5333333333333333,0,0.47333333333333333,Moderate
0,1,0.5866666666666667,0,0.45,Moderate
0,1,0.5266666666666666,0,0.41,Moderate
0,1,0.6733333333333333,1,0.5266666666666666,Moderate
0,0,0.46,0,0.44666666666666666,Moderate
0,1,0.5533333333333333,0,0.48333333333333334,Moderate
0,1,0.6633333333333333,1,0.5166666666666667,Moderate
0,1,0.6066666666666667,1,0.5033333333333333,Moderate
0,0,0.46,0,0.43333333333333335,Moderate
0,0,0.49333333333333335,0,0.4666666666666667,Moderate
0,1,0.6366666666666667,0,0.49,Moderate
0,0,0.5,0,0.44333333333333336,Moderate
0,1,0.5333333333333333,0,0.4633333333333333,Moderate
0,1,0.6433333333333333,0,0.47333333333333333,Moderate
0,1,0.6566666666666666,1,0.5233333333333333,Moderate
0,1,0.56,0,0.49666666666666665,Moderate
0,1,0.5533333333333333,0,0.4766666666666667,Moderate
0,1,0.5866666666666667,1,0.51,Moderate
0,1,0.6366666666666667,0,0.49333333333333335,Moderate
0,1,0.64,1,0.5033333333333333,Moderate
0,0,0.4666666666666667,0,0.43,Moderate
0,1,0.5566666666666666,0,0.48,Moderate
0,1,0.55,0,0.49,Moderate
0,1,0.65,1,0.5333333333333333,Moderate
0,1,0.5633333333333334,0,0.44666666666666666,Moderate
0,1,0.5233333333333333,0,0.48333333333333334,Moderate
0,1,0.6233333333333333,1,0.52,Moderate
0,1,0.5933333333333334,1,0.5033333333333333,Moderate
0,1,0.6,1,0.51,Moderate
0,1,0.6533333333333333,0,0.49,Moderate
0,1,0.5666666666666667,0,0.47,Moderate
0,1,0.5866666666666667,1,0.5066666666666667,Moderate
0,1,0.7133333333333334,0,0.48333333333333334,Moderate
0,1,0.5433333333333333,0,0.49,Moderate
0,1,0.6866666666666666,1,0.5366666666666666,Moderate
0,1,0.54,0,0.49,Moderate
0,1,0.5733333333333334,0,0.4666666666666667,Moderate
0,1,0.6633333333333333,0,0.49333333333333335,Moderate
0,0,0.46,0,0.43666666666666665,Moderate
0,0,0.46,0,0.37,Moderate
0,1,0.5866666666666667,0,0.48,Moderate
0,1,0.6066666666666667,0,0.5,Moderate
0,1,0.6933333333333334,0,0.5,Moderate
0,0,0.4166666666666667,0,0.37666666666666665,Moderate
0,0,0.31,0,0.2966666666666667,Low
0,1,0.56,0,0.4033333333333333,Moderate
0,0,0.4766666666666667,0,0.42,Moderate
0,0,0.03666666666666667,0,0.06666666666666667,Low
0,0,0.48,0,0.38333333333333336,Moderate
0,1,0.6166666666666667,0,0.49333333333333335,Moderate
0,0,0.2966666666666667,0,0.2633333333333333,Low
0,0,0.43333333333333335,0,0.41333333333333333,Moderate
0,1,0.5866666666666667,0,0.49,Moderate
0,1,0.6866666666666666,0,0.48,Moderate
0,0,0.4533333333333333,0,0.43666666666666665,Moderate
0,0,0.43666666666666665,0,0.38333333333333336,Moderate
0,1,0.6666666666666666,0,0.4666666666666667,Moderate
0,1,0.5633333333333334,0,0.48,Moderate
0,1,0.5666666666666667,0,0.44666666666666666,Moderate
0,0,0.4866666666666667,0,0.45,Moderate
0,1,0.59,0,0.45,Moderate
0,1,0.67,0,0.49333333333333335,Moderate
0,1,0.5366666666666666,0,0.44666666666666666,Moderate
0,0,0.4266666666666667,0,0.39666666666666667,Moderate
0,1,0.5833333333333334,0,0.5,Moderate
0,1,0.6433333333333333,1,0.5233333333333333,Moderate
0,1,0.6233333333333333,0,0.5,Moderate
0,1,0.5133333333333333,1,0.52,Moderate
1,1,0.8933333333333333,1,0.99,Urgent
0,1,0.64,0,0.48,Moderate
0,1,0.6,1,0.5566666666666666,Moderate
1,1,0.92,1,0.9966666666666667,Urgent
0,0,0.5,0,0.42333333333333334,Moderate
0,0,0.49666666666666665,0,0.41333333333333333,Moderate
0,1,0.5566666666666666,0,0.43333333333333335,Moderate
0,0,0.4166666666666667,0,0.37333333333333335,Moderate
0,1,0.6033333333333334,0,0.45,Moderate
0,1,0.6,1,0.5233333333333333,Moderate
0,0,0.49333333333333335,0,0.39,Moderate
0,1,0.5733333333333334,0,0.45666666666666667,Moderate
0,1,0.5633333333333334,0,0.48333333333333334,Moderate
0,1,0.6866666666666666,1,0.51,Moderate
0,0,0.45,0,0.3933333333333333,Moderate
0,0,0.49333333333333335,0,0.45666666666666667,Moderate
0,0,0.4633333333333333,0,0.39666666666666667,Moderate
0,0,0.46,0,0.44333333333333336,Moderate
0,1,0.5633333333333334,0,0.49333333333333335,Moderate
0,1,0.5066666666666667,0,0.47,Moderate
0,0,0.3566666666666667,0,0.3433333333333333,Low
0,1,0.58,0,0.4766666666666667,Moderate
0,1,0.6033333333333334,0,0.49333333333333335,Moderate
0,0,0.4666666666666667,0,0.4533333333333333,Moderate
0,1,0.56,0,0.48333333333333334,Moderate
0,1,0.6366666666666667,1,0.52,Moderate
0,1,0.5066666666666667,0,0.42333333333333334,Moderate
0,1,0.62,0,0.47333333333333333,Moderate
0,1,0.62,0,0.5,Moderate
0,1,0.5766666666666667,0,0.49,Moderate
0,1,0.66,1,0.51,Moderate
0,1,0.5466666666666666,0,0.4866666666666667,Moderate
0,0,0.4866666666666667,0,0.42,Moderate
0,0,0.49666666666666665,0,0.44666666666666666,Moderate
0,1,0.65,1,0.5233333333333333,Moderate
0,1,0.69,0,0.47,Moderate
0,1,0.5733333333333334,0,0.4533333333333333,Moderate
0,1,0.68,1,0.5166666666666667,Moderate
0,1,0.5466666666666666,0,0.48,Moderate
0,0,0.44333333333333336,0,0.38666666666666666,Moderate
0,1,0.57,0,0.48,Moderate
0,1,0.54,0,0.4633333333333333,Moderate
0,1,0.5333333333333333,0,0.4766666666666667,Moderate
0,1,0.63,1,0.51,Moderate
0,1,0.63,1,0.5266666666666666,Moderate
0,1,0.5466666666666666,0,0.48,Moderate
0,1,0.5566666666666666,0,0.4666666666666667,Moderate
0,1,0.58,1,0.5133333333333333,Moderate
0,1,0.68,1,0.5466666666666666,Moderate
0,1,0.5766666666666667,0,0.4866666666666667,Moderate
0,1,0.62,1,0.5233333333333333,Moderate
0,1,0.6366666666666667,0,0.47,Moderate
0,1,0.5766666666666667,0,0.45666666666666667,Moderate
0,1,0.7033333333333334,1,0.54,Moderate
0,1,0.66,0,0.49333333333333335,Moderate
0,1,0.6433333333333333,0,0.48333333333333334,Moderate
0,1,0.56,0,0.42333333333333334,Moderate
0,0,0.49333333333333335,0,0.4633333333333333,Moderate
0,1,0.58,0,0.4666666666666667,Moderate
0,0,0.3566666666666667,0,0.3,Low
0,0,0.38666666666666666,0,0.3566666666666667,Moderate
0,0,0.47,0,0.3566666666666667,Moderate
0,0,0.49333333333333335,0,0.44666666666666666,Moderate
0,0,0.39666666666666667,0,0.36,Moderate
0,0,0.4066666666666667,0,0.3433333333333333,Low
0,1,0.52,0,0.4766666666666667,Moderate
0,0,0.48333333333333334,0,0.4866666666666667,Moderate
1,1,0.92,1,0.9966666666666667,Urgent
0,1,0.5033333333333333,0,0.44,Moderate
0,0,0.4533333333333333,0,0.38,Moderate
0,1,0.58,0,0.4633333333333333,Moderate
0,1,0.6233333333333333,0,0.45,Moderate
0,1,0.62,0,0.4633333333333333,Moderate
0,1,0.6333333333333333,1,0.5166666666666667,Moderate
0,1,0.57,0,0.45666666666666667,Moderate
0,1,0.53,0,0.41,Moderate
1,1,0.7433333333333333,0,0.44333333333333336,Moderate
0,1,0.5266666666666666,0,0.4766666666666667,Moderate
0,1,0.6833333333333333,1,0.57,Moderate
1,1,0.8733333333333333,1,0.9966666666666667,Urgent
0,1,0.5066666666666667,0,0.4033333333333333,Moderate
0,1,0.6366666666666667,1,0.51,Moderate
0,1,0.6633333333333333,0,0.45,Moderate
0,1,0.6366666666666667,0,0.49333333333333335,Moderate
0,0,0.47,0,0.31666666666666665,Low
0,1,0.6166666666666667,0,0.46,Moderate
0,1,0.55,0,0.4033333333333333,Moderate
0,1,0.5133333333333333,0,0.36666666666666664,Moderate
0,0,0.4866666666666667,0,0.3933333333333333,Moderate
0,1,0.66,0,0.4866666666666667,Moderate
0,0,0.45666666666666667,0,0.29,Low
0,1,0.5533333333333333,0,0.45,Moderate
0,1,0.6533333333333333,1,0.5066666666666667,Moderate
0,1,0.5966666666666667,0,0.45666666666666667,Moderate
0,0,0.49,0,0.43333333333333335,Moderate
0,1,0.5433333333333333,0,0.45,Moderate
0,1,0.5033333333333333,0,0.37666666666666665,Moderate
0,1,0.58,0,0.49666666666666665,Moderate
0,1,0.6066666666666667,0,0.44333333333333336,Moderate
0,1,0.55,0,0.42,Moderate
0,1,0.5766666666666667,0,0.4533333333333333,Moderate
0,0,0.48,0,0.35,Low
0,1,0.51,0,0.39,Moderate
0,1,0.6033333333333334,0,0.44333333333333336,Moderate
0,1,0.5966666666666667,0,0.46,Moderate
0,0,0.48,0,0.41333333333333333,Moderate
0,1,0.6,0,0.4533333333333333,Moderate
0,0,0.49666666666666665,0,0.4,Moderate
0,0,0.4166666666666667,0,0.37,Moderate
0,1,0.7133333333333334,0,0.49333333333333335,Moderate
0,1,0.69,1,0.5266666666666666,Moderate
0,0,0.4666666666666667,0,0.37666666666666665,Moderate
0,1,0.58,0,0.45666666666666667,Moderate
0,1,0.5866666666666667,0,0.49333333333333335,Moderate
0,1,0.6533333333333333,0,0.47333333333333333,Moderate
0,1,0.5966666666666667,0,0.47333333333333333,Moderate
0,1,0.5766666666666667,0,0.4533333333333333,Moderate
0,1,0.67,0,0.48333333333333334,Moderate
0,1,0.6733333333333333,0,0.49333333333333335,Moderate
0,1,0.6633333333333333,1,0.51,Moderate
0,1,0.7033333333333334,0,0.49333333333333335,Moderate
0,1,0.57,1,0.5033333333333333,Moderate
0,1,0.7366666666666667,0,0.49666666666666665,Moderate
0,1,0.6966666666666667,1,0.5366666666666666,Moderate
0,1,0.6466666666666666,1,0.5333333333333333,Moderate
0,1,0.7433333333333333,1,0.5233333333333333,Moderate
0,1,0.7533333333333333,1,0.5633333333333334,Moderate
0,1,0.6533333333333333,0,0.4666666666666667,Moderate
0,0,0.42,0,0.34,Low
0,1,0.57,0,0.49666666666666665,Moderate
0,1,0.5866666666666667,0,0.47,Moderate
0,1,0.6666666666666666,0,0.47333333333333333,Moderate
0,1,0.6566666666666666,0,0.47,Moderate
0,1,0.61,0,0.47,Moderate
0,1,0.66,0,0.48,Moderate
0,1,0.6466666666666666,1,0.5133333333333333,Moderate
0,1,0.62,0,0.46,Moderate
0,1,0.6966666666666667,0,0.4866666666666667,Moderate
0,1,0.56,0,0.44,Moderate
0,0,0.49333333333333335,0,0.4066666666666667,Moderate
0,1,0.6433333333333333,0,0.44666666666666666,Moderate
0,1,0.7066666666666667,1,0.5433333333333333,Moderate
0,1,0.6266666666666667,0,0.4866666666666667,Moderate
0,1,0.5666666666666667,0,0.47333333333333333,Moderate
0,1,0.6766666666666666,1,0.58,Moderate
1,1,0.8566666666666667,1,0.9866666666666667,Urgent
0,0,0.48,0,0.4166666666666667,Moderate
0,0,0.38,0,0.31,Low
0,1,0.6966666666666667,1,0.5133333333333333,Moderate
0,1,0.5166666666666667,0,0.4,Moderate
0,1,0.6933333333333334,1,0.5433333333333333,Moderate
0,1,0.67,0,0.5,Moderate
0,1,0.6166666666666667,0,0.44,Moderate
0,1,0.6466666666666666,1,0.54,Moderate
0,1,0.5366666666666666,0,0.48,Moderate
0,1,0.6033333333333334,0,0.44,Moderate
0,1,0.7133333333333334,1,0.53,Moderate
0,1,0.6166666666666667,0,0.47,Moderate
0,1,0.5966666666666667,0,0.47,Moderate
0,1,0.6266666666666667,0,0.46,Moderate
0,1,0.52,0,0.39,Moderate
0,1,0.7,0,0.49666666666666665,Moderate
0,1,0.6233333333333333,0,0.46,Moderate
0,1,0.64,0,0.39,Moderate
0,1,0.6166666666666667,0,0.49333333333333335,Moderate
0,1,0.6233333333333333,0,0.43,Moderate
0,1,0.7,0,0.46,Moderate
0,1,0.5533333333333333,0,0.42,Moderate
0,1,0.6933333333333334,0,0.4633333333333333,Moderate
0,1,0.6266666666666667,0,0.49666666666666665,Moderate
0,1,0.7,0,0.49666666666666665,Moderate
0,1,0.5633333333333334,0,0.44333333333333336,Moderate
0,1,0.6966666666666667,0,0.49333333333333335,Moderate
0,1,0.6833333333333333,0,0.4666666666666667,Moderate
0,1,0.5866666666666667,0,0.44666666666666666,Moderate
0,1,0.7266666666666667,0,0.5,Moderate
0,0,0.4766666666666667,0,0.3566666666666667,Moderate
0,1,0.6966666666666667,1,0.5266666666666666,Moderate
0,1,0.5833333333333334,0,0.44333333333333336,Moderate
0,1,0.5566666666666666,0,0.4266666666666667,Moderate
0,1,0.6133333333333333,0,0.4533333333333333,Moderate
0,0,0.42,0,0.27666666666666667,Low
0,1,0.68,1,0.5433333333333333,Moderate
0,1,0.5133333333333333,0,0.4166666666666667,Moderate
0,0,0.44333333333333336,0,0.33,Low
0,0,0.43666666666666665,0,0.31333333333333335,Low
0,1,0.6433333333333333,0,0.47333333333333333,Moderate
0,1,0.56,0,0.48333333333333334,Moderate
0,0,0.4166666666666667,0,0.29333333333333333,Low
0,1,0.6633333333333333,0,0.43333333333333335,Moderate
0,1,0.54,0,0.44333333333333336,Moderate
0,0,0.48333333333333334,0,0.38,Moderate
0,1,0.6533333333333333,1,0.53,Moderate
0,1,0.62,0,0.4766666666666667,Moderate
0,1,0.56,0,0.4533333333333333,Moderate
0,1,0.6166666666666667,0,0.49666666666666665,Moderate
0,0,0.45,0,0.37666666666666665,Moderate
0,1,0.51,0,0.36333333333333334,Moderate
0,1,0.6633333333333333,0,0.4666666666666667,Moderate
0,1,0.6266666666666667,0,0.4666666666666667,Moderate
0,1,0.6066666666666667,0,0.46,Moderate
0,1,0.5733333333333334,0,0.43333333333333335,Moderate
0,1,0.6766666666666666,1,0.5033333333333333,Moderate
0,1,0.5966666666666667,0,0.49666666666666665,Moderate
0,1,0.56,0,0.4866666666666667,Moderate
0,1,0.6666666666666666,1,0.5333333333333333,Moderate
0,1,0.6333333333333333,0,0.5,Moderate
0,1,0.69,1,0.52,Moderate
0,1,0.6,1,0.5233333333333333,Moderate
0,1,0.5666666666666667,0,0.4033333333333333,Moderate
0,1,0.5733333333333334,0,0.48333333333333334,Moderate
0,1,0.6433333333333333,0,0.4866666666666667,Moderate
0,1,0.6633333333333333,0,0.43666666666666665,Moderate
0,1,0.5266666666666666,0,0.4166666666666667,Moderate
0,1,0.5533333333333333,0,0.4166666666666667,Moderate
0,0,0.4666666666666667,0,0.34,Low
0,0,0.05333333333333334,0,0.06666666666666667,Low
0,0,0.04,0,0.05,Low
0,0,0.3466666666666667,0,0.34,Low
1,1,0.8666666666666667,1,0.99,Urgent
0,0,0.25333333333333335,0,0.28,Low
0,0,0.3433333333333333,0,0.34,Low
1,1,0.8766666666666667,1,0.9966666666666667,Urgent
0,0,0.16,0,0.19666666666666666,Low
1,1,0.8833333333333333,1,0.9966666666666667,Urgent
0,0,0.32,0,0.3333333333333333,Low
0,1,0.5533333333333333,0,0.45,Moderate
0,0,0.42333333333333334,0,0.3433333333333333,Low
0,0,0.47333333333333333,0,0.35333333333333333,Moderate
0,1,0.6466666666666666,0,0.4533333333333333,Moderate
0,1,0.58,0,0.4533333333333333,Moderate
0,0,0.41333333333333333,0,0.33,Low
0,0,0.4533333333333333,0,0.37333333333333335,Moderate
0,1,0.6666666666666666,0,0.47,Moderate
0,1,0.7133333333333334,0,0.49333333333333335,Moderate
0,1,0.51,0,0.42,Moderate
0,1,0.6633333333333333,0,0.4666666666666667,Moderate
0,1,0.6566666666666666,1,0.5333333333333333,Moderate
0,0,0.47,0,0.39666666666666667,Moderate
0,1,0.7066666666666667,1,0.53,Moderate
0,0,0.4766666666666667,0,0.43666666666666665,Moderate
0,1,0.5166666666666667,0,0.46,Moderate
0,1,0.6466666666666666,0,0.47333333333333333,Moderate
0,1,0.56,0,0.4766666666666667,Moderate
0,0,0.49666666666666665,0,0.4633333333333333,Moderate
0,0,0.3433333333333333,0,0.30666666666666664,Low
0,0,0.04,0,0.056666666666666664,Low
0,0,0.36666666666666664,0,0.34,Low
0,0,0.24333333333333335,0,0.27666666666666667,Low
0,0,0.25666666666666665,0,0.23333333333333334,Low
0,0,0.36666666666666664,0,0.3233333333333333,Low
0,0,0.2966666666666667,0,0.3,Low
0,0,0.14333333333333334,0,0.15666666666666668,Low
0,1,0.5166666666666667,1,0.51,Moderate
1,1,0.8733333333333333,1,0.99,Urgent
0,0,0.31666666666666665,0,0.32666666666666666,Low
0,0,0.33,0,0.29,Low
0,0,0.11333333333333333,0,0.13,Low
1,1,0.9533333333333334,1,0.9966666666666667,Urgent
0,0,0.3466666666666667,0,0.34,Low
0,0,0.09666666666666666,0,0.10333333333333333,Low
0,1,0.57,0,0.43666666666666665,Moderate
0,1,0.5166666666666667,0,0.39,Moderate
0,0,0.48,0,0.35333333333333333,Moderate
0,0,0.48333333333333334,0,0.3566666666666667,Moderate
0,1,0.61,0,0.4633333333333333,Moderate
0,1,0.6166666666666667,1,0.5033333333333333,Moderate
0,0,0.29333333333333333,0,0.2866666666666667,Low
0,1,0.56,0,0.49333333333333335,Moderate
0,0,0.47333333333333333,0,0.4066666666666667,Moderate
0,0,0.49666666666666665,0,0.4533333333333333,Moderate
0,1,0.67,0,0.5,Moderate
0,0,0.5,0,0.44666666666666666,Moderate
0,0,0.45,0,0.38,Moderate
0,1,0.5233333333333333,0,0.43333333333333335,Moderate
0,1,0.5233333333333333,0,0.45666666666666667,Moderate
0,1,0.5033333333333333,0,0.42333333333333334,Moderate
0,1,0.6133333333333333,0,0.47333333333333333,Moderate
0,1,0.66,1,0.5366666666666666,Moderate
0,1,0.62,0,0.47,Moderate
0,0,0.31666666666666665,0,0.3233333333333333,Low
0,0,0.49666666666666665,0,0.43,Moderate
0,1,0.5666666666666667,0,0.4866666666666667,Moderate
0,0,0.49,0,0.4533333333333333,Moderate
0,1,0.5733333333333334,0,0.49666666666666665,Moderate
0,1,0.5833333333333334,0,0.5,Moderate
0,1,0.6033333333333334,0,0.4666666666666667,Moderate
0,1,0.5866666666666667,0,0.4533333333333333,Moderate
0,0,0.39666666666666667,0,0.35,Low
0,0,0.41333333333333333,0,0.29333333333333333,Low
0,0,0.023333333333333334,0,0.06,Low
0,0,0.0,0,0.03333333333333333,Low
0,0,0.016666666666666666,0,0.043333333333333335,Low
0,0,0.11666666666666667,0,0.09333333333333334,Low
0,0,0.05333333333333334,0,0.07,Low
0,0,0.05,0,0.07666666666666666,Low
0,0,0.3233333333333333,0,0.29,Low
0,0,0.04,0,0.07333333333333333,Low
0,0,0.07333333333333333,0,0.08333333333333333,Low
0,0,0.2866666666666667,0,0.2733333333333333,Low
0,0,0.06,0,0.08666666666666667,Low
0,0,0.3233333333333333,0,0.2966666666666667,Low
0,1,0.6366666666666667,0,0.41333333333333333,Moderate
0,0,0.23,0,0.18666666666666668,Low
0,1,0.6033333333333334,0,0.49,Moderate
0,1,0.55,0,0.41333333333333333,Moderate
0,1,0.5233333333333333,0,0.37666666666666665,Moderate
0,0,0.44,0,0.37,Moderate
0,0,0.45,0,0.33,Low
0,1,0.7233333333333334,1,0.57,Moderate
0,1,0.6933333333333334,0,0.45666666666666667,Moderate
0,0,0.49333333333333335,0,0.38666666666666666,Moderate
0,1,0.65,0,0.48333333333333334,Moderate
0,1,0.6366666666666667,0,0.45,Moderate
0,1,0.66,1,0.5066666666666667,Moderate
0,1,0.5833333333333334,0,0.4633333333333333,Moderate
0,0,0.48,0,0.4033333333333333,Moderate
0,1,0.5233333333333333,0,0.3933333333333333,Moderate
0,1,0.6266666666666667,0,0.47,Moderate
0,1,0.5033333333333333,0,0.4166666666666667,Moderate
0,1,0.5933333333333334,0,0.48333333333333334,Moderate
0,0,0.48333333333333334,0,0.35,Low
0,1,0.5566666666666666,0,0.45,Moderate
0,0,0.38,0,0.31666666666666665,Low
0,1,0.6033333333333334,0,0.45,Moderate
0,1,0.59,0,0.4766666666666667,Moderate
0,0,0.41333333333333333,0,0.32,Low
0,1,0.5366666666666666,0,0.41333333333333333,Moderate
0,1,0.5366666666666666,0,0.44333333333333336,Moderate
0,0,0.4866666666666667,0,0.3466666666666667,Low
0,1,0.64,1,0.5066666666666667,Moderate
0,0,0.47,0,0.41333333333333333,Moderate
0,0,0.42333333333333334,0,0.38333333333333336,Moderate
1,1,0.8733333333333333,1,0.9966666666666667,Urgent
0,0,0.45,0,0.3933333333333333,Moderate
0,1,0.5266666666666666,0,0.41,Moderate
0,1,0.6566666666666666,0,0.47333333333333333,Moderate
0,0,0.36333333333333334,0,0.24666666666666667,Low
0,0,0.07666666666666666,0,0.07666666666666666,Low
0,0,0.06333333333333334,0,0.08,Low
0,0,0.32,0,0.22,Low
0,0,0.48,0,0.38,Moderate
0,1,0.5466666666666666,0,0.4866666666666667,Moderate
0,1,0.6833333333333333,0,0.48333333333333334,Moderate
0,0,0.41,0,0.36333333333333334,Moderate
0,1,0.5633333333333334,0,0.49,Moderate
0,1,0.6333333333333333,0,0.48,Moderate
0,0,0.48,0,0.4066666666666667,Moderate
0,0,0.41,0,0.3433333333333333,Low
0,1,0.6666666666666666,0,0.47333333333333333,Moderate
0,1,0.56,0,0.4533333333333333,Moderate
0,1,0.6166666666666667,0,0.43,Moderate
0,1,0.5633333333333334,0,0.4866666666666667,Moderate
0,1,0.5933333333333334,1,0.5033333333333333,Moderate
0,1,0.5733333333333334,0,0.46,Moderate
0,1,0.6366666666666667,1,0.56,Moderate
1,1,0.8933333333333333,1,0.9833333333333333,Urgent
0,0,0.4866666666666667,0,0.4066666666666667,Moderate
0,1,0.6433333333333333,0,0.5,Moderate
0,1,0.6466666666666666,0,0.47,Moderate
0,1,0.6333333333333333,0,0.45666666666666667,Moderate
0,1,0.57,0,0.43666666666666665,Moderate
0,1,0.6466666666666666,0,0.4766666666666667,Moderate
0,1,0.6833333333333333,1,0.54,Moderate
0,1,0.6833333333333333,0,0.48,Moderate
0,1,0.59,0,0.49666666666666665,Moderate
1,1,0.8233333333333334,1,0.9766666666666667,Urgent
0,1,0.5233333333333333,0,0.44333333333333336,Moderate
0,1,0.6233333333333333,0,0.43333333333333335,Moderate
0,0,0.3333333333333333,0,0.2733333333333333,Low
0,0,0.28,0,0.24333333333333335,Low
0,1,0.5366666666666666,0,0.43666666666666665,Moderate
0,0,0.45,0,0.36,Moderate
0,0,0.34,0,0.30666666666666664,Low
0,1,0.51,0,0.4066666666666667,Moderate
0,1,0.6433333333333333,1,0.5033333333333333,Moderate
0,1,0.5366666666666666,0,0.3933333333333333,Moderate
0,0,0.47,0,0.39666666666666667,Moderate
0,0,0.4533333333333333,0,0.3433333333333333,Low
0,1,0.6466666666666666,1,0.5033333333333333,Moderate
0,1,0.5766666666666667,0,0.4866666666666667,Moderate
0,0,0.48,0,0.36,Moderate
0,1,0.6,0,0.44666666666666666,Moderate
0,1,0.59,0,0.4266666666666667,Moderate
0,1,0.63,0,0.44666666666666666,Moderate
0,1,0.5566666666666666,0,0.4,Moderate
0,1,0.61,0,0.45,Moderate
0,1,0.63,0,0.4866666666666667,Moderate
0,0,0.48,0,0.46,Moderate
1,1,0.8733333333333333,1,0.9966666666666667,Urgent
0,0,0.44666666666666666,0,0.4033333333333333,Moderate
0,0,0.43666666666666665,0,0.3433333333333333,Low
0,1,0.6133333333333333,0,0.47333333333333333,Moderate
0,1,0.66,1,0.5233333333333333,Moderate
0,1,0.5066666666666667,0,0.38666666666666666,Moderate
0,1,0.7,1,0.5033333333333333,Moderate
0,0,0.4766666666666667,0,0.44666666666666666,Moderate
0,1,0.5933333333333334,0,0.46,Moderate
0,1,0.73,1,0.5033333333333333,Moderate
0,1,0.5833333333333334,0,0.4666666666666667,Moderate
0,1,0.6733333333333333,0,0.4633333333333333,Moderate
0,1,0.7166666666666667,1,0.5466666666666666,Moderate
0,1,0.5033333333333333,0,0.38333333333333336,Moderate
0,1,0.5433333333333333,0,0.42,Moderate
0,1,0.6766666666666666,1,0.5166666666666667,Moderate
0,1,0.6166666666666667,0,0.47,Moderate
0,1,0.7233333333333334,1,0.5833333333333334,Moderate
0,1,0.5966666666666667,0,0.43,Moderate
0,1,0.56,0,0.43,Moderate
0,1,0.7533333333333333,1,0.5133333333333333,Moderate
0,0,0.48,0,0.3333333333333333,Low
0,1,0.5933333333333334,0,0.4666666666666667,Moderate
0,1,0.65,0,0.4633333333333333,Moderate
0,1,0.7,0,0.4633333333333333,Moderate
0,1,0.5733333333333334,0,0.47,Moderate
0,1,0.57,0,0.44666666666666666,Moderate
0,1,0.71,1,0.5266666666666666,Moderate
0,1,0.6166666666666667,0,0.49,Moderate
0,1,0.6,1,0.5433333333333333,Moderate
1,1,0.87,1,0.99,Urgent
0,1,0.5733333333333334,0,0.45666666666666667,Moderate
0,0,0.49333333333333335,0,0.38333333333333336,Moderate
0,0,0.09,0,0.11333333333333333,Low
1,1,0.9366666666666666,1,0.9966666666666667,Urgent
0,0,0.18,0,0.18666666666666668,Low
0,0,0.19666666666666666,0,0.18666666666666668,Low
0,0,0.05333333333333334,0,0.07,Low
0,0,0.06666666666666667,0,0.06333333333333334,Low
0,0,0.25,0,0.24,Low
0,0,0.30666666666666664,0,0.25333333333333335,Low
0,0,0.3333333333333333,0,0.2633333333333333,Low
0,0,0.27,0,0.23666666666666666,Low
0,0,0.11333333333333333,0,0.09,Low
1,1,0.9266666666666666,1,0.9966666666666667,Urgent
0,0,0.29333333333333333,0,0.32666666666666666,Low
0,0,0.25666666666666665,0,0.21,Low
0,1,0.61,1,0.5033333333333333,Moderate
1,1,0.88,1,0.99,Urgent
0,0,0.10333333333333333,0,0.15,Low
0,0,0.03,0,0.05,Low
0,0,0.016666666666666666,0,0.04666666666666667,Low
0,0,0.07333333333333333,0,0.07333333333333333,Low
0,0,0.24333333333333335,0,0.21666666666666667,Low
0,0,0.11666666666666667,0,0.10666666666666667,Low
0,0,0.31333333333333335,0,0.27,Low
0,0,0.21,0,0.21333333333333335,Low
0,0,0.3233333333333333,0,0.3,Low
1,1,0.9266666666666666,1,0.9966666666666667,Urgent
0,0,0.3333333333333333,0,0.31333333333333335,Low
0,0,0.30666666666666664,0,0.24,Low
0,1,0.6133333333333333,0,0.47333333333333333,Moderate
0,1,0.6266666666666667,0,0.44333333333333336,Moderate
0,1,0.7033333333333334,1,0.5266666666666666,Moderate
0,1,0.6866666666666666,0,0.46,Moderate
0,1,0.6866666666666666,0,0.4766666666666667,Moderate
0,1,0.6766666666666666,1,0.5266666666666666,Moderate
0,1,0.6333333333333333,1,0.5066666666666667,Moderate
0,1,0.5433333333333333,0,0.43666666666666665,Moderate
0,0,0.44,0,0.36333333333333334,Moderate
0,1,0.6566666666666666,1,0.51,Moderate
0,1,0.6966666666666667,1,0.53,Moderate
0,1,0.65,0,0.4766666666666667,Moderate
0,1,0.6133333333333333,0,0.4766666666666667,Moderate
0,1,0.7333333333333333,1,0.58,Moderate
0,1,0.7133333333333334,1,0.5166666666666667,Moderate
0,1,0.7266666666666667,1,0.5666666666666667,Moderate
0,1,0.6466666666666666,0,0.49,Moderate
0,1,0.52,0,0.38333333333333336,Moderate
0,1,0.62,0,0.4866666666666667,Moderate
0,0,0.42333333333333334,0,0.29333333333333333,Low
0,0,0.07666666666666666,0,0.07666666666666666,Low
0,1,0.56,0,0.39,Moderate
0,0,0.32,0,0.24,Low
0,1,0.67,0,0.5,Moderate
0,1,0.6533333333333333,0,0.47333333333333333,Moderate
0,0,0.4066666666666667,0,0.31666666666666665,Low
0,1,0.55,0,0.3933333333333333,Moderate
0,1,0.5833333333333334,0,0.46,Moderate
0,1,0.5333333333333333,0,0.47,Moderate
1,1,0.8733333333333333,1,0.99,Urgent
0,0,0.43333333333333335,0,0.33666666666666667,Low
0,1,0.5033333333333333,0,0.38,Moderate
0,1,0.5466666666666666,0,0.4166666666666667,Moderate
0,1,0.5933333333333334,0,0.4633333333333333,Moderate
0,1,0.6033333333333334,0,0.49333333333333335,Moderate
0,1,0.6566666666666666,1,0.53,Moderate
0,1,0.5033333333333333,0,0.35333333333333333,Moderate
0,1,0.71,1,0.5366666666666666,Moderate
0,1,0.6666666666666666,1,0.5233333333333333,Moderate
0,1,0.6433333333333333,0,0.48,Moderate
0,1,0.73,1,0.6266666666666667,High
1,1,0.85,1,0.99,Urgent
0,0,0.5,0,0.37,Moderate
0,0,0.4166666666666667,0,0.3333333333333333,Low
0,1,0.6633333333333333,0,0.4666666666666667,Moderate
0,1,0.7133333333333334,1,0.5633333333333334,Moderate
0,1,0.5166666666666667,0,0.4166666666666667,Moderate
1,1,0.92,1,0.98,Urgent
0,0,0.4,0,0.4266666666666667,Moderate
0,1,0.5533333333333333,0,0.44,Moderate
0,1,0.5733333333333334,0,0.46,Moderate
0,0,0.37333333333333335,0,0.29333333333333333,Low
0,1,0.6266666666666667,1,0.5066666666666667,Moderate
0,1,0.6366666666666667,0,0.4666666666666667,Moderate
0,0,0.49,0,0.39,Moderate
0,1,0.6233333333333333,0,0.49666666666666665,Moderate
0,1,0.7,1,0.53,Moderate
0,1,0.56,0,0.43,Moderate
0,1,0.7233333333333334,0,0.48,Moderate
0,1,0.6733333333333333,0,0.48,Moderate
0,1,0.7166666666666667,1,0.5666666666666667,Moderate
1,1,0.82,1,0.9833333333333333,Urgent
0,1,0.5633333333333334,0,0.43333333333333335,Moderate
0,1,0.5466666666666666,0,0.42,Moderate
0,1,0.6466666666666666,0,0.49,Moderate
0,1,0.7366666666666667,1,0.6066666666666667,High
0,1,0.7133333333333334,0,0.47,Moderate
0,1,0.51,0,0.38,Moderate
0,1,0.72,1,0.5833333333333334,Moderate
0,1,0.5733333333333334,0,0.44,Moderate
0,1,0.5533333333333333,0,0.38666666666666666,Moderate
0,1,0.62,0,0.47,Moderate
0,1,0.7,1,0.56,Moderate
1,1,0.8166666666666667,1,0.9766666666666667,Urgent
0,0,0.43333333333333335,0,0.37,Moderate
0,0,0.4533333333333333,0,0.36,Moderate
0,1,0.5533333333333333,0,0.4266666666666667,Moderate
0,1,0.7066666666666667,0,0.48333333333333334,Moderate
0,1,0.5033333333333333,0,0.37,Moderate
0,0,0.07,0,0.06333333333333334,Low
0,0,0.0,0,0.0033333333333333335,Low
1,1,0.9666666666666667,1,0.9966666666666667,Urgent
0,0,0.0,0,0.016666666666666666,Low
0,0,0.0033333333333333335,0,0.04,Low
0,0,0.03666666666666667,0,0.06333333333333334,Low
0,1,0.57,0,0.4166666666666667,Moderate
0,0,0.2833333333333333,0,0.25333333333333335,Low
0,0,0.44666666666666666,0,0.31666666666666665,Low
0,1,0.6466666666666666,0,0.47333333333333333,Moderate
0,1,0.6166666666666667,0,0.4766666666666667,Moderate
0,1,0.6633333333333333,1,0.56,Moderate
1,1,0.8766666666666667,1,0.99,Urgent
0,1,0.57,0,0.4266666666666667,Moderate
0,1,0.6933333333333334,0,0.47333333333333333,Moderate
0,0,0.44333333333333336,0,0.36,Moderate
0,1,0.5533333333333333,0,0.43,Moderate
0,1,0.6333333333333333,0,0.5,Moderate
0,1,0.6566666666666666,0,0.4633333333333333,Moderate
0,1,0.7033333333333334,1,0.5566666666666666,Moderate
1,1,0.8233333333333334,1,0.98,Urgent
0,1,0.58,0,0.4766666666666667,Moderate
0,1,0.6766666666666666,0,0.47,Moderate
0,1,0.5566666666666666,1,0.5433333333333333,Moderate
1,1,0.85,1,0.9833333333333333,Urgent
0,1,0.56,0,0.4533333333333333,Moderate
0,1,0.66,0,0.5,Moderate
0,1,0.65,0,0.47,Moderate
0,1,0.6366666666666667,0,0.4766666666666667,Moderate
0,1,0.58,0,0.44666666666666666,Moderate
0,1,0.6133333333333333,0,0.39666666666666667,Moderate
0,1,0.66,0,0.5,Moderate
0,1,0.5966666666666667,0,0.4633333333333333,Moderate
0,1,0.5733333333333334,0,0.4,Moderate
0,1,0.5166666666666667,0,0.4066666666666667,Moderate
0,0,0.47333333333333333,0,0.3933333333333333,Moderate
0,1,0.54,0,0.4,Moderate
0,1,0.66,1,0.5033333333333333,Moderate
0,1,0.5466666666666666,0,0.4033333333333333,Moderate
0,1,0.62,0,0.47,Moderate
0,1,0.5933333333333334,0,0.44333333333333336,Moderate
0,0,0.5,0,0.37,Moderate
0,0,0.4866666666666667,0,0.3566666666666667,Moderate
0,1,0.54,0,0.4166666666666667,Moderate
0,1,0.5533333333333333,0,0.46,Moderate
0,1,0.6833333333333333,1,0.54,Moderate
1,1,0.8333333333333334,1,0.98,Urgent
0,1,0.5133333333333333,0,0.44666666666666666,Moderate
0,0,0.4866666666666667,0,0.3566666666666667,Moderate
0,1,0.73,1,0.5466666666666666,Moderate
0,1,0.5633333333333334,0,0.42,Moderate
0,1,0.7366666666666667,1,0.5966666666666667,Moderate
0,1,0.6166666666666667,0,0.44666666666666666,Moderate
0,1,0.5333333333333333,0,0.4266666666666667,Moderate
0,1,0.6433333333333333,1,0.55,Moderate
0,1,0.6833333333333333,0,0.4866666666666667,Moderate
0,1,0.6833333333333333,0,0.5,Moderate
0,1,0.7,1,0.5666666666666667,Moderate
0,1,0.57,0,0.43,Moderate
0,1,0.6833333333333333,0,0.47333333333333333,Moderate
0,1,0.71,1,0.53,Moderate
0,1,0.6833333333333333,0,0.49333333333333335,Moderate
0,1,0.72,1,0.5266666666666666,Moderate
0,1,0.7033333333333334,1,0.5066666666666667,Moderate
0,1,0.58,0,0.44666666666666666,Moderate
0,1,0.7266666666666667,1,0.5366666666666666,Moderate
1,1,0.8533333333333334,1,0.9866666666666667,Urgent
0,1,0.51,0,0.39666666666666667,Moderate
0,1,0.65,0,0.45,Moderate
0,1,0.65,0,0.49333333333333335,Moderate
0,1,0.7066666666666667,1,0.5166666666666667,Moderate
0,1,0.72,1,0.5433333333333333,Moderate
0,1,0.63,0,0.4533333333333333,Moderate
0,1,0.6933333333333334,0,0.4766666666666667,Moderate
0,1,0.7266666666666667,1,0.53,Moderate
0,1,0.6266666666666667,0,0.47333333333333333,Moderate
0,1,0.75,1,0.6066666666666667,High
0,1,0.6566666666666666,0,0.4866666666666667,Moderate
0,1,0.6833333333333333,0,0.4633333333333333,Moderate
0,1,0.5366666666666666,0,0.4666666666666667,Moderate
1,1,0.8333333333333334,1,0.9866666666666667,Urgent
0,0,0.45,0,0.39666666666666667,Moderate
0,1,0.6466666666666666,1,0.5333333333333333,Moderate
0,0,0.48,0,0.36666666666666664,Moderate
0,1,0.6333333333333333,0,0.49666666666666665,Moderate
0,1,0.5566666666666666,0,0.43,Moderate
0,0,0.49333333333333335,0,0.3233333333333333,Low
0,1,0.66,1,0.5233333333333333,Moderate
0,0,0.4866666666666667,0,0.39666666666666667,Moderate
0,0,0.4,0,0.2866666666666667,Low
0,0,0.4033333333333333,0,0.31666666666666665,Low
0,0,0.49666666666666665,0,0.3933333333333333,Moderate
0,0,0.32666666666666666,0,0.25666666666666665,Low
0,0,0.49666666666666665,0,0.4166666666666667,Moderate
0,1,0.64,0,0.4666666666666667,Moderate
0,0,0.48333333333333334,0,0.46,Moderate
1,1,0.86,1,0.9833333333333333,Urgent
0,1,0.5466666666666666,0,0.4633333333333333,Moderate
0,1,0.5566666666666666,0,0.4633333333333333,Moderate
0,1,0.5066666666666667,0,0.44,Moderate
0,1,0.5966666666666667,0,0.47,Moderate
0,1,0.6733333333333333,1,0.5466666666666666,Moderate
1,1,0.8166666666666667,1,0.9766666666666667,Urgent
0,1,0.5033333333333333,0,0.41,Moderate
0,1,0.56,1,0.5133333333333333,Moderate
1,1,0.9066666666666666,1,0.99,Urgent
0,1,0.5466666666666666,0,0.41,Moderate
0,1,0.5633333333333334,0,0.5,Moderate
0,1,0.6033333333333334,0,0.4666666666666667,Moderate
0,1,0.6466666666666666,1,0.5266666666666666,Moderate
0,1,0.64,1,0.5333333333333333,Moderate
0,1,0.6933333333333334,1,0.5166666666666667,Moderate
0,1,0.5533333333333333,1,0.5666666666666667,Moderate
1,1,0.8066666666666666,1,0.9766666666666667,Urgent
0,1,0.5266666666666666,0,0.42,Moderate
0,0,0.45,0,0.44333333333333336,Moderate
0,1,0.6233333333333333,1,0.5533333333333333,Moderate
1,1,0.8133333333333334,1,0.9766666666666667,Urgent
0,1,0.5166666666666667,0,0.44,Moderate
0,1,0.6166666666666667,1,0.51,Moderate
0,1,0.5666666666666667,1,0.5366666666666666,Moderate
1,1,0.8266666666666667,1,0.98,Urgent
0,0,0.49666666666666665,0,0.4066666666666667,Moderate
0,0,0.2833333333333333,0,0.24,Low
0,0,0.36333333333333334,0,0.30666666666666664,Low
0,0,0.38,0,0.3333333333333333,Low
0,0,0.33,0,0.25666666666666665,Low
0,0,0.01,0,0.023333333333333334,Low
0,0,0.18333333333333332,0,0.18,Low
0,0,0.05333333333333334,0,0.06333333333333334,Low
0,0,0.05333333333333334,0,0.07333333333333333,Low
1,1,0.5933333333333334,1,0.9266666666666666,Urgent
0,0,0.01,0,0.07,Low
0,0,0.01,0,0.043333333333333335,Low
0,0,0.07,0,0.06333333333333334,Low
0,0,0.05,0,0.06333333333333334,Low
0,0,0.03666666666666667,0,0.05333333333333334,Low
0,0,0.06333333333333334,0,0.06333333333333334,Low
0,0,0.03,0,0.07333333333333333,Low
1,1,0.98,1,0.9966666666666667,Urgent
0,0,0.06,0,0.09333333333333334,Low
0,0,0.03333333333333333,0,0.06333333333333334,Low
0,0,0.07,0,0.06,Low
0,0,0.08,0,0.07,Low
0,0,0.07,0,0.07333333333333333,Low
0,0,0.24666666666666667,0,0.21666666666666667,Low
0,0,0.07333333333333333,0,0.07666666666666666,Low
1,1,0.95,1,0.9966666666666667,Urgent
0,0,0.21666666666666667,0,0.23666666666666666,Low
0,0,0.28,0,0.3,Low
1,1,0.9533333333333334,1,0.95,Urgent
1,1,0.8633333333333333,1,0.9766666666666667,Urgent
0,0,0.4533333333333333,0,0.32666666666666666,Low
0,0,0.35,0,0.31,Low
0,0,0.27666666666666667,0,0.3,Low
1,1,0.9233333333333333,1,0.9966666666666667,Urgent
0,0,0.37333333333333335,0,0.32,Low
0,0,0.30666666666666664,0,0.29333333333333333,Low
0,0,0.44333333333333336,0,0.4866666666666667,Moderate
1,1,0.9166666666666666,1,0.9966666666666667,Urgent
0,0,0.49666666666666665,0,0.39666666666666667,Moderate
0,0,0.24666666666666667,0,0.24,Low
0,0,0.34,0,0.32666666666666666,Low
1,1,0.96,1,0.9933333333333333,Urgent
0,0,0.3333333333333333,0,0.3466666666666667,Low
0,0,0.2866666666666667,0,0.2733333333333333,Low
0,0,0.41333333333333333,0,0.38333333333333336,Moderate
0,0,0.2866666666666667,0,0.26,Low
0,0,0.28,0,0.29,Low
0,1,0.5333333333333333,0,0.46,Moderate
0,0,0.4033333333333333,0,0.36,Moderate
0,0,0.24666666666666667,0,0.2633333333333333,Low
0,0,0.27,0,0.2633333333333333,Low
0,0,0.36666666666666664,0,0.33,Low
0,0,0.2866666666666667,0,0.2866666666666667,Low
0,0,0.38,0,0.32666666666666666,Low
0,0,0.38666666666666666,0,0.38333333333333336,Moderate
0,0,0.23333333333333334,0,0.25666666666666665,Low
0,0,0.41333333333333333,0,0.3466666666666667,Low
0,0,0.13,0,0.16333333333333333,Low
0,0,0.01,0,0.06333333333333334,Low
0,0,0.19333333333333333,0,0.21,Low
0,0,0.21666666666666667,0,0.17333333333333334,Low
0,0,0.02666666666666667,0,0.06,Low
0,0,0.05,0,0.06666666666666667,Low
0,0,0.05333333333333334,0,0.05333333333333334,Low
0,0,0.023333333333333334,0,0.056666666666666664,Low
0,0,0.03333333333333333,0,0.06333333333333334,Low
0,0,0.03666666666666667,0,0.06,Low
1,1,0.9,1,0.9966666666666667,Urgent
0,0,0.013333333333333334,0,0.056666666666666664,Low
0,0,0.056666666666666664,0,0.06,Low
0,0,0.056666666666666664,0,0.09,Low
0,0,0.2966666666666667,0,0.25,Low
0,0,0.07,0,0.06333333333333334,Low
0,0,0.0,0,0.0033333333333333335,Low
0,0,0.01,0,0.06333333333333334,Low
0,0,0.04,0,0.06333333333333334,Low
0,0,0.05333333333333334,0,0.08,Low
0,0,0.08,0,0.06333333333333334,Low
0,0,0.09,0,0.13,Low
1,1,0.9266666666666666,1,0.9966666666666667,Urgent
0,0,0.4633333333333333,0,0.3933333333333333,Moderate
0,0,0.3,0,0.2966666666666667,Low
0,1,0.5333333333333333,1,0.5233333333333333,Moderate
1,1,0.9033333333333333,1,0.9966666666666667,Urgent
0,0,0.31666666666666665,0,0.31666666666666665,Low
0,0,0.43,0,0.38666666666666666,Moderate
0,0,0.2833333333333333,0,0.28,Low
0,1,0.5333333333333333,0,0.4866666666666667,Moderate
0,1,0.6266666666666667,0,0.49333333333333335,Moderate
0,1,0.5066666666666667,0,0.45,Moderate
0,0,0.4666666666666667,0,0.3933333333333333,Moderate
0,0,0.2733333333333333,0,0.27666666666666667,Low
0,1,0.5066666666666667,0,0.41,Moderate
0,0,0.41333333333333333,0,0.3466666666666667,Low
0,0,0.32666666666666666,0,0.30666666666666664,Low
0,0,0.4766666666666667,0,0.43333333333333335,Moderate
0,1,0.52,0,0.43666666666666665,Moderate
0,0,0.43333333333333335,0,0.38666666666666666,Moderate
0,0,0.44,0,0.39666666666666667,Moderate
0,0,0.22666666666666666,0,0.24333333333333335,Low
0,1,0.6533333333333333,1,0.54,Moderate
0,1,0.5766666666666667,0,0.4866666666666667,Moderate
0,0,0.46,0,0.46,Moderate
1,1,0.94,1,0.9966666666666667,Urgent
0,0,0.18666666666666668,0,0.20666666666666667,Low
0,0,0.07333333333333333,0,0.10333333333333333,Low
0,0,0.39,0,0.36333333333333334,Moderate
0,0,0.05,0,0.08,Low
0,0,0.48333333333333334,0,0.38333333333333336,Moderate
0,0,0.20333333333333334,0,0.21333333333333335,Low
0,0,0.09,0,0.11333333333333333,Low
0,0,0.06,0,0.08333333333333333,Low
0,0,0.31666666666666665,0,0.2966666666666667,Low
0,0,0.08333333333333333,0,0.11333333333333333,Low
0,0,0.4166666666666667,0,0.36666666666666664,Moderate
0,0,0.31333333333333335,0,0.3233333333333333,Low
1,1,0.94,1,0.9966666666666667,Urgent
0,0,0.23666666666666666,0,0.23666666666666666,Low
0,0,0.04666666666666667,0,0.08333333333333333,Low
0,0,0.35,0,0.30333333333333334,Low
0,0,0.06333333333333334,0,0.07666666666666666,Low
0,0,0.34,0,0.31,Low
1,1,0.81,1,0.9766666666666667,Urgent
0,0,0.31666666666666665,0,0.3433333333333333,Low
0,0,0.3233333333333333,0,0.24666666666666667,Low
0,0,0.39,0,0.33666666666666667,Low
0,1,0.5066666666666667,0,0.37,Moderate
0,1,0.6166666666666667,1,0.5066666666666667,Moderate
0,0,0.44666666666666666,0,0.37666666666666665,Moderate
0,0,0.47,0,0.39666666666666667,Moderate
0,1,0.58,0,0.4866666666666667,Moderate
0,1,0.57,0,0.5,Moderate
0,1,0.5266666666666666,0,0.44,Moderate
0,0,0.35333333333333333,0,0.31333333333333335,Low
0,1,0.5566666666666666,0,0.49666666666666665,Moderate
0,1,0.5966666666666667,0,0.4666666666666667,Moderate
0,0,0.42333333333333334,0,0.39,Moderate
0,0,0.49,0,0.47333333333333333,Moderate
1,1,0.8933333333333333,1,0.9966666666666667,Urgent
0,1,0.5166666666666667,0,0.44,Moderate
0,0,0.44666666666666666,0,0.39,Moderate
0,0,0.3433333333333333,0,0.34,Low
0,0,0.48,0,0.39666666666666667,Moderate
0,1,0.6066666666666667,0,0.4766666666666667,Moderate
0,1,0.6433333333333333,1,0.5266666666666666,Moderate
0,0,0.49333333333333335,0,0.38666666666666666,Moderate
0,1,0.5333333333333333,0,0.47,Moderate
0,1,0.7,1,0.59,Moderate
1,1,0.8366666666666667,1,0.99,Urgent
0,0,0.4266666666666667,0,0.3933333333333333,Moderate
0,0,0.4533333333333333,0,0.36666666666666664,Moderate
0,1,0.66,1,0.5466666666666666,Moderate
0,1,0.6466666666666666,0,0.48333333333333334,Moderate
0,0,0.49,0,0.38,Moderate
0,0,0.47,0,0.39666666666666667,Moderate
0,0,0.49333333333333335,0,0.41,Moderate
0,1,0.6033333333333334,0,0.4666666666666667,Moderate
0,0,0.36666666666666664,0,0.3466666666666667,Low
0,0,0.46,0,0.39666666666666667,Moderate
0,0,0.44333333333333336,0,0.39,Moderate
0,0,0.47333333333333333,0,0.43,Moderate
0,1,0.5766666666666667,0,0.48,Moderate
0,0,0.4666666666666667,0,0.4166666666666667,Moderate
0,1,0.52,0,0.47,Moderate
0,1,0.6166666666666667,0,0.4866666666666667,Moderate
0,0,0.35333333333333333,0,0.32,Low
0,1,0.5566666666666666,0,0.4633333333333333,Moderate
0,1,0.51,0,0.46,Moderate
0,1,0.5533333333333333,0,0.4866666666666667,Moderate
0,0,0.49333333333333335,0,0.43333333333333335,Moderate
0,0,0.43333333333333335,0,0.4166666666666667,Moderate
0,0,0.43333333333333335,0,0.39666666666666667,Moderate
0,1,0.58,0,0.49,Moderate
0,0,0.5,0,0.44,Moderate
0,1,0.5633333333333334,0,0.47333333333333333,Moderate
0,1,0.51,0,0.47333333333333333,Moderate
0,1,0.5733333333333334,1,0.5366666666666666,Moderate
1,1,0.8133333333333334,1,0.9766666666666667,Urgent
0,0,0.45666666666666667,0,0.37,Moderate
0,1,0.6,1,0.51,Moderate
0,1,0.7666666666666667,1,0.5666666666666667,Moderate
0,1,0.58,1,0.5166666666666667,Moderate
0,0,0.44666666666666666,0,0.44333333333333336,Moderate
1,1,0.81,1,0.9766666666666667,Urgent
0,0,0.4266666666666667,0,0.39666666666666667,Moderate
0,0,0.47,0,0.3933333333333333,Moderate
0,0,0.4033333333333333,0,0.39666666666666667,Moderate
0,1,0.6766666666666666,1,0.5266666666666666,Moderate
0,0,0.49333333333333335,0,0.48,Moderate
1,1,0.8433333333333334,1,0.99,Urgent
0,0,0.36,0,0.34,Low
0,0,0.39,0,0.37666666666666665,Moderate
0,1,0.6533333333333333,1,0.55,Moderate
1,1,0.8466666666666667,1,0.9833333333333333,Urgent
0,1,0.52,0,0.42,Moderate
0,1,0.61,1,0.5066666666666667,Moderate
0,0,0.46,0,0.4266666666666667,Moderate
0,1,0.65,1,0.53,Moderate
0,1,0.6533333333333333,1,0.5066666666666667,Moderate
0,1,0.5066666666666667,0,0.44333333333333336,Moderate
0,0,0.4666666666666667,0,0.41,Moderate
0,0,0.4533333333333333,0,0.4066666666666667,Moderate
0,1,0.5066666666666667,0,0.42,Moderate
0,0,0.45,0,0.4033333333333333,Moderate
0,0,0.4666666666666667,0,0.4166666666666667,Moderate
0,0,0.4266666666666667,0,0.39666666666666667,Moderate
0,1,0.54,0,0.44666666666666666,Moderate
0,1,0.5366666666666666,0,0.43666666666666665,Moderate
0,1,0.56,0,0.47333333333333333,Moderate
0,0,0.4266666666666667,0,0.41,Moderate
0,0,0.42333333333333334,0,0.39,Moderate
0,1,0.62,0,0.48333333333333334,Moderate
0,1,0.5066666666666667,0,0.47333333333333333,Moderate
0,0,0.49333333333333335,0,0.4166666666666667,Moderate
0,0,0.44666666666666666,0,0.42,Moderate
0,1,0.5733333333333334,0,0.47333333333333333,Moderate
0,0,0.49,0,0.43666666666666665,Moderate
0,0,0.4166666666666667,0,0.41,Moderate
0,1,0.6366666666666667,0,0.5,Moderate
0,0,0.42,0,0.4066666666666667,Moderate
0,1,0.5533333333333333,0,0.48,Moderate
0,1,0.59,0,0.48,Moderate
0,0,0.43,0,0.35,Low
0,0,0.38,0,0.32666666666666666,Low
0,0,0.44333333333333336,0,0.4766666666666667,Moderate
1,1,0.99,1,0.9933333333333333,Urgent
0,0,0.4866666666666667,0,0.39,Moderate
0,0,0.32666666666666666,0,0.31333333333333335,Low
0,0,0.29,0,0.2966666666666667,Low
0,1,0.52,0,0.45,Moderate
0,0,0.49666666666666665,0,0.43333333333333335,Moderate
0,1,0.5266666666666666,0,0.45666666666666667,Moderate
0,0,0.3233333333333333,0,0.31333333333333335,Low
0,0,0.42333333333333334,0,0.36,Moderate
0,0,0.47,0,0.43666666666666665,Moderate
0,0,0.49666666666666665,0,0.4533333333333333,Moderate
0,1,0.58,0,0.48333333333333334,Moderate
0,0,0.3233333333333333,0,0.31666666666666665,Low
0,1,0.5666666666666667,0,0.4633333333333333,Moderate
0,0,0.46,0,0.43,Moderate
0,0,0.49666666666666665,0,0.47,Moderate
0,1,0.56,0,0.43,Moderate
0,0,0.3333333333333333,0,0.31,Low
0,0,0.38333333333333336,0,0.37,Moderate
0,1,0.56,0,0.45666666666666667,Moderate
0,1,0.6333333333333333,0,0.49666666666666665,Moderate
0,0,0.44333333333333336,0,0.36333333333333334,Moderate
0,0,0.34,0,0.3233333333333333,Low
0,1,0.5766666666666667,0,0.49,Moderate
0,1,0.5433333333333333,0,0.4766666666666667,Moderate
0,1,0.6233333333333333,1,0.5033333333333333,Moderate
0,0,0.44666666666666666,0,0.41333333333333333,Moderate
0,0,0.38,0,0.33666666666666667,Low
0,1,0.6,0,0.46,Moderate
0,0,0.22666666666666666,0,0.20666666666666667,Low
0,0,0.20333333333333334,0,0.23,Low
0,0,0.31666666666666665,0,0.2833333333333333,Low
1,1,0.9566666666666667,1,0.9966666666666667,Urgent
0,0,0.3233333333333333,0,0.3233333333333333,Low
0,0,0.07666666666666666,0,0.09,Low
0,0,0.31666666666666665,0,0.30333333333333334,Low
0,0,0.3433333333333333,0,0.29,Low
0,0,0.44333333333333336,0,0.3333333333333333,Low
0,0,0.09,0,0.12,Low
0,0,0.2633333333333333,0,0.24333333333333335,Low
0,0,0.29,0,0.25333333333333335,Low
0,0,0.37333333333333335,0,0.3433333333333333,Low
0,0,0.2866666666666667,0,0.2866666666666667,Low
0,0,0.36,0,0.33,Low
0,1,0.5533333333333333,0,0.4633333333333333,Moderate
0,0,0.36666666666666664,0,0.3433333333333333,Low
0,0,0.35,0,0.34,Low
0,0,0.3333333333333333,0,0.30333333333333334,Low
0,0,0.38,0,0.3466666666666667,Low
0,1,0.6133333333333333,1,0.57,Moderate
1,1,0.89,1,0.99,Urgent
0,0,0.42333333333333334,0,0.3933333333333333,Moderate
0,1,0.5866666666666667,0,0.4866666666666667,Moderate
0,1,0.5133333333333333,0,0.42,Moderate
0,0,0.41,0,0.39,Moderate
0,1,0.5266666666666666,0,0.48,Moderate
0,1,0.59,0,0.49333333333333335,Moderate
0,0,0.42333333333333334,0,0.4033333333333333,Moderate
0,1,0.5966666666666667,0,0.49666666666666665,Moderate
0,1,0.5233333333333333,0,0.4633333333333333,Moderate
0,1,0.59,0,0.48333333333333334,Moderate
0,0,0.45,0,0.43333333333333335,Moderate
0,0,0.45666666666666667,0,0.4266666666666667,Moderate
0,0,0.45666666666666667,0,0.38333333333333336,Moderate
0,0,0.49666666666666665,0,0.44,Moderate
0,1,0.6133333333333333,1,0.52,Moderate
0,0,0.4766666666666667,0,0.36,Moderate
0,0,0.38,0,0.3433333333333333,Low
0,1,0.5933333333333334,1,0.5066666666666667,Moderate
0,1,0.5133333333333333,0,0.42,Moderate
0,0,0.4633333333333333,0,0.42333333333333334,Moderate
0,1,0.5966666666666667,0,0.4633333333333333,Moderate
0,0,0.43,0,0.4033333333333333,Moderate
0,1,0.64,1,0.5066666666666667,Moderate
0,1,0.56,0,0.4866666666666667,Moderate
0,1,0.5466666666666666,0,0.4633333333333333,Moderate
0,0,0.3933333333333333,0,0.33666666666666667,Low
0,0,0.37,0,0.34,Low
0,0,0.4866666666666667,0,0.43333333333333335,Moderate
0,1,0.5733333333333334,0,0.4633333333333333,Moderate
0,0,0.49333333333333335,0,0.4266666666666667,Moderate
0,0,0.47333333333333333,0,0.4533333333333333,Moderate
0,0,0.3933333333333333,0,0.35,Low
0,0,0.49333333333333335,0,0.43,Moderate
0,0,0.4266666666666667,0,0.37333333333333335,Moderate
0,0,0.4633333333333333,0,0.44333333333333336,Moderate
0,0,0.4066666666666667,0,0.37,Moderate
0,1,0.5633333333333334,0,0.49,Moderate
0,0,0.37,0,0.35,Low
0,0,0.4,0,0.37333333333333335,Moderate
0,1,0.5833333333333334,0,0.48333333333333334,Moderate
0,0,0.41,0,0.42333333333333334,Moderate
0,0,0.48,0,0.3466666666666667,Low
0,0,0.46,0,0.47333333333333333,Moderate
1,1,0.8766666666666667,1,0.9966666666666667,Urgent
0,1,0.5366666666666666,0,0.42,Moderate
0,0,0.35333333333333333,0,0.32,Low
0,0,0.3566666666666667,0,0.3466666666666667,Low
0,1,0.6166666666666667,1,0.5033333333333333,Moderate
0,1,0.6266666666666667,1,0.5033333333333333,Moderate
0,0,0.49333333333333335,0,0.4633333333333333,Moderate
0,0,0.45666666666666667,0,0.37,Moderate
0,0,0.3233333333333333,0,0.36666666666666664,Moderate
1,1,0.8733333333333333,1,0.9966666666666667,Urgent
0,0,0.3466666666666667,0,0.31333333333333335,Low
0,0,0.35,0,0.34,Low
0,0,0.44333333333333336,0,0.38666666666666666,Moderate
0,0,0.31333333333333335,0,0.31333333333333335,Low
0,1,0.6033333333333334,1,0.52,Moderate
0,1,0.5266666666666666,0,0.46,Moderate
0,0,0.4766666666666667,0,0.42333333333333334,Moderate
0,0,0.3566666666666667,0,0.33666666666666667,Low
0,0,0.4633333333333333,0,0.4066666666666667,Moderate
0,0,0.4766666666666667,0,0.4166666666666667,Moderate
0,0,0.4866666666666667,0,0.43,Moderate
0,0,0.4533333333333333,0,0.42333333333333334,Moderate
0,0,0.33666666666666667,0,0.31666666666666665,Low
0,0,0.4,0,0.33666666666666667,Low
0,0,0.3333333333333333,0,0.30666666666666664,Low
0,1,0.62,0,0.49,Moderate
0,0,0.33666666666666667,0,0.30666666666666664,Low
0,0,0.43666666666666665,0,0.4,Moderate
0,1,0.5866666666666667,0,0.4633333333333333,Moderate
0,0,0.33,0,0.3,Low
0,0,0.41,0,0.35333333333333333,Moderate
0,0,0.23,0,0.24666666666666667,Low
0,0,0.2633333333333333,0,0.30333333333333334,Low
0,1,0.5133333333333333,0,0.4633333333333333,Moderate
0,0,0.15666666666666668,0,0.16333333333333333,Low
0,0,0.3333333333333333,0,0.2966666666666667,Low
0,0,0.31333333333333335,0,0.2966666666666667,Low
0,0,0.043333333333333335,0,0.07,Low
0,0,0.07666666666666666,0,0.08666666666666667,Low
0,0,0.043333333333333335,0,0.1,Low
0,0,0.1,0,0.11,Low
0,0,0.3233333333333333,0,0.2633333333333333,Low
0,0,0.43,0,0.35333333333333333,Moderate
0,0,0.37666666666666665,0,0.32,Low
0,0,0.31333333333333335,0,0.31,Low
0,0,0.2833333333333333,0,0.25333333333333335,Low
0,0,0.06333333333333334,0,0.09333333333333334,Low
0,0,0.06666666666666667,0,0.08666666666666667,Low
0,0,0.30666666666666664,0,0.25333333333333335,Low
0,0,0.06666666666666667,0,0.08333333333333333,Low
0,0,0.06666666666666667,0,0.06666666666666667,Low
0,0,0.09333333333333334,0,0.08333333333333333,Low
0,0,0.17,0,0.18666666666666668,Low
0,0,0.22666666666666666,0,0.19666666666666666,Low
0,1,0.65,0,0.49666666666666665,Moderate
0,1,0.5166666666666667,0,0.48333333333333334,Moderate
0,0,0.21666666666666667,0,0.23333333333333334,Low
0,1,0.5666666666666667,0,0.42,Moderate
0,0,0.49,0,0.43333333333333335,Moderate
0,1,0.5733333333333334,1,0.5066666666666667,Moderate
0,0,0.26,0,0.2966666666666667,Low
0,1,0.6833333333333333,1,0.5333333333333333,Moderate
0,1,0.66,1,0.5333333333333333,Moderate
0,0,0.4866666666666667,0,0.45,Moderate
0,0,0.37,0,0.36333333333333334,Moderate
0,0,0.4533333333333333,0,0.41,Moderate
0,0,0.39666666666666667,0,0.3466666666666667,Low
0,1,0.5766666666666667,0,0.4766666666666667,Moderate
0,0,0.44333333333333336,0,0.43333333333333335,Moderate
0,0,0.44333333333333336,0,0.39,Moderate
0,0,0.5,0,0.44,Moderate
0,0,0.27666666666666667,0,0.2866666666666667,Low
0,1,0.58,0,0.47,Moderate
0,1,0.6133333333333333,0,0.4866666666666667,Moderate
0,0,0.2966666666666667,0,0.29333333333333333,Low
0,1,0.56,0,0.4766666666666667,Moderate
0,0,0.2966666666666667,0,0.2866666666666667,Low
0,0,0.21333333333333335,0,0.21666666666666667,Low
0,0,0.41333333333333333,0,0.3566666666666667,Moderate
0,0,0.23,0,0.23666666666666666,Low
0,0,0.23666666666666666,0,0.23666666666666666,Low
0,0,0.22333333333333333,0,0.23,Low
0,1,0.51,0,0.43,Moderate
0,0,0.3933333333333333,0,0.38,Moderate
0,0,0.25,0,0.25333333333333335,Low
0,0,0.38333333333333336,0,0.3233333333333333,Low
0,0,0.41,0,0.36333333333333334,Moderate
0,0,0.39666666666666667,0,0.3433333333333333,Low
0,0,0.38,0,0.3333333333333333,Low
0,0,0.11,0,0.14,Low
0,0,0.30333333333333334,0,0.25333333333333335,Low
0,0,0.33666666666666667,0,0.29333333333333333,Low
0,0,0.06,0,0.09333333333333334,Low
0,0,0.2833333333333333,0,0.24666666666666667,Low
0,0,0.22,0,0.22,Low
0,0,0.4666666666666667,0,0.43,Moderate
0,0,0.48333333333333334,0,0.37666666666666665,Moderate
0,0,0.056666666666666664,0,0.07666666666666666,Low
0,1,0.5266666666666666,0,0.4666666666666667,Moderate
0,0,0.24666666666666667,0,0.23666666666666666,Low
0,1,0.5766666666666667,0,0.49,Moderate
0,0,0.4033333333333333,0,0.33666666666666667,Low
0,0,0.27,0,0.28,Low
0,0,0.47333333333333333,0,0.43,Moderate
0,0,0.5,0,0.41,Moderate
0,0,0.35,0,0.34,Low
0,1,0.57,1,0.5033333333333333,Moderate
0,0,0.39,0,0.35,Low
0,0,0.3333333333333333,0,0.32666666666666666,Low
0,0,0.25666666666666665,0,0.22,Low
0,0,0.29333333333333333,0,0.28,Low
0,0,0.3,0,0.29333333333333333,Low
0,0,0.44666666666666666,0,0.3933333333333333,Moderate
0,0,0.44333333333333336,0,0.4033333333333333,Moderate
0,0,0.01,0,0.05,Low
0,0,0.0,0,0.0,Low
0,0,0.0,0,0.0,Low
0,0,0.0,0,0.0,Low
0,0,0.0,0,0.02666666666666667,Low
0,0,0.0033333333333333335,0,0.043333333333333335,Low
0,0,0.006666666666666667,0,0.05333333333333334,Low
0,0,0.043333333333333335,0,0.06,Low
0,0,0.07,0,0.08,Low
0,0,0.06333333333333334,0,0.08,Low
0,0,0.06,0,0.07333333333333333,Low
0,0,0.35333333333333333,0,0.29333333333333333,Low
0,0,0.37333333333333335,0,0.3233333333333333,Low
0,0,0.28,0,0.25333333333333335,Low
0,0,0.41,0,0.38333333333333336,Moderate
0,0,0.26,0,0.25333333333333335,Low
0,0,0.41,0,0.35333333333333333,Moderate
0,0,0.39,0,0.3466666666666667,Low
0,1,0.6033333333333334,0,0.48333333333333334,Moderate
0,0,0.2966666666666667,0,0.2733333333333333,Low
0,0,0.39,0,0.37333333333333335,Moderate
0,1,0.5433333333333333,0,0.4533333333333333,Moderate
0,0,0.42333333333333334,0,0.3933333333333333,Moderate
0,0,0.4633333333333333,0,0.4033333333333333,Moderate
0,0,0.36,0,0.3466666666666667,Low
0,0,0.42,0,0.38,Moderate
0,1,0.6466666666666666,1,0.5266666666666666,Moderate
0,0,0.37,0,0.3566666666666667,Moderate
0,0,0.3933333333333333,0,0.3566666666666667,Moderate
0,0,0.42333333333333334,0,0.3566666666666667,Moderate
0,0,0.4666666666666667,0,0.4066666666666667,Moderate
0,0,0.44333333333333336,0,0.38333333333333336,Moderate
0,1,0.5133333333333333,0,0.4666666666666667,Moderate
0,1,0.5866666666666667,0,0.4866666666666667,Moderate
0,1,0.6133333333333333,1,0.51,Moderate
0,1,0.58,0,0.5,Moderate
0,0,0.03,0,0.05333333333333334,Low
1,1,0.9566666666666667,1,0.9966666666666667,Urgent
0,0,0.31666666666666665,0,0.33,Low
0,0,0.26666666666666666,0,0.25,Low
0,0,0.06333333333333334,0,0.08,Low
0,0,0.11,0,0.09,Low
0,0,0.08666666666666667,0,0.07333333333333333,Low
0,0,0.04666666666666667,0,0.056666666666666664,Low
0,0,0.01,0,0.05,Low
1,1,0.9933333333333333,1,1.0,Urgent
0,0,0.02,0,0.06666666666666667,Low
0,0,0.006666666666666667,0,0.04666666666666667,Low
0,0,0.03666666666666667,0,0.05,Low
0,0,0.006666666666666667,0,0.04666666666666667,Low
0,0,0.0033333333333333335,0,0.056666666666666664,Low
0,0,0.043333333333333335,0,0.06333333333333334,Low
0,0,0.03666666666666667,0,0.06,Low
0,0,0.05333333333333334,0,0.08,Low
0,0,0.03,0,0.056666666666666664,Low
0,0,0.04,0,0.07,Low
0,0,0.04,0,0.056666666666666664,Low
0,0,0.26,0,0.23666666666666666,Low
0,0,0.30666666666666664,0,0.2733333333333333,Low
0,0,0.27666666666666667,0,0.2833333333333333,Low
0,0,0.07333333333333333,0,0.06,Low
0,0,0.07333333333333333,0,0.07,Low
0,0,0.29,0,0.27,Low
0,0,0.08333333333333333,0,0.11666666666666667,Low
0,0,0.36666666666666664,0,0.34,Low
0,0,0.3,0,0.2733333333333333,Low
0,0,0.17666666666666667,0,0.18666666666666668,Low
0,0,0.06333333333333334,0,0.10333333333333333,Low
0,0,0.27,0,0.23,Low
0,0,0.30666666666666664,0,0.29,Low
0,1,0.5266666666666666,0,0.45,Moderate
0,0,0.043333333333333335,0,0.07,Low
0,0,0.006666666666666667,0,0.05,Low
0,0,0.016666666666666666,0,0.056666666666666664,Low
0,0,0.3333333333333333,0,0.24333333333333335,Low
0,0,0.17333333333333334,0,0.18333333333333332,Low
0,0,0.05333333333333334,0,0.06,Low
1,1,0.9433333333333334,1,0.9966666666666667,Urgent
0,0,0.0033333333333333335,0,0.04666666666666667,Low
0,0,0.0,0,0.03,Low
0,0,0.0,0,0.043333333333333335,Low
0,0,0.01,0,0.04,Low
0,0,0.01,0,0.04,Low
0,0,0.0,0,0.03666666666666667,Low
0,0,0.0,0,0.04666666666666667,Low
0,0,0.0033333333333333335,0,0.04666666666666667,Low
0,0,0.0,0,0.0033333333333333335,Low
0,0,0.0,0,0.03,Low
0,0,0.006666666666666667,0,0.05,Low
0,0,0.006666666666666667,0,0.04,Low
0,0,0.0,0,0.0,Low
0,0,0.016666666666666666,0,0.043333333333333335,Low
0,0,0.05333333333333334,0,0.06333333333333334,Low
0,0,0.04,0,0.05333333333333334,Low
0,0,0.01,0,0.06,Low
1,1,0.8966666666666666,1,0.99,Urgent
0,0,0.0,0,0.01,Low
0,0,0.0,0,0.03333333333333333,Low
0,0,0.01,0,0.043333333333333335,Low
0,0,0.03333333333333333,0,0.06,Low
0,0,0.0,0,0.06,Low
0,0,0.023333333333333334,0,0.04666666666666667,Low
0,0,0.02,0,0.05,Low
0,0,0.0033333333333333335,0,0.03333333333333333,Low
0,0,0.006666666666666667,0,0.03333333333333333,Low
0,1,0.71,1,0.6833333333333333,High
0,0,0.05,0,0.016666666666666666,Low
0,0,0.023333333333333334,0,0.0,Low
0,0,0.01,0,0.0033333333333333335,Low
0,0,0.44666666666666666,0,0.3233333333333333,Low
0,0,0.006666666666666667,0,0.056666666666666664,Low
0,0,0.05333333333333334,0,0.06,Low
0,0,0.33,0,0.2966666666666667,Low
0,0,0.09666666666666666,0,0.08,Low
0,0,0.06666666666666667,0,0.06,Low
0,0,0.06333333333333334,0,0.07333333333333333,Low
0,0,0.08333333333333333,0,0.08333333333333333,Low
0,0,0.016666666666666666,0,0.02666666666666667,Low
0,0,0.0033333333333333335,0,0.02666666666666667,Low
0,0,0.006666666666666667,0,0.03333333333333333,Low
0,0,0.04,0,0.043333333333333335,Low
0,0,0.056666666666666664,0,0.04,Low
0,0,0.07333333333333333,0,0.06,Low
0,0,0.06,0,0.07333333333333333,Low
0,0,0.07,0,0.056666666666666664,Low
0,0,0.05,0,0.06333333333333334,Low
0,0,0.05333333333333334,0,0.05333333333333334,Low
0,0,0.05,0,0.06666666666666667,Low
0,0,0.04,0,0.06666666666666667,Low
0,0,0.03333333333333333,0,0.06666666666666667,Low
0,0,0.06666666666666667,0,0.06333333333333334,Low
0,0,0.06,0,0.08333333333333333,Low
0,0,0.05,0,0.06666666666666667,Low
0,0,0.07666666666666666,0,0.08,Low
0,0,0.06666666666666667,0,0.07333333333333333,Low
0,0,0.056666666666666664,0,0.07666666666666666,Low
0,0,0.056666666666666664,0,0.06,Low
0,0,0.043333333333333335,0,0.06333333333333334,Low
0,0,0.06,0,0.056666666666666664,Low
0,0,0.06333333333333334,0,0.08666666666666667,Low
0,0,0.25666666666666665,0,0.21666666666666667,Low
0,0,0.07666666666666666,0,0.07,Low
0,0,0.04666666666666667,0,0.06,Low
0,0,0.08,0,0.07,Low
0,0,0.3,0,0.29,Low
0,0,0.08666666666666667,0,0.06333333333333334,Low
0,0,0.04,0,0.06666666666666667,Low
0,0,0.47333333333333333,0,0.42,Moderate
0,0,0.06666666666666667,0,0.06333333333333334,Low
0,0,0.09333333333333334,0,0.06,Low
0,0,0.08,0,0.09,Low
0,0,0.07,0,0.06,Low
0,0,0.2733333333333333,0,0.24333333333333335,Low
0,0,0.08,0,0.08333333333333333,Low
0,0,0.043333333333333335,0,0.05,Low
0,0,0.043333333333333335,0,0.043333333333333335,Low
0,0,0.07,0,0.06666666666666667,Low
1,1,0.8566666666666667,1,0.99,Urgent
0,0,0.38666666666666666,0,0.36,Moderate
0,0,0.31666666666666665,0,0.25333333333333335,Low
0,0,0.25666666666666665,0,0.21333333333333335,Low
0,0,0.013333333333333334,0,0.03666666666666667,Low
0,0,0.023333333333333334,0,0.056666666666666664,Low
0,0,0.03666666666666667,0,0.07333333333333333,Low
0,0,0.04666666666666667,0,0.056666666666666664,Low
0,0,0.14,0,0.11333333333333333,Low
0,0,0.043333333333333335,0,0.06,Low
0,0,0.043333333333333335,0,0.06666666666666667,Low
0,0,0.05,0,0.056666666666666664,Low
1,1,0.9,1,0.9966666666666667,Urgent
0,0,0.10333333333333333,0,0.13666666666666666,Low
0,0,0.05,0,0.06666666666666667,Low
0,0,0.09,0,0.07,Low
0,0,0.016666666666666666,0,0.05333333333333334,Low
0,0,0.02,0,0.05,Low
0,0,0.056666666666666664,0,0.07,Low
0,0,0.06333333333333334,0,0.09,Low
0,0,0.05333333333333334,0,0.06666666666666667,Low
0,0,0.39,0,0.3,Low
0,0,0.04666666666666667,0,0.08,Low
0,0,0.08333333333333333,0,0.11333333333333333,Low
0,0,0.08333333333333333,0,0.10333333333333333,Low
0,0,0.31333333333333335,0,0.26666666666666666,Low
1,1,0.92,1,0.9966666666666667,Urgent
0,0,0.44666666666666666,0,0.4033333333333333,Moderate
0,0,0.21666666666666667,0,0.22,Low
0,0,0.21333333333333335,0,0.14666666666666667,Low
0,0,0.5,0,0.39666666666666667,Moderate
0,0,0.07333333333333333,0,0.06,Low
0,0,0.05,0,0.05333333333333334,Low
0,0,0.28,0,0.23333333333333334,Low
0,0,0.08,0,0.07666666666666666,Low
0,0,0.08666666666666667,0,0.07666666666666666,Low
0,0,0.3,0,0.2633333333333333,Low
0,0,0.13,0,0.11,Low
0,0,0.07666666666666666,0,0.07333333333333333,Low
0,0,0.06333333333333334,0,0.09,Low
1,1,0.8966666666666666,1,0.9966666666666667,Urgent
0,0,0.02,0,0.08666666666666667,Low
0,0,0.07333333333333333,0,0.09333333333333334,Low
0,0,0.05333333333333334,0,0.07,Low
0,0,0.06333333333333334,0,0.07666666666666666,Low
0,0,0.0033333333333333335,0,0.04666666666666667,Low
0,0,0.02666666666666667,0,0.05,Low
0,0,0.03666666666666667,0,0.04666666666666667,Low
0,0,0.006666666666666667,0,0.04,Low
0,0,0.01,0,0.03666666666666667,Low
0,0,0.0033333333333333335,0,0.023333333333333334,Low
0,0,0.023333333333333334,0,0.05,Low
0,0,0.03666666666666667,0,0.056666666666666664,Low
0,0,0.07333333333333333,0,0.08333333333333333,Low
1,1,0.9533333333333334,1,0.9966666666666667,Urgent
0,0,0.03666666666666667,0,0.07666666666666666,Low
0,0,0.03333333333333333,0,0.05,Low
0,0,0.11666666666666667,0,0.12,Low
0,0,0.05333333333333334,0,0.06666666666666667,Low
0,0,0.09,0,0.10333333333333333,Low
0,0,0.06,0,0.06333333333333334,Low
0,0,0.06333333333333334,0,0.06333333333333334,Low
0,0,0.2966666666666667,0,0.24666666666666667,Low
0,0,0.19333333333333333,0,0.18333333333333332,Low
0,0,0.06,0,0.056666666666666664,Low
0,0,0.06666666666666667,0,0.06,Low
0,0,0.05333333333333334,0,0.07333333333333333,Low
0,0,0.06666666666666667,0,0.06666666666666667,Low
1,1,0.94,1,0.9966666666666667,Urgent
0,0,0.17,0,0.19666666666666666,Low
0,0,0.07666666666666666,0,0.10666666666666667,Low
0,0,0.09666666666666666,0,0.11666666666666667,Low
0,0,0.3433333333333333,0,0.2633333333333333,Low
0,0,0.49333333333333335,0,0.37666666666666665,Moderate
0,0,0.15333333333333332,0,0.11666666666666667,Low
0,0,0.4533333333333333,0,0.36,Moderate
0,0,0.2833333333333333,0,0.26666666666666666,Low
0,0,0.38666666666666666,0,0.2833333333333333,Low
0,0,0.37666666666666665,0,0.3233333333333333,Low
0,0,0.29,0,0.25666666666666665,Low
0,0,0.4533333333333333,0,0.39,Moderate
0,0,0.25666666666666665,0,0.23333333333333334,Low
0,0,0.4033333333333333,0,0.3233333333333333,Low
0,0,0.4266666666666667,0,0.37333333333333335,Moderate
0,0,0.3933333333333333,0,0.3466666666666667,Low
0,1,0.57,0,0.4533333333333333,Moderate
0,1,0.5033333333333333,0,0.4,Moderate
0,0,0.36,0,0.31333333333333335,Low
0,0,0.41,0,0.36666666666666664,Moderate
0,0,0.38,0,0.35,Low
1,1,0.8766666666666667,1,0.99,Urgent
0,0,0.013333333333333334,0,0.07666666666666666,Low
0,0,0.006666666666666667,0,0.05,Low
0,0,0.023333333333333334,0,0.05333333333333334,Low
0,0,0.06333333333333334,0,0.07,Low
0,0,0.056666666666666664,0,0.06,Low
0,0,0.0,0,0.0,Low
0,0,0.0,0,0.023333333333333334,Low
0,0,0.0,0,0.02666666666666667,Low
0,0,0.0033333333333333335,0,0.03,Low
0,0,0.01,0,0.05,Low
0,0,0.06,0,0.07333333333333333,Low
0,0,0.09333333333333334,0,0.07333333333333333,Low
0,0,0.04666666666666667,0,0.06,Low
0,0,0.03666666666666667,0,0.05333333333333334,Low
0,0,0.11333333333333333,0,0.08333333333333333,Low
0,0,0.06333333333333334,0,0.05,Low
0,0,0.0033333333333333335,0,0.05,Low
0,0,0.04,0,0.07,Low
0,0,0.05333333333333334,0,0.06,Low
0,0,0.05333333333333334,0,0.06666666666666667,Low
0,0,0.023333333333333334,0,0.06333333333333334,Low
0,0,0.05333333333333334,0,0.08333333333333333,Low
0,0,0.27,0,0.29,Low
1,1,0.9533333333333334,1,0.9966666666666667,Urgent
0,0,0.05,0,0.1,Low
0,0,0.056666666666666664,0,0.06333333333333334,Low
0,0,0.06333333333333334,0,0.056666666666666664,Low
0,0,0.19,0,0.19666666666666666,Low
0,0,0.04,0,0.05333333333333334,Low
0,0,0.25,0,0.25666666666666665,Low
0,0,0.07666666666666666,0,0.10333333333333333,Low
1,1,0.9,1,0.99,Urgent
0,0,0.04,0,0.09333333333333334,Low
0,0,0.06,0,0.07333333333333333,Low
0,0,0.03666666666666667,0,0.056666666666666664,Low
0,0,0.06666666666666667,0,0.06333333333333334,Low
0,0,0.056666666666666664,0,0.08,Low
0,0,0.08,0,0.1,Low
0,0,0.05,0,0.05333333333333334,Low
0,0,0.06666666666666667,0,0.07333333333333333,Low
0,0,0.03333333333333333,0,0.06,Low
1,1,0.92,1,0.9966666666666667,Urgent
0,0,0.14666666666666667,0,0.17333333333333334,Low
0,0,0.09666666666666666,0,0.08333333333333333,Low
0,0,0.016666666666666666,0,0.056666666666666664,Low
0,0,0.05333333333333334,0,0.06333333333333334,Low
0,0,0.07666666666666666,0,0.07,Low
0,0,0.05,0,0.06333333333333334,Low
0,0,0.09,0,0.08333333333333333,Low
1,1,0.92,1,0.9966666666666667,Urgent
0,0,0.023333333333333334,0,0.07666666666666666,Low
0,0,0.07333333333333333,0,0.06333333333333334,Low
0,0,0.26666666666666666,0,0.2633333333333333,Low
0,0,0.043333333333333335,0,0.06,Low
0,0,0.11666666666666667,0,0.10666666666666667,Low
0,0,0.42333333333333334,0,0.30333333333333334,Low
0,0,0.016666666666666666,0,0.056666666666666664,Low
0,0,0.043333333333333335,0,0.07666666666666666,Low
0,0,0.05333333333333334,0,0.07,Low
0,0,0.07,0,0.06,Low
0,0,0.043333333333333335,0,0.08333333333333333,Low
0,0,0.023333333333333334,0,0.056666666666666664,Low
0,0,0.06,0,0.07333333333333333,Low
0,0,0.04666666666666667,0,0.06,Low
0,0,0.07333333333333333,0,0.08,Low
0,0,0.07333333333333333,0,0.08666666666666667,Low
0,0,0.05333333333333334,0,0.07,Low
0,0,0.10333333333333333,0,0.12,Low
0,0,0.06,0,0.10333333333333333,Low
0,0,0.24333333333333335,0,0.21666666666666667,Low
0,0,0.39666666666666667,0,0.3233333333333333,Low
0,0,0.3433333333333333,0,0.30333333333333334,Low
0,0,0.13,0,0.12666666666666668,Low
0,0,0.30333333333333334,0,0.2633333333333333,Low
0,0,0.35333333333333333,0,0.31333333333333335,Low
0,0,0.4066666666666667,0,0.3466666666666667,Low
0,0,0.19333333333333333,0,0.22,Low
1,1,0.9366666666666666,1,0.9966666666666667,Urgent
0,0,0.25,0,0.24666666666666667,Low
0,0,0.3466666666666667,0,0.30333333333333334,Low
0,0,0.08333333333333333,0,0.07666666666666666,Low
0,0,0.36,0,0.31666666666666665,Low
0,0,0.4766666666666667,0,0.3933333333333333,Moderate
0,0,0.1,0,0.08,Low
0,0,0.043333333333333335,0,0.056666666666666664,Low
0,0,0.07333333333333333,0,0.07,Low
0,0,0.11333333333333333,0,0.08333333333333333,Low
0,0,0.023333333333333334,0,0.05333333333333334,Low
0,0,0.06,0,0.07,Low
0,0,0.10666666666666667,0,0.08666666666666667,Low
0,0,0.0,0,0.0,Low
0,0,0.0,0,0.0,Low
0,0,0.0,0,0.0,Low
0,0,0.0033333333333333335,0,0.0033333333333333335,Low
0,0,0.01,0,0.04666666666666667,Low
0,0,0.01,0,0.043333333333333335,Low
0,0,0.06,0,0.056666666666666664,Low
1,1,0.9533333333333334,1,0.9966666666666667,Urgent
0,0,0.03333333333333333,0,0.06333333333333334,Low
0,0,0.06666666666666667,0,0.06333333333333334,Low
0,0,0.11666666666666667,0,0.10333333333333333,Low
0,0,0.31,0,0.23666666666666666,Low
0,0,0.36333333333333334,0,0.28,Low
0,0,0.3,0,0.22666666666666666,Low
0,0,0.34,0,0.2866666666666667,Low
0,0,0.08666666666666667,0,0.11333333333333333,Low
0,0,0.49666666666666665,0,0.43,Moderate
0,0,0.49333333333333335,0,0.38666666666666666,Moderate
0,0,0.2633333333333333,0,0.27666666666666667,Low
0,1,0.5066666666666667,0,0.42,Moderate
0,0,0.3466666666666667,0,0.29333333333333333,Low
0,0,0.08666666666666667,0,0.13,Low
0,0,0.4633333333333333,0,0.38666666666666666,Moderate
0,0,0.45,0,0.43,Moderate
0,1,0.57,1,0.5633333333333334,Moderate
1,1,0.9366666666666666,1,0.9966666666666667,Urgent
0,0,0.44666666666666666,0,0.4033333333333333,Moderate
0,0,0.22666666666666666,0,0.23,Low
0,1,0.6533333333333333,1,0.5066666666666667,Moderate
0,0,0.31666666666666665,0,0.2866666666666667,Low
0,1,0.5166666666666667,0,0.4166666666666667,Moderate
0,0,0.30666666666666664,0,0.2633333333333333,Low
0,0,0.47,0,0.3466666666666667,Low
0,1,0.5733333333333334,0,0.44,Moderate
0,0,0.08666666666666667,0,0.11333333333333333,Low
0,0,0.05333333333333334,0,0.07,Low
0,0,0.28,0,0.23333333333333334,Low
0,0,0.06,0,0.07666666666666666,Low
0,0,0.32666666666666666,0,0.3,Low
1,1,0.8766666666666667,1,0.9966666666666667,Urgent
0,0,0.006666666666666667,0,0.04666666666666667,Low
0,0,0.06333333333333334,0,0.07666666666666666,Low
0,0,0.05333333333333334,0,0.06666666666666667,Low
0,0,0.05333333333333334,0,0.06666666666666667,Low
0,0,0.11333333333333333,0,0.08333333333333333,Low
0,0,0.04666666666666667,0,0.056666666666666664,Low
0,0,0.12,0,0.08,Low
0,0,0.056666666666666664,0,0.07,Low
0,0,0.3933333333333333,0,0.3,Low
0,0,0.31,0,0.26,Low
0,0,0.3433333333333333,0,0.3433333333333333,Low
1,1,0.88,1,0.99,Urgent
0,0,0.3566666666666667,0,0.3433333333333333,Low
0,0,0.07,0,0.07,Low
0,0,0.4033333333333333,0,0.30666666666666664,Low
0,0,0.07333333333333333,0,0.09333333333333334,Low
0,0,0.2733333333333333,0,0.20666666666666667,Low
0,0,0.14,0,0.13333333333333333,Low
0,0,0.41,0,0.3433333333333333,Low
0,0,0.21,0,0.15666666666666668,Low
0,0,0.07666666666666666,0,0.07,Low
0,0,0.04666666666666667,0,0.06,Low
0,0,0.056666666666666664,0,0.06666666666666667,Low
0,0,0.4633333333333333,0,0.38,Moderate
0,0,0.43666666666666665,0,0.35333333333333333,Moderate
0,0,0.08666666666666667,0,0.07666666666666666,Low
0,0,0.06,0,0.06666666666666667,Low
0,0,0.09,0,0.07,Low
0,0,0.07333333333333333,0,0.07333333333333333,Low
0,0,0.08333333333333333,0,0.07,Low
0,0,0.09666666666666666,0,0.08,Low
0,0,0.07666666666666666,0,0.06333333333333334,Low
0,0,0.04666666666666667,0,0.06333333333333334,Low
0,0,0.05333333333333334,0,0.06333333333333334,Low
0,0,0.056666666666666664,0,0.056666666666666664,Low
0,0,0.06666666666666667,0,0.06333333333333334,Low
0,0,0.04666666666666667,0,0.056666666666666664,Low
0,0,0.09,0,0.07333333333333333,Low
0,0,0.07666666666666666,0,0.06333333333333334,Low
0,0,0.12333333333333334,0,0.10333333333333333,Low
0,0,0.043333333333333335,0,0.05333333333333334,Low
0,0,0.06,0,0.06,Low
0,0,0.1,0,0.08333333333333333,Low
0,0,0.05333333333333334,0,0.07333333333333333,Low
0,0,0.39666666666666667,0,0.30333333333333334,Low
0,1,0.5466666666666666,0,0.38666666666666666,Moderate
0,1,0.5666666666666667,0,0.42333333333333334,Moderate
0,0,0.10666666666666667,0,0.08,Low
0,0,0.023333333333333334,0,0.04666666666666667,Low
0,0,0.02666666666666667,0,0.05333333333333334,Low
0,0,0.06,0,0.07333333333333333,Low
0,0,0.04,0,0.06333333333333334,Low
0,0,0.04,0,0.06333333333333334,Low
0,0,0.06666666666666667,0,0.07333333333333333,Low
0,0,0.043333333333333335,0,0.056666666666666664,Low
0,0,0.1,0,0.08333333333333333,Low
0,0,0.06666666666666667,0,0.06666666666666667,Low
0,0,0.09333333333333334,0,0.06666666666666667,Low
0,0,0.06,0,0.056666666666666664,Low
0,0,0.04666666666666667,0,0.06333333333333334,Low
0,0,0.13,0,0.09666666666666666,Low
0,0,0.043333333333333335,0,0.05,Low
0,0,0.2966666666666667,0,0.23,Low
0,0,0.38333333333333336,0,0.26,Low
0,0,0.06666666666666667,0,0.06333333333333334,Low
0,0,0.06666666666666667,0,0.056666666666666664,Low
0,0,0.07666666666666666,0,0.07666666666666666,Low
0,0,0.07666666666666666,0,0.09,Low
0,0,0.043333333333333335,0,0.07,Low
0,0,0.06333333333333334,0,0.07,Low
0,0,0.20666666666666667,0,0.17333333333333334,Low
0,0,0.03666666666666667,0,0.05333333333333334,Low
0,0,0.07333333333333333,0,0.06666666666666667,Low
0,0,0.05333333333333334,0,0.06,Low
0,0,0.14666666666666667,0,0.14,Low
1,1,0.9033333333333333,1,0.9966666666666667,Urgent
0,0,0.013333333333333334,0,0.08333333333333333,Low
0,0,0.05,0,0.05,Low
0,0,0.06333333333333334,0,0.08333333333333333,Low
0,1,0.5433333333333333,0,0.3933333333333333,Moderate
0,0,0.07,0,0.06666666666666667,Low
0,0,0.06333333333333334,0,0.05333333333333334,Low
0,0,0.05,0,0.06666666666666667,Low
0,0,0.12666666666666668,0,0.12333333333333334,Low
0,0,0.04,0,0.06333333333333334,Low
0,0,0.03333333333333333,0,0.056666666666666664,Low
0,0,0.07,0,0.07333333333333333,Low
0,0,0.07,0,0.07,Low
0,0,0.08,0,0.11666666666666667,Low
1,1,0.9166666666666666,1,0.9966666666666667,Urgent
0,0,0.03333333333333333,0,0.06666666666666667,Low
0,0,0.08,0,0.07333333333333333,Low
0,0,0.04666666666666667,0,0.056666666666666664,Low
0,0,0.08,0,0.09,Low
0,0,0.056666666666666664,0,0.07,Low
0,0,0.06,0,0.06666666666666667,Low
0,0,0.056666666666666664,0,0.06666666666666667,Low
0,0,0.08,0,0.06333333333333334,Low
0,0,0.08666666666666667,0,0.09666666666666666,Low
0,0,0.16,0,0.14333333333333334,Low
0,0,0.3,0,0.3,Low
1,1,0.9,1,0.9966666666666667,Urgent
0,0,0.44333333333333336,0,0.35,Low
0,0,0.21333333333333335,0,0.19666666666666666,Low
0,1,0.5066666666666667,0,0.33,Low
0,0,0.016666666666666666,0,0.05,Low
0,0,0.06,0,0.06333333333333334,Low
0,0,0.10666666666666667,0,0.08666666666666667,Low
0,0,0.05333333333333334,0,0.06666666666666667,Low
1,1,0.8933333333333333,1,0.99,Urgent
0,0,0.0,0,0.043333333333333335,Low
0,0,0.01,0,0.04,Low
0,0,0.04,0,0.056666666666666664,Low
0,0,0.06,0,0.07,Low
0,0,0.06333333333333334,0,0.06,Low
0,0,0.06666666666666667,0,0.07666666666666666,Low
0,0,0.04666666666666667,0,0.06666666666666667,Low
0,0,0.023333333333333334,0,0.05333333333333334,Low
0,0,0.04,0,0.056666666666666664,Low
1,1,0.9033333333333333,1,0.9966666666666667,Urgent
0,0,0.03,0,0.06666666666666667,Low
0,0,0.07,0,0.05,Low
0,0,0.04,0,0.05,Low
0,0,0.056666666666666664,0,0.05333333333333334,Low
0,0,0.07666666666666666,0,0.06666666666666667,Low
0,0,0.056666666666666664,0,0.07,Low
0,0,0.05333333333333334,0,0.05333333333333334,Low
0,0,0.043333333333333335,0,0.056666666666666664,Low
0,0,0.03666666666666667,0,0.05333333333333334,Low
0,0,0.056666666666666664,0,0.06,Low
0,0,0.043333333333333335,0,0.06666666666666667,Low
0,0,0.05333333333333334,0,0.06666666666666667,Low
0,0,0.09333333333333334,0,0.08,Low
0,0,0.01,0,0.04,Low
0,0,0.04666666666666667,0,0.06333333333333334,Low
0,0,0.06333333333333334,0,0.06666666666666667,Low
0,0,0.043333333333333335,0,0.056666666666666664,Low
0,0,0.06333333333333334,0,0.07,Low
0,0,0.07666666666666666,0,0.07333333333333333,Low
0,0,0.36333333333333334,0,0.31,Low
0,0,0.24333333333333335,0,0.17666666666666667,Low
0,0,0.05,0,0.06333333333333334,Low
0,0,0.09,0,0.07333333333333333,Low
0,0,0.07,0,0.07,Low
0,0,0.10333333333333333,0,0.09333333333333334,Low
1,1,0.9566666666666667,1,0.9966666666666667,Urgent
0,0,0.0033333333333333335,0,0.04666666666666667,Low
0,0,0.023333333333333334,0,0.06,Low
0,0,0.06666666666666667,0,0.07333333333333333,Low
0,0,0.02,0,0.05,Low
0,0,0.04666666666666667,0,0.056666666666666664,Low
0,0,0.06333333333333334,0,0.056666666666666664,Low
0,0,0.056666666666666664,0,0.07,Low
0,0,0.13,0,0.11333333333333333,Low
0,0,0.1,0,0.08333333333333333,Low
0,0,0.03666666666666667,0,0.06333333333333334,Low
0,0,0.04666666666666667,0,0.06,Low
0,0,0.13,0,0.09333333333333334,Low
0,0,0.04666666666666667,0,0.06,Low
0,0,0.056666666666666664,0,0.04,Low
0,0,0.10333333333333333,0,0.07,Low
0,0,0.10333333333333333,0,0.07333333333333333,Low
0,0,0.07666666666666666,0,0.06333333333333334,Low
0,0,0.05333333333333334,0,0.06333333333333334,Low
0,0,0.08333333333333333,0,0.06,Low
0,0,0.10666666666666667,0,0.07,Low
0,0,0.39,0,0.31666666666666665,Low
1,1,0.8933333333333333,1,0.99,Urgent
0,0,0.22666666666666666,0,0.2633333333333333,Low
0,0,0.07333333333333333,0,0.06666666666666667,Low
0,0,0.05,0,0.06333333333333334,Low
0,0,0.07333333333333333,0,0.08333333333333333,Low
0,0,0.02,0,0.043333333333333335,Low
0,0,0.05333333333333334,0,0.06666666666666667,Low
0,0,0.05,0,0.07,Low
0,0,0.02,0,0.04666666666666667,Low
0,0,0.03,0,0.05333333333333334,Low
0,0,0.03,0,0.06333333333333334,Low
0,0,0.02666666666666667,0,0.05333333333333334,Low
0,0,0.04666666666666667,0,0.05,Low
0,0,0.09333333333333334,0,0.08333333333333333,Low
1,1,0.9766666666666667,1,0.9966666666666667,Urgent
0,0,0.0,0,0.043333333333333335,Low
0,0,0.0033333333333333335,0,0.05333333333333334,Low
0,0,0.02666666666666667,0,0.05,Low
0,0,0.04666666666666667,0,0.056666666666666664,Low
0,0,0.1,0,0.08,Low
0,0,0.06,0,0.07333333333333333,Low
0,0,0.12666666666666668,0,0.09333333333333334,Low
0,0,0.08,0,0.08,Low
0,0,0.06,0,0.08333333333333333,Low
0,0,0.0,0,0.05,Low
0,0,0.01,0,0.05,Low
0,0,0.016666666666666666,0,0.05333333333333334,Low
0,0,0.03,0,0.06333333333333334,Low
1,1,0.9,1,0.9966666666666667,Urgent
0,0,0.0,0,0.03666666666666667,Low
0,0,0.016666666666666666,0,0.04666666666666667,Low
0,0,0.013333333333333334,0,0.056666666666666664,Low
0,0,0.04,0,0.056666666666666664,Low
0,0,0.03666666666666667,0,0.06,Low
0,1,0.95,1,0.5733333333333334,Moderate
0,0,0.0,0,0.0,Low
0,0,0.01,0,0.0,Low
0,0,0.0,0,0.006666666666666667,Low
1,0,0.34,1,0.64,High
0,0,0.013333333333333334,0,0.0033333333333333335,Low
0,0,0.013333333333333334,0,0.0,Low
0,0,0.013333333333333334,0,0.0,Low
0,0,0.013333333333333334,0,0.0,Low
0,0,0.016666666666666666,0,0.0,Low
0,0,0.0,0,0.0,Low
0,0,0.0,0,0.0,Low
0,0,0.0,0,0.0,Low
0,0,0.0033333333333333335,0,0.0,Low
0,0,0.0033333333333333335,0,0.016666666666666666,Low
0,0,0.08666666666666667,0,0.02666666666666667,Low
0,0,0.0,0,0.0,Low
0,0,0.0,0,0.0,Low
0,0,0.0,0,0.0,Low
0,0,0.0,0,0.0,Low
0,0,0.0,0,0.0,Low
0,0,0.0,0,0.0,Low
0,0,0.0,0,0.0,Low
0,0,0.0,0,0.0,Low
0,0,0.0,0,0.0,Low
0,0,0.0,0,0.006666666666666667,Low
1,1,0.72,1,0.9333333333333333,Urgent
0,0,0.0,0,0.0033333333333333335,Low
0,0,0.006666666666666667,0,0.0,Low
0,0,0.0033333333333333335,0,0.0,Low
0,0,0.0033333333333333335,0,0.0,Low
0,0,0.01,0,0.02666666666666667,Low
0,0,0.0,0,0.0033333333333333335,Low
0,0,0.01,0,0.03666666666666667,Low
0,0,0.0033333333333333335,0,0.03,Low
0,0,0.0033333333333333335,0,0.04,Low
0,0,0.006666666666666667,0,0.02666666666666667,Low
0,0,0.0,0,0.04,Low
1,1,0.92,1,0.99,Urgent
0,0,0.0,0,0.04,Low
0,0,0.0033333333333333335,0,0.03,Low
0,0,0.0033333333333333335,0,0.03666666666666667,Low
0,0,0.006666666666666667,0,0.03,Low
0,0,0.0,0,0.02666666666666667,Low
0,0,0.0033333333333333335,0,0.04,Low
0,0,0.006666666666666667,0,0.04,Low
0,0,0.0033333333333333335,0,0.03666666666666667,Low
0,0,0.013333333333333334,0,0.04,Low
0,0,0.006666666666666667,0,0.056666666666666664,Low
0,0,0.5,0,0.27,Low
0,0,0.05333333333333334,0,0.0,Low
0,0,0.006666666666666667,0,0.0,Low
0,0,0.0,0,0.0,Low
0,0,0.006666666666666667,0,0.0,Low
0,0,0.02,0,0.0,Low
0,0,0.05333333333333334,0,0.0,Low
0,0,0.05333333333333334,0,0.0,Low
0,0,0.006666666666666667,0,0.0,Low
0,0,0.0033333333333333335,0,0.0,Low
0,0,0.0,0,0.0,Low
0,0,0.0,0,0.0,Low
0,0,0.4533333333333333,0,0.22333333333333333,Low
0,0,0.01,0,0.04,Low
0,0,0.06,0,0.07,Low
0,0,0.3433333333333333,0,0.24666666666666667,Low
0,0,0.04,0,0.06,Low
0,0,0.08666666666666667,0,0.07333333333333333,Low
0,1,0.5066666666666667,0,0.2833333333333333,Low
0,0,0.023333333333333334,0,0.0,Low
0,0,0.4766666666666667,0,0.4166666666666667,Moderate
0,0,0.41,0,0.17,Low
0,0,0.03,0,0.06666666666666667,Low
0,0,0.01,0,0.02,Low
0,0,0.0033333333333333335,0,0.056666666666666664,Low
0,0,0.06333333333333334,0,0.043333333333333335,Low
0,0,0.006666666666666667,0,0.03,Low
0,0,0.03666666666666667,0,0.03666666666666667,Low
0,0,0.043333333333333335,0,0.03666666666666667,Low
0,0,0.05333333333333334,0,0.04,Low
0,0,0.06666666666666667,0,0.04,Low
0,0,0.03666666666666667,0,0.03666666666666667,Low
0,0,0.043333333333333335,0,0.04,Low
0,0,0.03333333333333333,0,0.04,Low
0,0,0.09666666666666666,0,0.07,Low
0,0,0.03666666666666667,0,0.05,Low
0,0,0.07333333333333333,0,0.043333333333333335,Low
0,0,0.023333333333333334,0,0.04,Low
0,0,0.03666666666666667,0,0.043333333333333335,Low
0,0,0.023333333333333334,0,0.04,Low
0,0,0.08666666666666667,0,0.13,Low
1,1,0.9733333333333334,1,1.0,Urgent
0,0,0.15,0,0.16666666666666666,Low
0,0,0.13666666666666666,0,0.12666666666666668,Low
0,0,0.07,0,0.056666666666666664,Low
0,0,0.1,0,0.05333333333333334,Low
0,0,0.06,0,0.06,Low
0,0,0.06666666666666667,0,0.05333333333333334,Low
0,0,0.13,0,0.09666666666666666,Low
0,0,0.30666666666666664,0,0.24666666666666667,Low
0,0,0.13,0,0.13666666666666666,Low
0,0,0.043333333333333335,0,0.06333333333333334,Low
0,0,0.4166666666666667,0,0.32,Low
0,0,0.07666666666666666,0,0.08333333333333333,Low
0,0,0.2633333333333333,0,0.24,Low
0,0,0.2633333333333333,0,0.21666666666666667,Low
0,0,0.24333333333333335,0,0.20333333333333334,Low
0,0,0.2733333333333333,0,0.22666666666666666,Low
0,0,0.32,0,0.27666666666666667,Low
0,0,0.05,0,0.06333333333333334,Low
0,0,0.41333333333333333,0,0.36666666666666664,Moderate
1,1,0.6133333333333333,1,0.9266666666666666,Urgent
0,1,0.5266666666666666,0,0.44,Moderate
0,0,0.15,0,0.10666666666666667,Low
0,0,0.41,0,0.30333333333333334,Low
0,0,0.35333333333333333,0,0.27666666666666667,Low
0,0,0.37666666666666665,0,0.31666666666666665,Low
0,0,0.2866666666666667,0,0.25,Low
0,1,0.6066666666666667,0,0.44,Moderate
0,0,0.34,0,0.29333333333333333,Low
0,0,0.056666666666666664,0,0.06333333333333334,Low
0,0,0.24666666666666667,0,0.19,Low
0,0,0.45666666666666667,0,0.29,Low
0,0,0.12,0,0.07666666666666666,Low
0,0,0.09,0,0.06,Low
0,0,0.04,0,0.043333333333333335,Low
0,0,0.0,0,0.0033333333333333335,Low
0,0,0.0,0,0.0,Low
0,0,0.0,0,0.023333333333333334,Low
0,0,0.0,0,0.04,Low
0,0,0.016666666666666666,0,0.06333333333333334,Low
1,1,0.8,1,0.9766666666666667,Urgent
0,0,0.04666666666666667,0,0.11,Low
0,0,0.28,0,0.22666666666666666,Low
0,0,0.05333333333333334,0,0.06,Low
0,1,0.5466666666666666,0,0.45666666666666667,Moderate
0,0,0.41333333333333333,0,0.31,Low
0,1,0.66,1,0.56,Moderate
0,1,0.5533333333333333,0,0.4033333333333333,Moderate
0,0,0.4766666666666667,0,0.4033333333333333,Moderate
0,0,0.49666666666666665,0,0.39666666666666667,Moderate
0,1,0.5166666666666667,0,0.4033333333333333,Moderate
0,1,0.6266666666666667,1,0.5133333333333333,Moderate
0,1,0.6166666666666667,1,0.51,Moderate
0,1,0.52,0,0.43333333333333335,Moderate
0,1,0.53,0,0.38666666666666666,Moderate
0,1,0.7066666666666667,1,0.5366666666666666,Moderate
0,1,0.71,1,0.5366666666666666,Moderate
0,1,0.6266666666666667,0,0.45666666666666667,Moderate
0,1,0.65,0,0.47,Moderate
0,0,0.44333333333333336,0,0.3333333333333333,Low
0,1,0.5333333333333333,0,0.37666666666666665,Moderate
0,1,0.5166666666666667,0,0.44333333333333336,Moderate
1,1,0.8666666666666667,1,0.99,Urgent
0,0,0.15333333333333332,0,0.18,Low
0,0,0.43333333333333335,0,0.33,Low
0,1,0.5333333333333333,0,0.4266666666666667,Moderate
0,0,0.38,0,0.2833333333333333,Low
0,0,0.38333333333333336,0,0.29,Low
0,0,0.03666666666666667,0,0.06666666666666667,Low
0,0,0.02666666666666667,0,0.056666666666666664,Low
0,0,0.043333333333333335,0,0.056666666666666664,Low
0,0,0.0,0,0.023333333333333334,Low
0,0,0.0,0,0.0033333333333333335,Low
0,0,0.006666666666666667,0,0.0,Low
0,0,0.0,0,0.0,Low
0,0,0.0,0,0.0,Low
0,0,0.0,0,0.0,Low
0,0,0.0,0,0.0,Low
0,0,0.0,0,0.0,Low
0,0,0.0,0,0.0,Low
0,0,0.0,0,0.0,Low
0,0,0.0,0,0.0,Low
0,0,0.0,0,0.0,Low
0,0,0.0033333333333333335,0,0.0,Low
0,0,0.0,0,0.0,Low
0,0,0.0033333333333333335,0,0.0,Low
0,0,0.0,0,0.0,Low
0,0,0.0,0,0.0,Low
0,0,0.0,0,0.0,Low
0,0,0.0,0,0.0,Low
0,0,0.0,0,0.0,Low
0,0,0.0,0,0.0,Low
0,0,0.0,0,0.0,Low
0,0,0.0,0,0.0,Low
0,0,0.0,0,0.0,Low
0,0,0.0,0,0.0,Low
0,0,0.0033333333333333335,0,0.0,Low
0,0,0.0,0,0.0,Low
0,0,0.0,0,0.0,Low
0,0,0.0,0,0.0,Low
0,0,0.0,0,0.0,Low
0,0,0.0,0,0.0,Low
0,0,0.0033333333333333335,0,0.0,Low
0,0,0.0,0,0.0,Low
0,0,0.0,0,0.0,Low
0,0,0.0,0,0.0,Low
0,0,0.0,0,0.0,Low
0,0,0.0,0,0.0,Low
0,0,0.0,0,0.0,Low
0,0,0.0,0,0.0,Low
0,0,0.0,0,0.0,Low
0,0,0.0,0,0.0,Low
0,0,0.0,0,0.0,Low
0,0,0.0,0,0.0,Low
0,0,0.0,0,0.0,Low
0,0,0.0,0,0.006666666666666667,Low
1,1,1.0,1,1.0,Urgent
0,0,0.006666666666666667,0,0.0033333333333333335,Low
0,0,0.0,0,0.0,Low
0,0,0.0,0,0.0,Low
0,0,0.0,0,0.0,Low
0,0,0.0,0,0.0,Low
0,0,0.0,0,0.0,Low
0,0,0.0,0,0.0,Low
0,0,0.0,0,0.0,Low
0,0,0.006666666666666667,0,0.0,Low
0,0,0.016666666666666666,0,0.0,Low
0,0,0.0,0,0.0,Low
0,0,0.0,0,0.0,Low
0,0,0.0,0,0.0,Low
0,0,0.0033333333333333335,0,0.0,Low
0,0,0.0,0,0.0,Low
0,0,0.0,0,0.0,Low
0,0,0.0,0,0.0,Low
0,0,0.0,0,0.0,Low
0,0,0.0,0,0.0,Low
0,0,0.0,0,0.0,Low
0,0,0.0,0,0.0,Low
0,0,0.0033333333333333335,0,0.0,Low
0,0,0.0,0,0.0,Low
0,0,0.0033333333333333335,0,0.0,Low
0,0,0.0033333333333333335,0,0.0,Low
0,0,0.0,0,0.0,Low
0,0,0.0,0,0.0,Low
0,0,0.0,0,0.0,Low
0,0,0.0,0,0.0,Low
0,0,0.006666666666666667,0,0.0,Low
0,0,0.006666666666666667,0,0.01,Low
1,1,0.9866666666666667,1,0.9966666666666667,Urgent
0,0,0.0,0,0.0,Low
0,0,0.0,0,0.0,Low
0,0,0.0,0,0.0,Low
0,0,0.0,0,0.0,Low
0,0,0.0,0,0.0,Low
0,0,0.0,0,0.0,Low
0,0,0.0033333333333333335,0,0.01,Low
1,1,0.9866666666666667,1,1.0,Urgent
0,0,0.0,0,0.0,Low
0,0,0.0,0,0.0,Low
0,0,0.0,0,0.0,Low
0,0,0.0,0,0.0,Low
0,0,0.0033333333333333335,0,0.0,Low
0,0,0.0033333333333333335,0,0.0,Low
0,0,0.0,0,0.0,Low
0,0,0.0,0,0.0,Low
0,0,0.0,0,0.0,Low
0,0,0.0,0,0.0,Low
0,0,0.0,0,0.0,Low
0,0,0.006666666666666667,0,0.0,Low
0,0,0.0,0,0.0,Low
0,0,0.0,0,0.0,Low
0,0,0.0,0,0.0,Low
0,0,0.0,0,0.0,Low
0,0,0.0,0,0.0,Low
0,0,0.0,0,0.0,Low
0,0,0.0,0,0.0,Low
0,0,0.0,0,0.0,Low
0,0,0.006666666666666667,0,0.02,Low
1,1,0.9933333333333333,1,0.94,Urgent
1,1,0.97,1,0.9866666666666667,Urgent
0,0,0.0033333333333333335,0,0.0,Low
0,0,0.0,0,0.0,Low
0,0,0.0,0,0.0,Low
0,0,0.0,0,0.0,Low
0,0,0.0,0,0.0,Low
0,0,0.0,0,0.0,Low
0,0,0.0,0,0.0,Low
0,0,0.0,0,0.0,Low
0,0,0.0,0,0.0,Low
0,0,0.0,0,0.0,Low
0,0,0.0,0,0.0,Low
0,0,0.0,0,0.0,Low
0,0,0.0,0,0.0,Low
0,0,0.0,0,0.0,Low
0,0,0.0,0,0.0,Low
0,0,0.0,0,0.0,Low
0,0,0.0,0,0.0,Low
0,0,0.0,0,0.0,Low
0,0,0.006666666666666667,0,0.01,Low
1,1,0.9866666666666667,1,0.9966666666666667,Urgent
0,0,0.0033333333333333335,0,0.0033333333333333335,Low
0,0,0.0,0,0.0,Low
0,0,0.0,0,0.0,Low
0,0,0.0,0,0.0,Low
0,0,0.0,0,0.0,Low
0,0,0.0,0,0.0,Low
0,0,0.0,0,0.0033333333333333335,Low
0,0,0.0,0,0.0,Low
0,0,0.0033333333333333335,0,0.01,Low
1,1,0.9233333333333333,1,0.9966666666666667,Urgent
0,0,0.0033333333333333335,0,0.01,Low
0,0,0.0,0,0.0,Low
0,0,0.0,0,0.0,Low
0,0,0.0,0,0.0,Low
0,0,0.0,0,0.0,Low
0,0,0.0,0,0.0,Low
0,0,0.0,0,0.0,Low
0,0,0.0,0,0.0,Low
0,0,0.0,0,0.0,Low
0,0,0.0,0,0.0,Low
0,0,0.0,0,0.0,Low
0,0,0.0,0,0.0,Low
0,0,0.0,0,0.0,Low
0,0,0.0,0,0.0,Low
0,0,0.0033333333333333335,0,0.0,Low
0,0,0.0,0,0.0,Low
0,0,0.0,0,0.0,Low
0,0,0.0,0,0.0,Low
0,0,0.0,0,0.0,Low
0,0,0.0,0,0.0,Low
0,0,0.0,0,0.0,Low
0,0,0.0,0,0.0,Low
0,0,0.0,0,0.0,Low
0,0,0.0,0,0.0,Low
0,0,0.0,0,0.0,Low
0,0,0.0,0,0.0,Low
0,0,0.0,0,0.0,Low
0,0,0.0,0,0.0,Low
0,0,0.006666666666666667,0,0.01,Low
1,1,0.98,1,0.9966666666666667,Urgent
0,0,0.006666666666666667,0,0.0,Low
0,0,0.0,0,0.0,Low
0,0,0.0,0,0.0,Low
0,0,0.0,0,0.0,Low
0,0,0.0033333333333333335,0,0.0,Low
0,0,0.0,0,0.0,Low
0,0,0.0033333333333333335,0,0.0033333333333333335,Low
0,0,0.0033333333333333335,0,0.0,Low
0,0,0.0,0,0.0,Low
0,0,0.0,0,0.0,Low
0,0,0.0,0,0.0,Low
0,0,0.006666666666666667,0,0.0,Low
0,0,0.0033333333333333335,0,0.0,Low
0,0,0.0033333333333333335,0,0.0,Low
0,0,0.0033333333333333335,0,0.0,Low
0,0,0.0,0,0.0,Low
0,0,0.0,0,0.0,Low
0,0,0.0,0,0.0,Low
0,0,0.006666666666666667,0,0.0,Low
0,0,0.0033333333333333335,0,0.0,Low
0,0,0.0033333333333333335,0,0.0,Low
0,0,0.0,0,0.0,Low
0,0,0.0,0,0.0,Low
0,0,0.0,0,0.0,Low
0,0,0.0,0,0.0,Low
0,0,0.0,0,0.0,Low
0,0,0.0,0,0.0,Low
0,0,0.0,0,0.0,Low
0,0,0.0,0,0.0,Low
0,0,0.0,0,0.0,Low
0,0,0.0033333333333333335,0,0.013333333333333334,Low
0,0,0.0,0,0.0,Low
0,0,0.0,0,0.0,Low
0,0,0.006666666666666667,0,0.013333333333333334,Low
1,1,0.9766666666666667,1,0.9933333333333333,Urgent
0,0,0.01,0,0.0033333333333333335,Low
0,0,0.0,0,0.0,Low
0,0,0.0,0,0.0,Low
0,0,0.0,0,0.0,Low
0,0,0.0033333333333333335,0,0.0,Low
0,0,0.0,0,0.0,Low
0,0,0.0,0,0.0,Low
0,0,0.0,0,0.0,Low
0,0,0.0,0,0.0,Low
0,0,0.0,0,0.0,Low
0,0,0.0,0,0.0,Low
0,0,0.0,0,0.0,Low
0,0,0.0,0,0.0,Low
0,0,0.0033333333333333335,0,0.0,Low
0,0,0.0,0,0.0,Low
0,1,0.7233333333333334,0,0.31666666666666665,Low
0,0,0.013333333333333334,0,0.006666666666666667,Low
0,0,0.023333333333333334,0,0.043333333333333335,Low
0,0,0.0033333333333333335,0,0.06333333333333334,Low
0,0,0.43666666666666665,0,0.3233333333333333,Low
0,0,0.35,0,0.3233333333333333,Low
0,0,0.3933333333333333,0,0.36333333333333334,Moderate
0,0,0.4533333333333333,0,0.36,Moderate
0,0,0.46,0,0.37333333333333335,Moderate
0,0,0.06333333333333334,0,0.07666666666666666,Low
0,0,0.0,0,0.03333333333333333,Low
0,0,0.0,0,0.0,Low
0,0,0.0,0,0.0,Low
0,0,0.0,0,0.0,Low
0,0,0.0,0,0.0,Low
0,0,0.0033333333333333335,0,0.013333333333333334,Low
0,0,0.0,0,0.0,Low
0,0,0.0,0,0.0,Low
0,0,0.0033333333333333335,0,0.0,Low
0,0,0.0033333333333333335,0,0.0,Low
0,0,0.01,0,0.0,Low
0,0,0.0033333333333333335,0,0.0,Low
0,0,0.0,0,0.0,Low
0,0,0.0033333333333333335,0,0.0,Low
0,0,0.0033333333333333335,0,0.0,Low
0,0,0.0,0,0.0,Low
0,0,0.0,0,0.01,Low
0,0,0.0,0,0.0,Low
0,0,0.0,0,0.0,Low
0,0,0.0,0,0.0,Low
0,0,0.0,0,0.0,Low
0,0,0.0,0,0.0,Low
0,0,0.0,0,0.0,Low
0,0,0.0,0,0.0,Low
0,0,0.0,0,0.0,Low
0,0,0.0,0,0.0,Low
0,0,0.0,0,0.0,Low
0,0,0.0,0,0.0,Low
0,0,0.0,0,0.0,Low
0,0,0.0,0,0.0,Low
0,0,0.0,0,0.0,Low
0,0,0.0,0,0.0,Low
0,0,0.0,0,0.0,Low
0,0,0.0,0,0.0,Low
0,0,0.0,0,0.0033333333333333335,Low
0,0,0.0,0,0.0,Low
0,0,0.0,0,0.0,Low
0,0,0.0,0,0.0,Low
0,0,0.0033333333333333335,0,0.0,Low
0,0,0.0033333333333333335,0,0.0,Low
0,0,0.0,0,0.0,Low
0,0,0.006666666666666667,0,0.0,Low
0,0,0.0,0,0.0,Low
0,0,0.006666666666666667,0,0.0,Low
0,0,0.0,0,0.0,Low
0,0,0.006666666666666667,0,0.0,Low
0,0,0.0033333333333333335,0,0.0,Low
0,0,0.0033333333333333335,0,0.0,Low
0,0,0.0033333333333333335,0,0.0,Low
0,0,0.0033333333333333335,0,0.0,Low
0,0,0.0,0,0.0,Low
0,0,0.0,0,0.0,Low
0,0,0.0,0,0.0,Low
0,0,0.0,0,0.0,Low
0,0,0.0,0,0.0,Low
0,0,0.0,0,0.0,Low
0,0,0.0,0,0.0,Low
0,0,0.006666666666666667,0,0.0,Low
0,0,0.0,0,0.0,Low
0,0,0.0033333333333333335,0,0.0,Low
0,0,0.0,0,0.0,Low
0,0,0.0,0,0.0,Low
0,0,0.0,0,0.0,Low
0,0,0.0,0,0.0,Low
0,0,0.0,0,0.0,Low
0,0,0.0033333333333333335,0,0.0,Low
0,0,0.0,0,0.0,Low
0,0,0.0,0,0.0,Low
0,0,0.0,0,0.0,Low
0,0,0.0,0,0.0,Low
0,0,0.0033333333333333335,0,0.0,Low
0,0,0.0,0,0.0,Low
0,0,0.0,0,0.0,Low
0,0,0.0,0,0.0,Low
0,0,0.0,0,0.0,Low
0,0,0.0,0,0.0,Low
0,0,0.0,0,0.0,Low
0,0,0.0,0,0.0,Low
0,0,0.0,0,0.0,Low
0,0,0.0,0,0.0,Low
0,0,0.0,0,0.0,Low
0,0,0.0,0,0.0,Low
0,0,0.0,0,0.0,Low
0,0,0.0,0,0.0,Low
0,0,0.0,0,0.0,Low
0,0,0.0,0,0.0,Low
0,0,0.0,0,0.0,Low
0,0,0.0,0,0.0,Low
0,0,0.0,0,0.0,Low
0,0,0.0,0,0.0,Low
0,0,0.0033333333333333335,0,0.0,Low
0,0,0.0,0,0.0,Low
0,0,0.0,0,0.0,Low
0,0,0.0,0,0.0,Low
0,0,0.0,0,0.0,Low
0,0,0.0,0,0.0,Low
0,0,0.0,0,0.0,Low
0,0,0.0,0,0.0,Low
0,0,0.0,0,0.0,Low
0,0,0.0033333333333333335,0,0.0,Low
0,0,0.0,0,0.0,Low
0,0,0.0033333333333333335,0,0.0,Low
0,0,0.0033333333333333335,0,0.0,Low
0,0,0.0033333333333333335,0,0.0,Low
0,0,0.0,0,0.0,Low
0,0,0.0,0,0.0,Low
0,0,0.0,0,0.0,Low
0,0,0.0033333333333333335,0,0.0,Low
0,0,0.0,0,0.0,Low
0,0,0.0,0,0.0,Low
0,0,0.0,0,0.0,Low
0,0,0.0,0,0.0,Low
0,0,0.0,0,0.0033333333333333335,Low
0,0,0.0,0,0.0,Low
0,0,0.0,0,0.0,Low
0,0,0.0,0,0.0,Low
0,0,0.0,0,0.0,Low
0,0,0.0,0,0.0,Low
0,0,0.0,0,0.0033333333333333335,Low
0,0,0.0,0,0.0,Low
0,0,0.0,0,0.0,Low
0,0,0.0,0,0.0,Low
0,0,0.0,0,0.0033333333333333335,Low
0,0,0.0,0,0.0,Low
0,0,0.0,0,0.0,Low
0,0,0.0,0,0.0,Low
0,0,0.0,0,0.0,Low
0,0,0.0,0,0.0,Low
0,0,0.0,0,0.0,Low
0,0,0.0,0,0.0,Low
0,0,0.0,0,0.0,Low
0,0,0.0,0,0.0,Low
0,0,0.0,0,0.0,Low
0,0,0.006666666666666667,0,0.01,Low
1,1,0.9933333333333333,1,1.0,Urgent
0,0,0.0033333333333333335,0,0.0,Low
0,0,0.0,0,0.0,Low
0,0,0.0,0,0.0,Low
0,0,0.0033333333333333335,0,0.006666666666666667,Low
0,0,0.0,0,0.0,Low
0,0,0.0,0,0.0,Low
0,0,0.0,0,0.0,Low
0,0,0.0,0,0.0,Low
0,0,0.0,0,0.0,Low
0,0,0.0,0,0.0,Low
0,0,0.0033333333333333335,0,0.0,Low
0,0,0.0,0,0.0,Low
0,0,0.0,0,0.0,Low
0,0,0.0,0,0.0,Low
0,0,0.0,0,0.0,Low
0,0,0.0,0,0.0,Low
0,0,0.0,0,0.0,Low
0,0,0.0,0,0.0,Low
0,0,0.0,0,0.0,Low
0,0,0.0,0,0.0,Low
0,0,0.0,0,0.0,Low
0,0,0.0,0,0.0,Low
0,0,0.0,0,0.0,Low
0,0,0.0,0,0.0,Low
0,0,0.0,0,0.0,Low
0,0,0.0,0,0.0,Low
0,0,0.0,0,0.0,Low
0,0,0.0,0,0.0,Low
0,0,0.0,0,0.0,Low
0,0,0.0033333333333333335,0,0.0033333333333333335,Low
0,0,0.0,0,0.0,Low
0,0,0.0,0,0.0,Low
0,0,0.0,0,0.0,Low
0,0,0.0,0,0.0,Low
0,0,0.0,0,0.0,Low
0,0,0.0,0,0.0,Low
0,0,0.0,0,0.0,Low
0,0,0.0,0,0.0,Low
0,0,0.0,0,0.0,Low
0,0,0.0,0,0.0,Low
0,0,0.0,0,0.0,Low
0,0,0.0,0,0.0,Low
0,0,0.0,0,0.0,Low
0,0,0.0,0,0.0,Low
0,0,0.0,0,0.0,Low
0,0,0.0,0,0.0,Low
0,0,0.0,0,0.0,Low
0,0,0.0,0,0.0,Low
0,0,0.0,0,0.0,Low
0,0,0.0,0,0.0,Low
0,0,0.0,0,0.0,Low
0,0,0.0,0,0.0,Low
0,0,0.0,0,0.0,Low
0,0,0.0,0,0.0,Low
0,0,0.0,0,0.0,Low
0,0,0.0033333333333333335,0,0.0,Low
0,0,0.0,0,0.0,Low
0,0,0.006666666666666667,0,0.0,Low
0,0,0.0,0,0.0,Low
0,0,0.0,0,0.0,Low
0,0,0.0,0,0.0,Low
0,0,0.0,0,0.0,Low
0,0,0.0,0,0.0,Low
0,0,0.0033333333333333335,0,0.0,Low
0,0,0.0,0,0.0,Low
0,0,0.0,0,0.0,Low
0,0,0.0,0,0.0,Low
0,0,0.0,0,0.0,Low
0,0,0.0,0,0.0,Low
0,0,0.0,0,0.0,Low
0,0,0.0,0,0.0,Low
0,0,0.0,0,0.0,Low
0,0,0.0033333333333333335,0,0.0,Low
0,0,0.0,0,0.0,Low
0,0,0.0,0,0.0,Low
0,0,0.0,0,0.0033333333333333335,Low
0,0,0.0033333333333333335,0,0.0,Low
0,0,0.0,0,0.0,Low
0,0,0.0,0,0.0,Low
0,0,0.0,0,0.0,Low
0,0,0.0,0,0.0,Low
0,0,0.0,0,0.0,Low
0,0,0.0,0,0.0,Low
0,0,0.0,0,0.0,Low
0,0,0.0,0,0.0,Low
0,0,0.0,0,0.0,Low
0,0,0.0,0,0.0,Low
0,0,0.0,0,0.0,Low
0,0,0.0,0,0.0,Low
0,0,0.0033333333333333335,0,0.0,Low
0,0,0.0,0,0.0,Low
0,0,0.0033333333333333335,0,0.0,Low
0,0,0.0,0,0.0,Low
0,0,0.0,0,0.0,Low
0,0,0.0,0,0.0,Low
0,0,0.006666666666666667,0,0.006666666666666667,Low
1,1,1.0,1,0.9966666666666667,Urgent
0,0,0.006666666666666667,0,0.0,Low
0,0,0.0,0,0.0,Low
0,0,0.0,0,0.0,Low
0,0,0.0,0,0.0,Low
0,0,0.0,0,0.01,Low
1,1,0.9933333333333333,1,0.9966666666666667,Urgent
0,0,0.0,0,0.0,Low
0,0,0.0,0,0.0,Low
0,0,0.0,0,0.0,Low
0,0,0.0,0,0.0,Low
0,0,0.0,0,0.0033333333333333335,Low
1,1,0.9966666666666667,1,0.9966666666666667,Urgent
0,0,0.0,0,0.0,Low
0,0,0.0,0,0.0,Low
0,0,0.0,0,0.0,Low
0,0,0.0,0,0.0,Low
0,0,0.0,0,0.0,Low
0,0,0.0,0,0.0,Low
0,0,0.0,0,0.0,Low
0,0,0.0,0,0.0,Low
0,0,0.0,0,0.0,Low
1,1,0.9833333333333333,1,0.9933333333333333,Urgent
0,0,0.0033333333333333335,0,0.013333333333333334,Low
1,1,1.0,1,0.9966666666666667,Urgent
0,0,0.0,0,0.016666666666666666,Low
1,1,0.9966666666666667,1,0.9966666666666667,Urgent
0,0,0.0033333333333333335,0,0.016666666666666666,Low
1,1,1.0,1,0.9966666666666667,Urgent
0,0,0.0,0,0.006666666666666667,Low
1,1,0.9966666666666667,1,0.99,Urgent
0,0,0.0033333333333333335,0,0.01,Low
1,1,0.93,1,0.81,High
0,0,0.12,0,0.05333333333333334,Low
0,0,0.0,0,0.0,Low
0,0,0.0,0,0.0,Low
0,0,0.0,0,0.0,Low
0,0,0.0033333333333333335,0,0.0,Low
1,1,0.9066666666666666,1,0.9533333333333334,Urgent
0,0,0.0,0,0.016666666666666666,Low
1,1,0.9866666666666667,1,0.9933333333333333,Urgent
0,0,0.01,0,0.016666666666666666,Low
1,1,0.9833333333333333,1,0.99,Urgent
0,0,0.0,0,0.016666666666666666,Low
1,1,0.9133333333333333,1,0.8066666666666666,High
0,0,0.15333333333333332,0,0.13666666666666666,Low
0,0,0.0,0,0.0,Low
0,0,0.0,0,0.0,Low
0,0,0.0,0,0.0,Low
0,0,0.0,0,0.0,Low
1,1,0.9666666666666667,1,0.9866666666666667,Urgent
0,0,0.0,0,0.0,Low
0,0,0.0,0,0.0,Low
1,1,0.96,1,0.9933333333333333,Urgent
0,0,0.0,0,0.0,Low
0,0,0.0,0,0.0,Low
1,1,0.9766666666666667,1,0.9933333333333333,Urgent
0,0,0.0,0,0.016666666666666666,Low
1,1,0.9966666666666667,1,0.99,Urgent
0,0,0.0,0,0.0,Low
0,0,0.0,0,0.01,Low
1,1,0.92,1,0.9633333333333334,Urgent
0,0,0.0,0,0.013333333333333334,Low
1,1,0.9833333333333333,1,0.9933333333333333,Urgent
0,0,0.0033333333333333335,0,0.013333333333333334,Low
1,1,0.9066666666666666,1,0.8433333333333334,High
0,0,0.31333333333333335,0,0.29333333333333333,Low
0,0,0.0,0,0.0,Low
0,0,0.0,0,0.0,Low
0,0,0.0,0,0.0,Low
0,0,0.0,0,0.0,Low
0,0,0.0,0,0.0,Low
0,0,0.0,0,0.0,Low
0,0,0.0,0,0.0,Low
0,0,0.0,0,0.0,Low
1,1,0.9933333333333333,1,0.9966666666666667,Urgent
0,0,0.0,0,0.0,Low
0,0,0.0,0,0.0,Low
0,0,0.0,0,0.0,Low
0,0,0.0,0,0.0,Low
0,0,0.0,0,0.0,Low
0,0,0.0,0,0.0,Low
0,0,0.0,0,0.006666666666666667,Low
1,1,1.0,1,0.9966666666666667,Urgent
0,0,0.0,0,0.0,Low
0,0,0.006666666666666667,0,0.0,Low
0,0,0.0,0,0.0,Low
0,0,0.0,0,0.0,Low
0,0,0.013333333333333334,0,0.016666666666666666,Low
1,1,0.98,1,0.9933333333333333,Urgent
0,0,0.006666666666666667,0,0.013333333333333334,Low
1,1,1.0,1,0.9966666666666667,Urgent
0,0,0.006666666666666667,0,0.016666666666666666,Low
1,1,0.9433333333333334,1,0.9133333333333333,Urgent
0,0,0.15666666666666668,0,0.14666666666666667,Low
0,0,0.0,0,0.0,Low
0,0,0.0,0,0.0,Low
0,0,0.0,0,0.0,Low
0,0,0.006666666666666667,0,0.0,Low
0,0,0.0,0,0.0,Low
0,0,0.0,0,0.0,Low
0,0,0.0,0,0.0,Low
0,0,0.0,0,0.0,Low
0,0,0.0033333333333333335,0,0.0,Low
0,0,0.0,0,0.0,Low
0,0,0.0033333333333333335,0,0.0,Low
0,0,0.0,0,0.0,Low
0,0,0.01,0,0.0,Low
0,0,0.0,0,0.0,Low
0,0,0.0,0,0.0,Low
0,0,0.0,0,0.0,Low
0,0,0.0,0,0.0,Low
0,0,0.0,0,0.0,Low
0,0,0.0033333333333333335,0,0.0,Low
0,0,0.0,0,0.0,Low
0,0,0.0,0,0.0,Low
0,0,0.0033333333333333335,0,0.0,Low
0,0,0.0,0,0.0,Low
0,0,0.0,0,0.0,Low
0,0,0.0033333333333333335,0,0.0,Low
0,0,0.0,0,0.0,Low
0,0,0.0,0,0.0,Low
0,0,0.02,0,0.0,Low
0,0,0.0,0,0.0,Low
0,0,0.0,0,0.0,Low
0,0,0.0,0,0.0033333333333333335,Low
1,1,0.9733333333333334,1,0.99,Urgent
0,0,0.0,0,0.0,Low
0,0,0.0,0,0.0,Low
0,0,0.0,0,0.0,Low
0,0,0.0,0,0.0,Low
0,0,0.0033333333333333335,0,0.0,Low
0,0,0.0,0,0.0,Low
0,0,0.0,0,0.0,Low
0,0,0.0,0,0.0033333333333333335,Low
1,1,1.0,1,0.9966666666666667,Urgent
0,0,0.0,0,0.0033333333333333335,Low
0,0,0.0033333333333333335,0,0.0,Low
0,0,0.0033333333333333335,0,0.0,Low
0,0,0.0,0,0.0,Low
0,0,0.0,0,0.0,Low
0,0,0.0,0,0.006666666666666667,Low
1,1,0.9866666666666667,1,0.9966666666666667,Urgent
0,0,0.0,0,0.016666666666666666,Low
1,1,1.0,1,0.9966666666666667,Urgent
0,0,0.0033333333333333335,0,0.006666666666666667,Low
1,1,0.9066666666666666,1,0.8333333333333334,High
0,0,0.31666666666666665,0,0.36333333333333334,Moderate
0,0,0.0033333333333333335,0,0.0,Low
0,0,0.0,0,0.0,Low
1,1,0.9833333333333333,1,0.9933333333333333,Urgent
0,0,0.0,0,0.0,Low
0,0,0.006666666666666667,0,0.0033333333333333335,Low
1,1,0.9866666666666667,1,0.9933333333333333,Urgent
0,0,0.006666666666666667,0,0.0,Low
0,0,0.0,0,0.0,Low
0,0,0.0033333333333333335,0,0.0,Low
0,0,0.0,0,0.0,Low
0,0,0.0,0,0.0,Low
1,1,0.9866666666666667,1,0.9933333333333333,Urgent
0,0,0.0,0,0.0033333333333333335,Low
0,0,0.016666666666666666,0,0.0,Low
0,0,0.0,0,0.0,Low
0,0,0.02,0,0.0,Low
0,0,0.0,0,0.0,Low
0,0,0.0,0,0.0,Low
0,0,0.0,0,0.0,Low
0,0,0.0,0,0.0,Low
0,0,0.0,0,0.0,Low
0,0,0.0,0,0.0,Low
0,0,0.0,0,0.0,Low
0,0,0.0033333333333333335,0,0.0033333333333333335,Low
1,1,0.9733333333333334,1,0.9866666666666667,Urgent
0,0,0.0,0,0.0,Low
0,0,0.0033333333333333335,0,0.0033333333333333335,Low
1,1,0.9966666666666667,1,0.9966666666666667,Urgent
0,0,0.0033333333333333335,0,0.0,Low
0,0,0.0,0,0.0033333333333333335,Low
1,1,0.9866666666666667,1,0.9933333333333333,Urgent
0,0,0.0033333333333333335,0,0.013333333333333334,Low
1,1,0.9833333333333333,1,0.9933333333333333,Urgent
0,0,0.0033333333333333335,0,0.0,Low
0,0,0.006666666666666667,0,0.0,Low
1,1,0.9833333333333333,1,0.99,Urgent
0,0,0.0,0,0.0,Low
0,0,0.0,0,0.0,Low
0,0,0.0,0,0.0,Low
0,0,0.0,0,0.0,Low
0,0,0.0,0,0.006666666666666667,Low
1,1,0.9566666666666667,1,0.99,Urgent
0,0,0.0,0,0.0,Low
0,0,0.0,0,0.0,Low
1,1,1.0,1,0.9966666666666667,Urgent
0,0,0.0,0,0.0,Low
0,0,0.006666666666666667,0,0.0,Low
1,1,1.0,1,0.9966666666666667,Urgent
0,0,0.0033333333333333335,0,0.0,Low
0,0,0.006666666666666667,0,0.0033333333333333335,Low
1,1,1.0,1,0.9966666666666667,Urgent
0,0,0.0,0,0.0,Low
0,0,0.0,0,0.0,Low
1,1,0.9366666666666666,1,0.8033333333333333,High
0,0,0.05,0,0.10666666666666667,Low
1,1,1.0,1,0.9966666666666667,Urgent
0,0,0.01,0,0.0033333333333333335,Low
0,0,0.01,0,0.013333333333333334,Low
1,1,0.9733333333333334,1,0.9933333333333333,Urgent
0,0,0.006666666666666667,0,0.013333333333333334,Low
1,1,1.0,1,1.0,Urgent
0,0,0.006666666666666667,0,0.013333333333333334,Low
1,1,1.0,1,1.0,Urgent
0,0,0.0033333333333333335,0,0.01,Low
1,1,0.9933333333333333,1,0.9933333333333333,Urgent
0,0,0.0,0,0.023333333333333334,Low
1,1,1.0,1,0.9966666666666667,Urgent
0,0,0.02,0,0.016666666666666666,Low
1,1,0.9133333333333333,1,0.8933333333333333,Urgent
0,0,0.16,0,0.16666666666666666,Low
0,0,0.0,0,0.0,Low
0,0,0.0,0,0.0,Low
0,0,0.0,0,0.0,Low
0,0,0.0033333333333333335,0,0.0,Low
0,0,0.0,0,0.0,Low
1,1,0.9966666666666667,1,0.9966666666666667,Urgent
0,0,0.0033333333333333335,0,0.016666666666666666,Low
1,1,1.0,1,1.0,Urgent
0,0,0.006666666666666667,0,0.0,Low
0,0,0.0,0,0.0,Low
0,0,0.006666666666666667,0,0.01,Low
1,1,0.95,1,0.9866666666666667,Urgent
0,0,0.0,0,0.016666666666666666,Low
1,1,0.9866666666666667,1,0.9933333333333333,Urgent
0,0,0.0,0,0.016666666666666666,Low
1,1,0.94,1,0.83,High
0,0,0.13333333333333333,0,0.13666666666666666,Low
0,0,0.0,0,0.0,Low
0,0,0.0,0,0.0,Low
0,0,0.0,0,0.0,Low
0,0,0.0,0,0.0,Low
0,0,0.0,0,0.0,Low
0,0,0.0033333333333333335,0,0.0,Low
0,0,0.0033333333333333335,0,0.0,Low
0,0,0.0033333333333333335,0,0.0,Low
0,0,0.0,0,0.0,Low
0,0,0.0033333333333333335,0,0.0,Low
0,0,0.0,0,0.0,Low
1,1,0.9966666666666667,1,0.9966666666666667,Urgent
0,0,0.0,0,0.0,Low
0,0,0.006666666666666667,0,0.0,Low
0,0,0.0,0,0.0033333333333333335,Low
1,1,0.9866666666666667,1,0.9933333333333333,Urgent
0,0,0.0,0,0.013333333333333334,Low
1,1,1.0,1,0.9966666666666667,Urgent
0,0,0.0,0,0.0,Low
0,0,0.0,0,0.0,Low
0,0,0.0,0,0.0,Low
1,1,0.9966666666666667,1,0.9966666666666667,Urgent
0,0,0.0,0,0.02666666666666667,Low
1,1,0.98,1,0.9933333333333333,Urgent
0,0,0.0,0,0.0,Low
0,0,0.0,0,0.0033333333333333335,Low
1,1,0.9866666666666667,1,0.9933333333333333,Urgent
0,0,0.0,0,0.0,Low
0,0,0.0,0,0.0033333333333333335,Low
1,1,0.9966666666666667,1,0.9966666666666667,Urgent
0,0,0.0,0,0.0,Low
0,0,0.0,0,0.0,Low
1,1,0.9366666666666666,1,0.8366666666666667,High
0,0,0.016666666666666666,0,0.056666666666666664,Low
1,1,0.9933333333333333,1,0.9466666666666667,Urgent
0,0,0.0,0,0.0,Low
0,0,0.0,0,0.0,Low
1,1,1.0,1,0.9966666666666667,Urgent
0,0,0.0,0,0.0,Low
0,0,0.0,0,0.0,Low
0,0,0.0033333333333333335,0,0.0,Low
0,0,0.0,0,0.0,Low
0,0,0.0,0,0.0,Low
1,1,1.0,1,0.9966666666666667,Urgent
0,0,0.0,0,0.0,Low
0,0,0.0,0,0.0,Low
0,0,0.0,0,0.0,Low
0,0,0.0,0,0.0,Low
0,0,0.0,0,0.0,Low
1,1,1.0,1,0.9966666666666667,Urgent
0,0,0.0033333333333333335,0,0.0,Low
0,0,0.0,0,0.0,Low
0,0,0.0,0,0.0,Low
0,0,0.0,0,0.0,Low
0,0,0.0,0,0.0,Low
1,1,1.0,1,0.9966666666666667,Urgent
0,0,0.0,0,0.0,Low
0,0,0.0033333333333333335,0,0.0,Low
0,0,0.0,0,0.0,Low
0,0,0.0,0,0.0,Low
1,1,1.0,1,0.9966666666666667,Urgent
0,0,0.0,0,0.013333333333333334,Low
1,1,1.0,1,0.9966666666666667,Urgent
0,0,0.0,0,0.0,Low
0,0,0.0,0,0.0,Low
0,0,0.0,0,0.0,Low
1,1,1.0,1,0.9966666666666667,Urgent
0,0,0.0,0,0.0,Low
0,0,0.0033333333333333335,0,0.0,Low
0,0,0.0,0,0.006666666666666667,Low
1,1,0.9766666666666667,1,0.9866666666666667,Urgent
0,0,0.006666666666666667,0,0.013333333333333334,Low
1,1,0.9966666666666667,1,0.9966666666666667,Urgent
0,0,0.0,0,0.02,Low
1,1,0.92,1,0.7933333333333333,High
0,0,0.19,0,0.15666666666666668,Low
0,0,0.0,0,0.0,Low
1,1,1.0,1,0.9966666666666667,Urgent
0,0,0.0,0,0.0,Low
0,0,0.0,0,0.0,Low
1,1,1.0,1,0.9966666666666667,Urgent
0,0,0.0,0,0.0,Low
0,0,0.013333333333333334,0,0.013333333333333334,Low
1,1,0.9766666666666667,1,0.99,Urgent
0,0,0.0,0,0.01,Low
1,1,1.0,1,0.9966666666666667,Urgent
0,0,0.0,0,0.016666666666666666,Low
1,1,1.0,1,0.9966666666666667,Urgent
0,0,0.006666666666666667,0,0.013333333333333334,Low
1,1,0.9266666666666666,1,0.8766666666666667,Urgent
0,0,0.29333333333333333,0,0.30666666666666664,Low
0,0,0.0033333333333333335,0,0.01,Low
1,1,0.9866666666666667,1,0.9933333333333333,Urgent
0,0,0.0,0,0.0033333333333333335,Low
0,0,0.0,0,0.0,Low
1,1,1.0,1,0.9966666666666667,Urgent
0,0,0.0,0,0.0,Low
0,0,0.0,0,0.0,Low
1,1,1.0,1,0.9966666666666667,Urgent
0,0,0.0,0,0.0,Low
0,0,0.0,0,0.0,Low
1,1,0.9966666666666667,1,0.9966666666666667,Urgent
0,0,0.0,0,0.0,Low
0,0,0.0,0,0.0,Low
1,1,0.97,1,0.7033333333333334,High
0,0,0.1,1,0.7133333333333334,High
1,1,1.0,1,0.9966666666666667,Urgent
0,0,0.0,0,0.0,Low
0,0,0.0,0,0.0,Low
0,0,0.0,0,0.0,Low
0,0,0.0,0,0.0,Low
0,0,0.0,0,0.0,Low
0,0,0.0,0,0.0,Low
0,0,0.0,0,0.0,Low
0,0,0.0,0,0.0033333333333333335,Low
1,1,1.0,1,0.9966666666666667,Urgent
0,0,0.0,0,0.016666666666666666,Low
1,1,1.0,1,0.9966666666666667,Urgent
0,0,0.0,0,0.0033333333333333335,Low
0,0,0.0,0,0.0,Low
0,0,0.0033333333333333335,0,0.013333333333333334,Low
1,1,0.9866666666666667,1,0.9933333333333333,Urgent
0,0,0.0,0,0.0,Low
0,0,0.0,0,0.0,Low
1,1,0.9966666666666667,1,1.0,Urgent
0,0,0.006666666666666667,0,0.0033333333333333335,Low
0,0,0.0,0,0.0,Low
1,1,1.0,1,0.9966666666666667,Urgent
0,0,0.01,0,0.0,Low
0,0,0.0,0,0.0,Low
1,1,1.0,1,0.9933333333333333,Urgent
0,0,0.0,0,0.0,Low
0,0,0.0,0,0.0,Low
1,1,1.0,1,0.9966666666666667,Urgent
0,0,0.0033333333333333335,0,0.0,Low
0,0,0.0,0,0.0,Low
1,1,0.9433333333333334,1,0.9066666666666666,Urgent
0,0,0.21333333333333335,0,0.16333333333333333,Low
0,0,0.006666666666666667,0,0.0,Low
0,0,0.0,0,0.0,Low
0,0,0.0,0,0.0,Low
1,1,0.9966666666666667,1,0.9966666666666667,Urgent
0,0,0.0,0,0.013333333333333334,Low
1,1,1.0,1,0.9966666666666667,Urgent
0,0,0.0,0,0.0,Low
0,0,0.0,0,0.0,Low
0,0,0.0,0,0.0,Low
0,0,0.0033333333333333335,0,0.0,Low
0,0,0.0,0,0.0,Low
0,0,0.0,0,0.0,Low
0,0,0.0033333333333333335,0,0.0,Low
0,0,0.0,0,0.0,Low
0,0,0.0,0,0.0,Low
0,0,0.0,0,0.0,Low
0,0,0.0033333333333333335,0,0.0,Low
0,0,0.0,0,0.0,Low
0,0,0.0,0,0.0,Low
0,0,0.0,0,0.0,Low
0,0,0.0033333333333333335,0,0.0033333333333333335,Low
1,1,0.9666666666666667,1,0.9833333333333333,Urgent
0,0,0.0,0,0.016666666666666666,Low
1,1,1.0,1,0.9966666666666667,Urgent
0,0,0.0,0,0.0,Low
0,0,0.0,0,0.0,Low
0,0,0.0,0,0.0,Low
1,1,1.0,1,1.0,Urgent
0,0,0.0,0,0.03333333333333333,Low
1,1,0.9266666666666666,1,0.9733333333333334,Urgent
0,0,0.0,0,0.0033333333333333335,Low
0,0,0.0,0,0.0033333333333333335,Low
1,1,0.9966666666666667,1,0.9966666666666667,Urgent
0,0,0.0,0,0.0,Low
0,0,0.0,0,0.0,Low
1,1,1.0,1,0.9966666666666667,Urgent
0,0,0.0,0,0.0033333333333333335,Low
0,0,0.0,0,0.0,Low
1,1,0.9966666666666667,1,0.9966666666666667,Urgent
0,0,0.0,0,0.0,Low
0,0,0.0,0,0.0,Low
1,1,0.9933333333333333,1,0.9966666666666667,Urgent
0,0,0.0,0,0.0033333333333333335,Low
0,0,0.0,0,0.0,Low
1,1,0.9866666666666667,1,0.9966666666666667,Urgent
0,0,0.0,0,0.0,Low
0,0,0.0,0,0.0,Low
1,1,0.9333333333333333,1,0.86,Urgent
0,0,0.18,0,0.13666666666666666,Low
0,0,0.0,0,0.0,Low
0,0,0.0,0,0.0,Low
0,0,0.0,0,0.0,Low
0,0,0.0,0,0.0,Low
0,0,0.0,0,0.0,Low
0,0,0.0033333333333333335,0,0.0,Low
0,0,0.0,0,0.0,Low
0,0,0.0,0,0.0,Low
0,0,0.0033333333333333335,0,0.0033333333333333335,Low
1,1,0.9833333333333333,1,0.9933333333333333,Urgent
0,0,0.0,0,0.0,Low
0,0,0.006666666666666667,0,0.0,Low
0,0,0.0,0,0.0,Low
0,0,0.0,0,0.0,Low
0,0,0.0,0,0.0,Low
0,0,0.0,0,0.0,Low
0,0,0.0,0,0.0,Low
0,0,0.0,0,0.0,Low
0,0,0.0,0,0.0,Low
0,0,0.0,0,0.0,Low
0,0,0.0,0,0.0,Low
0,0,0.0,0,0.0,Low
0,0,0.0,0,0.0,Low
0,0,0.0,0,0.0,Low
0,0,0.0,0,0.0,Low
0,0,0.0,0,0.0,Low
0,0,0.0,0,0.0,Low
0,0,0.0033333333333333335,0,0.0,Low
0,0,0.0,0,0.0,Low
0,0,0.0,0,0.0,Low
0,0,0.0033333333333333335,0,0.0,Low
0,0,0.0,0,0.0,Low
0,0,0.0,0,0.0,Low
0,0,0.0,0,0.0,Low
0,0,0.0,0,0.0,Low
0,0,0.0,0,0.0,Low
0,0,0.0,0,0.0,Low
0,0,0.0,0,0.0,Low
0,0,0.0,0,0.0,Low
1,1,0.9766666666666667,1,0.9933333333333333,Urgent
0,0,0.0,0,0.0,Low
0,0,0.0,0,0.0,Low
0,0,0.0,0,0.0,Low
0,0,0.0,0,0.0,Low
0,0,0.0,0,0.0033333333333333335,Low
1,1,0.9733333333333334,1,0.9933333333333333,Urgent
0,0,0.0,0,0.0,Low
0,0,0.0,0,0.0,Low
0,0,0.0,0,0.0,Low
0,0,0.0,0,0.0,Low
0,0,0.0,0,0.0,Low
0,0,0.0,0,0.0,Low
0,0,0.0,0,0.0,Low
0,0,0.0,0,0.0,Low
0,0,0.0,0,0.006666666666666667,Low
1,1,0.91,1,0.9566666666666667,Urgent
0,0,0.0,0,0.0,Low
0,0,0.0,0,0.0,Low
1,1,0.9866666666666667,1,0.9933333333333333,Urgent
0,0,0.0,0,0.0,Low
0,0,0.0,0,0.0,Low
1,1,0.9866666666666667,1,0.9966666666666667,Urgent
0,0,0.0,0,0.0,Low
0,0,0.0,0,0.0,Low
1,1,0.9866666666666667,1,0.9966666666666667,Urgent
0,0,0.0,0,0.0,Low
0,0,0.0,0,0.0033333333333333335,Low
1,1,0.9433333333333334,1,0.8566666666666667,Urgent
0,0,0.02,0,0.42,Moderate
1,1,0.9966666666666667,1,1.0,Urgent
0,0,0.0,0,0.0,Low
0,0,0.0,0,0.0,Low
0,0,0.0,0,0.0,Low
1,1,0.9933333333333333,1,0.9933333333333333,Urgent
0,0,0.0,0,0.0,Low
0,0,0.0,0,0.0,Low
0,0,0.0,0,0.0,Low
0,0,0.0,0,0.0,Low
0,0,0.0,0,0.0,Low
0,0,0.0,0,0.0,Low
0,0,0.0,0,0.0,Low
0,0,0.0,0,0.0,Low
1,1,0.9933333333333333,1,0.9966666666666667,Urgent
0,0,0.0,0,0.016666666666666666,Low
1,1,0.9966666666666667,1,0.9966666666666667,Urgent
0,0,0.0033333333333333335,0,0.0,Low
0,0,0.0,0,0.0,Low
0,0,0.0,0,0.0,Low
1,1,0.93,1,0.9733333333333334,Urgent
0,0,0.0033333333333333335,0,0.013333333333333334,Low
1,1,0.9933333333333333,1,0.9966666666666667,Urgent
0,0,0.0,0,0.013333333333333334,Low
1,1,0.9466666666666667,1,0.8333333333333334,High
0,0,0.14,0,0.11666666666666667,Low
0,0,0.0,0,0.0,Low
0,0,0.0,0,0.0,Low
0,0,0.0,0,0.0,Low
0,0,0.0,0,0.01,Low
1,1,0.9733333333333334,1,0.99,Urgent
0,0,0.0033333333333333335,0,0.0,Low
0,0,0.0,0,0.0,Low
0,0,0.0,0,0.0,Low
0,0,0.0,0,0.0,Low
0,0,0.0,0,0.0,Low
1,1,0.9766666666666667,1,0.99,Urgent
0,0,0.0,0,0.0,Low
0,0,0.0,0,0.0,Low
0,0,0.0,0,0.0,Low
0,0,0.0,0,0.0,Low
0,0,0.0,0,0.0,Low
0,0,0.0,0,0.0,Low
0,0,0.0,0,0.0,Low
0,0,0.0,0,0.0,Low
0,0,0.0,0,0.0,Low
0,0,0.0,0,0.0,Low
0,0,0.0,0,0.0,Low
0,0,0.0,0,0.0,Low
0,0,0.0,0,0.0,Low
0,0,0.0,0,0.0,Low
0,0,0.0,0,0.0,Low
0,0,0.0,0,0.0,Low
0,0,0.0,0,0.0,Low
0,0,0.0,0,0.0,Low
0,0,0.0,0,0.0,Low
0,0,0.0,0,0.0,Low
0,0,0.0033333333333333335,0,0.0,Low
0,0,0.0,0,0.0,Low
0,0,0.0,0,0.0,Low
0,0,0.0033333333333333335,0,0.0,Low
0,0,0.0,0,0.0,Low
0,0,0.0,0,0.0,Low
0,0,0.0,0,0.0,Low
0,0,0.0,0,0.0,Low
0,0,0.0,0,0.0,Low
0,0,0.0,0,0.0,Low
0,0,0.0,0,0.0,Low
0,0,0.0,0,0.0,Low
0,0,0.0,0,0.0,Low
0,0,0.0,0,0.0,Low
0,0,0.0,0,0.0,Low
0,0,0.016666666666666666,0,0.0,Low
0,0,0.0,0,0.0,Low
0,0,0.0,0,0.0,Low
0,0,0.0,0,0.0,Low
0,0,0.0,0,0.0,Low
0,0,0.006666666666666667,0,0.013333333333333334,Low
0,0,0.0,0,0.0,Low
0,0,0.0,0,0.0,Low
0,0,0.0,0,0.0,Low
0,0,0.0,0,0.0,Low
0,0,0.0,0,0.0,Low
0,0,0.0,0,0.0,Low
0,0,0.0,0,0.0,Low
0,0,0.0,0,0.0,Low
0,0,0.0,0,0.0,Low
0,0,0.0,0,0.0,Low
0,0,0.0,0,0.0,Low
0,0,0.0,0,0.0,Low
0,0,0.0,0,0.0,Low
0,0,0.0,0,0.0,Low
0,0,0.0,0,0.0,Low
0,0,0.0,0,0.0,Low
0,0,0.0,0,0.0,Low
0,0,0.0,0,0.0,Low
0,0,0.0,0,0.0,Low
0,0,0.0,0,0.0,Low
0,0,0.0,0,0.0,Low
0,0,0.0,0,0.0,Low
0,0,0.0,0,0.0,Low
0,0,0.0,0,0.0,Low
0,0,0.0,0,0.0,Low
0,0,0.0,0,0.0,Low
0,0,0.0,0,0.0,Low
0,0,0.0,0,0.0,Low
0,0,0.0,0,0.0,Low
0,0,0.0,0,0.0,Low
1,1,0.9566666666666667,1,0.9966666666666667,Urgent
0,0,0.0,0,0.0,Low
0,0,0.0,0,0.0,Low
0,0,0.0,0,0.0,Low
0,0,0.0,0,0.0,Low
0,0,0.0033333333333333335,0,0.0,Low
1,1,1.0,1,0.9966666666666667,Urgent
0,0,0.0,0,0.0,Low
0,0,0.0,0,0.0,Low
0,0,0.0,0,0.0,Low
0,0,0.0,0,0.0,Low
0,0,0.0,0,0.0,Low
1,1,0.9966666666666667,1,0.9966666666666667,Urgent
0,0,0.0,0,0.0,Low
0,0,0.0,0,0.0,Low
0,0,0.0,0,0.0,Low
0,0,0.0,0,0.0,Low
0,0,0.0033333333333333335,0,0.0,Low
1,1,0.9933333333333333,1,0.9966666666666667,Urgent
0,0,0.0,0,0.0,Low
0,0,0.0,0,0.0,Low
0,0,0.0,0,0.0,Low
0,0,0.0,0,0.0,Low
0,0,0.0,0,0.0,Low
0,0,0.0033333333333333335,0,0.006666666666666667,Low
1,1,0.9266666666666666,1,0.97,Urgent
0,0,0.0033333333333333335,0,0.0,Low
0,0,0.0,0,0.0033333333333333335,Low
1,1,0.9933333333333333,1,0.9966666666666667,Urgent
0,0,0.0,0,0.0,Low
0,0,0.0,0,0.0,Low
1,1,1.0,1,0.9966666666666667,Urgent
0,0,0.0,0,0.0,Low
0,0,0.0,0,0.0,Low
1,1,1.0,1,0.9966666666666667,Urgent
0,0,0.0,0,0.0,Low
0,0,0.0,0,0.0,Low
1,1,0.9866666666666667,1,0.9933333333333333,Urgent
0,0,0.0,0,0.0,Low
0,0,0.0,0,0.0,Low
1,1,0.9833333333333333,1,0.9933333333333333,Urgent
0,0,0.0033333333333333335,0,0.013333333333333334,Low
1,1,0.9933333333333333,1,0.9966666666666667,Urgent
0,0,0.0,0,0.0,Low
0,0,0.0,0,0.0,Low
1,1,0.9966666666666667,1,0.9966666666666667,Urgent
0,0,0.0,0,0.0,Low
0,0,0.0033333333333333335,0,0.0,Low
1,1,0.9866666666666667,1,0.9933333333333333,Urgent
0,0,0.0,0,0.0033333333333333335,Low
0,0,0.0033333333333333335,0,0.0,Low
1,1,0.9966666666666667,1,0.9966666666666667,Urgent
0,0,0.0,0,0.013333333333333334,Low
1,1,0.9966666666666667,1,0.9966666666666667,Urgent
0,0,0.0,0,0.0,Low
0,0,0.0,0,0.0,Low
1,1,0.9866666666666667,1,0.9966666666666667,Urgent
0,0,0.0,0,0.0,Low
0,0,0.0,0,0.0,Low
1,1,0.9966666666666667,1,0.9966666666666667,Urgent
0,0,0.0033333333333333335,0,0.0,Low
0,0,0.006666666666666667,0,0.0,Low
1,1,0.9333333333333333,1,0.8133333333333334,High
0,0,0.10333333333333333,0,0.056666666666666664,Low
0,0,0.0,0,0.0,Low
0,0,0.0,0,0.0,Low
0,0,0.0,0,0.0,Low
0,0,0.0,0,0.0,Low
0,0,0.0,0,0.0,Low
0,0,0.0,0,0.0,Low
0,0,0.0,0,0.0033333333333333335,Low
1,1,0.9966666666666667,1,0.9966666666666667,Urgent
0,0,0.0,0,0.0,Low
0,0,0.0,0,0.0,Low
1,1,1.0,1,0.9966666666666667,Urgent
0,0,0.0,0,0.013333333333333334,Low
1,1,1.0,1,0.9966666666666667,Urgent
0,0,0.0,0,0.0,Low
0,0,0.0,0,0.0,Low
0,0,0.0,0,0.0,Low
0,0,0.0,0,0.0,Low
0,0,0.0,0,0.0,Low
0,0,0.0,0,0.0,Low
0,0,0.0,0,0.0033333333333333335,Low
1,1,0.9933333333333333,1,0.9966666666666667,Urgent
0,0,0.0,0,0.0,Low
0,0,0.0,0,0.0,Low
0,0,0.0,0,0.0,Low
0,0,0.0,0,0.0,Low
0,0,0.0,0,0.0,Low
1,1,0.9933333333333333,1,0.9966666666666667,Urgent
0,0,0.0,0,0.0,Low
0,0,0.0,0,0.0,Low
0,0,0.0,0,0.0,Low
0,0,0.0,0,0.0,Low
0,0,0.0,0,0.0,Low
1,1,1.0,1,0.9966666666666667,Urgent
0,0,0.0,0,0.0,Low
0,0,0.0,0,0.0,Low
0,0,0.0,0,0.0,Low
0,0,0.0,0,0.0,Low
0,0,0.0,0,0.0,Low
0,0,0.0,0,0.0,Low
0,0,0.0,0,0.0,Low
0,0,0.0,0,0.0,Low
0,0,0.0,0,0.0,Low
0,0,0.0,0,0.0,Low
0,0,0.0,0,0.0,Low
0,0,0.0,0,0.0,Low
0,0,0.0,0,0.0,Low
0,0,0.0,0,0.0,Low
0,0,0.0,0,0.0,Low
0,0,0.0,0,0.0,Low
0,0,0.0,0,0.0,Low
0,0,0.0033333333333333335,0,0.0,Low
1,1,0.9633333333333334,1,0.99,Urgent
0,0,0.0,0,0.0,Low
0,0,0.0,0,0.0,Low
1,1,1.0,1,0.9966666666666667,Urgent
0,0,0.0,0,0.0,Low
0,0,0.0,0,0.0,Low
0,0,0.0,0,0.0,Low
0,0,0.0,0,0.0,Low
0,0,0.0,0,0.0,Low
0,0,0.0,0,0.0,Low
0,0,0.0,0,0.0,Low
0,0,0.0,0,0.0,Low
0,0,0.0,0,0.0,Low
0,0,0.0,0,0.0,Low
0,0,0.0,0,0.0,Low
0,0,0.0,0,0.0,Low
0,0,0.0,0,0.0,Low
0,0,0.0,0,0.0,Low
0,0,0.0,0,0.0,Low
0,0,0.0,0,0.0,Low
0,0,0.0,0,0.01,Low
1,1,0.9466666666666667,1,0.9866666666666667,Urgent
0,0,0.0033333333333333335,0,0.0,Low
0,0,0.0,0,0.0,Low
1,1,0.9966666666666667,1,0.9966666666666667,Urgent
0,0,0.006666666666666667,0,0.0,Low
0,0,0.0,0,0.0,Low
1,1,0.95,1,0.8266666666666667,High
0,0,0.14,0,0.10666666666666667,Low
0,0,0.0,0,0.0,Low
0,0,0.0,0,0.0,Low
0,0,0.0,0,0.0,Low
0,0,0.0,0,0.006666666666666667,Low
1,1,1.0,1,0.9966666666666667,Urgent
0,0,0.0,0,0.0,Low
0,0,0.0,0,0.0,Low
1,1,1.0,1,0.9966666666666667,Urgent
0,0,0.0,0,0.0,Low
0,0,0.0,0,0.0,Low
0,0,0.0,0,0.0,Low
0,0,0.0,0,0.0,Low
0,0,0.0,0,0.0,Low
1,1,0.9966666666666667,1,0.9966666666666667,Urgent
0,0,0.0,0,0.0,Low
0,0,0.0,0,0.0033333333333333335,Low
1,1,1.0,1,0.9966666666666667,Urgent
0,0,0.0033333333333333335,0,0.0,Low
0,0,0.0,0,0.0,Low
0,0,0.0,0,0.0,Low
0,0,0.0,0,0.0,Low
0,0,0.0,0,0.0033333333333333335,Low
0,0,0.0,0,0.0,Low
0,0,0.0,0,0.0,Low
0,0,0.0,0,0.0,Low
0,0,0.0033333333333333335,0,0.0,Low
0,0,0.0,0,0.0,Low
0,0,0.0,0,0.0,Low
0,0,0.0,0,0.0,Low
0,0,0.0,0,0.0,Low
0,0,0.0,0,0.0,Low
0,0,0.0,0,0.0,Low
0,0,0.0,0,0.0,Low
0,0,0.0,0,0.0,Low
0,0,0.0,0,0.0033333333333333335,Low
1,1,0.9966666666666667,1,0.9966666666666667,Urgent
0,0,0.0,0,0.0,Low
0,0,0.0,0,0.0,Low
0,0,0.0,0,0.0,Low
0,0,0.0,0,0.0,Low
0,0,0.0,0,0.0,Low
1,1,0.9966666666666667,1,0.9966666666666667,Urgent
0,0,0.0,0,0.0,Low
0,0,0.0,0,0.0,Low
0,0,0.0,0,0.0,Low
0,0,0.0,0,0.0,Low
0,0,0.0,0,0.0033333333333333335,Low
1,1,0.9933333333333333,1,0.9966666666666667,Urgent
0,0,0.0,0,0.0,Low
0,0,0.0,0,0.0,Low
0,0,0.0,0,0.0,Low
0,0,0.0,0,0.0,Low
0,0,0.0033333333333333335,0,0.0,Low
1,1,0.9933333333333333,1,0.9966666666666667,Urgent
0,0,0.0,0,0.0,Low
0,0,0.0,0,0.0,Low
0,0,0.0,0,0.0,Low
0,0,0.0033333333333333335,0,0.0,Low
0,0,0.0033333333333333335,0,0.0,Low
0,0,0.0,0,0.0,Low
1,1,0.9966666666666667,1,0.9966666666666667,Urgent
0,0,0.0,0,0.0,Low
0,0,0.0,0,0.0,Low
1,1,0.9933333333333333,1,0.9966666666666667,Urgent
0,0,0.0,0,0.0,Low
0,0,0.0,0,0.0,Low
1,1,1.0,1,0.9966666666666667,Urgent
0,0,0.0033333333333333335,0,0.016666666666666666,Low
1,1,1.0,1,0.9966666666666667,Urgent
0,0,0.0,0,0.0,Low
0,0,0.0,0,0.0,Low
0,0,0.0033333333333333335,0,0.0,Low
0,0,0.0,0,0.0,Low
0,0,0.0,0,0.0,Low
1,1,1.0,1,0.9966666666666667,Urgent
0,0,0.0,0,0.016666666666666666,Low
1,1,1.0,1,0.9966666666666667,Urgent
0,0,0.0033333333333333335,0,0.0,Low
0,0,0.0,0,0.0,Low
0,0,0.0,0,0.0,Low
1,1,1.0,1,0.9966666666666667,Urgent
0,0,0.0,0,0.013333333333333334,Low
1,1,0.9966666666666667,1,0.9966666666666667,Urgent
0,0,0.0033333333333333335,0,0.0,Low
0,0,0.0033333333333333335,0,0.0,Low
0,0,0.0,0,0.0,Low
0,0,0.0,0,0.0,Low
0,0,0.0,0,0.0,Low
0,0,0.0,0,0.006666666666666667,Low
1,1,0.9,1,0.96,Urgent
0,0,0.0,0,0.0,Low
0,0,0.0,0,0.0,Low
1,1,0.9866666666666667,1,0.9933333333333333,Urgent
0,0,0.0,0,0.0,Low
0,0,0.0,0,0.0,Low
1,1,1.0,1,0.9966666666666667,Urgent
0,0,0.0,0,0.0,Low
0,0,0.0033333333333333335,0,0.01,Low
1,1,0.97,1,0.99,Urgent
0,0,0.0033333333333333335,0,0.013333333333333334,Low
1,1,0.9966666666666667,1,1.0,Urgent
0,0,0.0,0,0.013333333333333334,Low
1,1,0.95,1,0.87,Urgent
0,0,0.16666666666666666,0,0.12333333333333334,Low
0,0,0.0,0,0.0,Low
0,0,0.0033333333333333335,0,0.0,Low
1,1,0.92,1,0.9733333333333334,Urgent
0,0,0.0,0,0.0,Low
0,0,0.0033333333333333335,0,0.0,Low
1,1,0.9933333333333333,1,0.9966666666666667,Urgent
0,0,0.0,0,0.0,Low
0,0,0.0033333333333333335,0,0.0033333333333333335,Low
1,1,0.9966666666666667,1,0.9966666666666667,Urgent
0,0,0.0,0,0.0,Low
0,0,0.0,0,0.0,Low
1,1,1.0,1,0.9966666666666667,Urgent
0,0,0.0,0,0.0,Low
0,0,0.0,0,0.01,Low
1,1,0.9133333333333333,1,0.9633333333333334,Urgent
0,0,0.0,0,0.016666666666666666,Low
1,1,0.9866666666666667,1,0.9933333333333333,Urgent
0,0,0.02,0,0.016666666666666666,Low
1,1,0.9733333333333334,1,0.99,Urgent
0,0,0.0,0,0.006666666666666667,Low
1,1,0.88,1,0.79,High
0,0,0.31,0,0.4033333333333333,Moderate
0,0,0.0033333333333333335,0,0.0,Low
0,0,0.0,0,0.0,Low
0,0,0.0,0,0.0,Low
0,0,0.0033333333333333335,0,0.0033333333333333335,Low
1,1,0.9966666666666667,1,0.9966666666666667,Urgent
0,0,0.0,0,0.0,Low
0,0,0.0,0,0.0,Low
0,0,0.0,0,0.0,Low
0,0,0.0,0,0.0,Low
0,0,0.006666666666666667,0,0.0,Low
0,0,0.0,0,0.0,Low
0,0,0.0,0,0.0,Low
0,0,0.0,0,0.0,Low
0,0,0.0,0,0.0,Low
0,0,0.0,0,0.0,Low
0,0,0.0,0,0.0,Low
0,0,0.0,0,0.0,Low
0,0,0.0,0,0.0,Low
0,0,0.0,0,0.0,Low
0,0,0.0,0,0.0,Low
0,0,0.0,0,0.0,Low
0,0,0.0,0,0.0,Low
0,0,0.0,0,0.0,Low
0,0,0.0,0,0.0,Low
0,0,0.0,0,0.0,Low
0,0,0.0,0,0.0,Low
0,0,0.0,0,0.0,Low
0,0,0.0033333333333333335,0,0.0033333333333333335,Low
1,1,0.9966666666666667,1,0.9966666666666667,Urgent
0,0,0.0,0,0.0,Low
0,0,0.0,0,0.0,Low
0,0,0.0,0,0.0,Low
0,0,0.0,0,0.0,Low
0,0,0.0,0,0.0,Low
0,0,0.0,0,0.0,Low
1,1,0.9733333333333334,1,0.99,Urgent
0,0,0.0,0,0.016666666666666666,Low
1,1,0.9833333333333333,1,0.9933333333333333,Urgent
0,0,0.0,0,0.0,Low
0,0,0.0,0,0.0,Low
0,0,0.01,0,0.0033333333333333335,Low
1,1,0.9733333333333334,1,0.99,Urgent
0,0,0.0033333333333333335,0,0.016666666666666666,Low
1,1,0.9633333333333334,1,0.9933333333333333,Urgent
0,0,0.0,0,0.0,Low
0,0,0.0,0,0.0,Low
0,0,0.0,0,0.0,Low
1,1,0.9866666666666667,1,0.9966666666666667,Urgent
0,0,0.0,0,0.0,Low
0,0,0.0033333333333333335,0,0.0033333333333333335,Low
1,1,0.9966666666666667,1,0.9966666666666667,Urgent
0,0,0.0,0,0.016666666666666666,Low
1,1,0.9933333333333333,1,0.9966666666666667,Urgent
0,0,0.0033333333333333335,0,0.0,Low
0,0,0.0,0,0.0,Low
0,0,0.0,0,0.0,Low
0,0,0.0,0,0.0,Low
0,0,0.0,0,0.0,Low
0,0,0.0,0,0.0,Low
0,0,0.0,0,0.0,Low
0,0,0.0,0,0.0,Low
0,0,0.0,0,0.0,Low
0,0,0.0,0,0.0,Low
0,0,0.0,0,0.0,Low
0,0,0.0033333333333333335,0,0.0,Low
0,0,0.0,0,0.0,Low
0,0,0.0,0,0.0,Low
0,0,0.0,0,0.0,Low
0,0,0.0,0,0.0,Low
0,0,0.0,0,0.0,Low
1,1,0.9833333333333333,1,0.9933333333333333,Urgent
0,0,0.0,0,0.0,Low
0,0,0.0,0,0.0,Low
0,0,0.0,0,0.0,Low
0,0,0.0,0,0.0,Low
0,0,0.0,0,0.0,Low
0,0,0.0,0,0.0,Low
0,0,0.0,0,0.0,Low
0,0,0.0,0,0.0,Low
0,0,0.0,0,0.0,Low
0,0,0.0,0,0.0,Low
0,0,0.0,0,0.0,Low
0,0,0.0,0,0.0,Low
0,0,0.0,0,0.0,Low
0,0,0.0,0,0.0,Low
1,1,0.9833333333333333,1,0.9933333333333333,Urgent
0,0,0.0,0,0.0,Low
0,0,0.0,0,0.0,Low
1,1,0.9566666666666667,1,0.9933333333333333,Urgent
0,0,0.0,0,0.0,Low
0,0,0.0,0,0.0,Low
0,0,0.0033333333333333335,0,0.0,Low
0,0,0.0,0,0.0,Low
0,0,0.0,0,0.0,Low
0,0,0.0,0,0.0,Low
0,0,0.0,0,0.0,Low
0,0,0.0,0,0.0,Low
0,0,0.0,0,0.0,Low
0,0,0.0,0,0.0,Low
0,0,0.0,0,0.0,Low
0,0,0.0,0,0.0,Low
0,0,0.0,0,0.0033333333333333335,Low
1,1,0.9933333333333333,1,0.9966666666666667,Urgent
0,0,0.0,0,0.0,Low
0,0,0.0,0,0.0,Low
0,0,0.0,0,0.0,Low
0,0,0.0,0,0.0,Low
0,0,0.0,0,0.0,Low
1,1,0.97,1,0.9933333333333333,Urgent
0,0,0.0033333333333333335,0,0.0,Low
0,0,0.0,0,0.0,Low
0,0,0.0,0,0.0,Low
0,0,0.0,0,0.0,Low
0,0,0.0,0,0.0,Low
0,0,0.0,0,0.0,Low
0,0,0.0,0,0.0,Low
0,0,0.0,0,0.0,Low
0,0,0.0033333333333333335,0,0.006666666666666667,Low
1,1,0.9866666666666667,1,0.99,Urgent
0,0,0.0,0,0.02,Low
1,1,0.9933333333333333,1,0.9966666666666667,Urgent
0,0,0.0,0,0.0,Low
0,0,0.0,0,0.0,Low
0,0,0.0,0,0.0,Low
1,1,0.9933333333333333,1,0.9966666666666667,Urgent
0,0,0.0033333333333333335,0,0.0,Low
0,0,0.0,0,0.0,Low
0,0,0.0,0,0.0,Low
1,1,0.9966666666666667,1,1.0,Urgent
0,0,0.0,0,0.0033333333333333335,Low
0,0,0.0,0,0.0,Low
0,0,0.0,0,0.0,Low
0,0,0.0,0,0.0,Low
1,1,0.9866666666666667,1,0.9966666666666667,Urgent
0,0,0.0,0,0.0,Low
0,0,0.006666666666666667,0,0.0,Low
0,0,0.006666666666666667,0,0.0,Low
0,0,0.0,0,0.0,Low
0,0,0.0,0,0.0,Low
0,0,0.0033333333333333335,0,0.0,Low
0,0,0.0,0,0.0,Low
0,0,0.0,0,0.0,Low
0,0,0.0033333333333333335,0,0.0,Low
1,1,0.99,1,0.99,Urgent
0,0,0.0033333333333333335,0,0.0,Low
0,0,0.0,0,0.0,Low
0,0,0.0,0,0.0,Low
0,0,0.0,0,0.0,Low
0,0,0.0,0,0.0,Low
0,0,0.0,0,0.0,Low
0,0,0.0,0,0.0,Low
1,1,0.9833333333333333,1,0.99,Urgent
0,0,0.0,0,0.0,Low
0,0,0.0,0,0.0,Low
0,0,0.0033333333333333335,0,0.0,Low
0,0,0.0033333333333333335,0,0.0,Low
0,0,0.0,0,0.0,Low
0,0,0.0033333333333333335,0,0.0,Low
0,0,0.0,0,0.0,Low
0,0,0.0,0,0.0,Low
0,0,0.0,0,0.0,Low
0,0,0.0,0,0.0,Low
0,0,0.0,0,0.0,Low
0,0,0.0,0,0.0,Low
0,0,0.0,0,0.0,Low
0,0,0.0,0,0.0,Low
0,0,0.0,0,0.0,Low
0,0,0.0,0,0.0,Low
0,0,0.0,0,0.0,Low
0,0,0.0,0,0.0,Low
1,1,0.8933333333333333,1,0.9566666666666667,Urgent
0,0,0.0,0,0.0,Low
0,0,0.0033333333333333335,0,0.0,Low
1,1,0.9866666666666667,1,0.9966666666666667,Urgent
0,0,0.0,0,0.0,Low
0,0,0.0,0,0.0,Low
1,1,0.9933333333333333,1,0.9966666666666667,Urgent
0,0,0.0,0,0.0033333333333333335,Low
0,0,0.0,0,0.0,Low
1,1,0.9966666666666667,1,0.9966666666666667,Urgent
0,0,0.0,0,0.0,Low
0,0,0.0,0,0.0,Low
1,1,1.0,1,0.9966666666666667,Urgent
0,0,0.0,0,0.0,Low
0,0,0.0,0,0.0,Low
1,1,0.9966666666666667,1,0.9966666666666667,Urgent
0,0,0.0,0,0.0,Low
0,0,0.0,0,0.0,Low
1,1,1.0,1,0.9966666666666667,Urgent
0,0,0.0,0,0.0,Low
0,0,0.0033333333333333335,0,0.0,Low
1,1,0.97,1,0.9866666666666667,Urgent
0,0,0.0033333333333333335,0,0.013333333333333334,Low
1,1,0.9866666666666667,1,0.9966666666666667,Urgent
0,0,0.0,0,0.013333333333333334,Low
1,1,0.9466666666666667,1,0.91,Urgent
0,0,0.19,0,0.15666666666666668,Low
0,0,0.0,0,0.0,Low
0,0,0.0033333333333333335,0,0.0,Low
0,0,0.0,0,0.0,Low
0,0,0.0,0,0.0,Low
1,1,0.9966666666666667,1,0.9966666666666667,Urgent
0,0,0.0,0,0.0,Low
0,0,0.0,0,0.0,Low
0,0,0.0,0,0.0,Low
0,0,0.0,0,0.0033333333333333335,Low
1,1,0.9733333333333334,1,0.99,Urgent
0,0,0.01,0,0.013333333333333334,Low
1,1,0.9966666666666667,1,0.9966666666666667,Urgent
0,0,0.0,0,0.0,Low
0,0,0.0,0,0.0,Low
0,0,0.0,0,0.0033333333333333335,Low
1,1,0.9733333333333334,1,0.99,Urgent
0,0,0.0,0,0.013333333333333334,Low
1,1,0.9866666666666667,1,0.9933333333333333,Urgent
0,0,0.0,0,0.0033333333333333335,Low
0,0,0.0,0,0.0,Low
0,0,0.0,0,0.0,Low
0,0,0.0,0,0.0,Low
0,0,0.0033333333333333335,0,0.0,Low
0,0,0.0,0,0.0,Low
0,0,0.0,0,0.0,Low
0,0,0.0,0,0.0033333333333333335,Low
1,1,0.9933333333333333,1,0.9966666666666667,Urgent
0,0,0.0033333333333333335,0,0.016666666666666666,Low
1,1,1.0,1,0.9966666666666667,Urgent
0,0,0.006666666666666667,0,0.0,Low
0,0,0.0,0,0.0,Low
0,0,0.0,0,0.0,Low
0,0,0.0,0,0.0,Low
0,0,0.0,0,0.0,Low
0,0,0.0,0,0.0,Low
0,0,0.0,0,0.0,Low
0,0,0.0,0,0.0,Low
0,0,0.0,0,0.0,Low
0,0,0.0,0,0.0,Low
0,0,0.0,0,0.0,Low
0,0,0.0,0,0.0,Low
0,0,0.0,0,0.0,Low
0,0,0.0,0,0.0,Low
0,0,0.0,0,0.0,Low
0,0,0.0,0,0.0,Low
0,0,0.0,0,0.0,Low
0,0,0.0,0,0.0,Low
0,0,0.0033333333333333335,0,0.0,Low
0,0,0.0,0,0.0,Low
0,0,0.0,0,0.0,Low
0,0,0.0,0,0.0,Low
0,0,0.0,0,0.0,Low
1,1,0.9933333333333333,1,0.9966666666666667,Urgent
0,0,0.0,0,0.0,Low
0,0,0.0,0,0.0,Low
0,0,0.0,0,0.0,Low
0,0,0.0,0,0.0,Low
1,1,0.9966666666666667,1,0.9966666666666667,Urgent
0,0,0.006666666666666667,0,0.016666666666666666,Low
1,1,0.9966666666666667,1,0.9966666666666667,Urgent
0,0,0.0,0,0.0,Low
0,0,0.0,0,0.0,Low
0,0,0.0033333333333333335,0,0.0,Low
0,0,0.0,0,0.0,Low
0,0,0.0,0,0.0,Low
0,0,0.0,0,0.0,Low
0,0,0.0,0,0.0,Low
0,0,0.0,0,0.0,Low
0,0,0.0,0,0.0,Low
0,0,0.0,0,0.0,Low
0,0,0.0,0,0.0,Low
0,0,0.0,0,0.0,Low
0,0,0.0033333333333333335,0,0.0,Low
0,0,0.0,0,0.0,Low
0,0,0.0,0,0.0,Low
0,0,0.0,0,0.0,Low
0,0,0.0033333333333333335,0,0.0,Low
0,0,0.0,0,0.0,Low
0,0,0.0,0,0.0,Low
0,0,0.0,0,0.0,Low
0,0,0.0,0,0.0,Low
1,1,1.0,1,0.9966666666666667,Urgent
0,0,0.0,0,0.016666666666666666,Low
1,1,1.0,1,0.9966666666666667,Urgent
0,0,0.0,0,0.0,Low
0,0,0.01,0,0.0,Low
0,0,0.0,0,0.0,Low
0,0,0.0,0,0.0,Low
0,0,0.0,0,0.0,Low
0,0,0.0,0,0.0,Low
0,0,0.0,0,0.0,Low
0,0,0.0,0,0.0,Low
0,0,0.0,0,0.0,Low
0,0,0.0,0,0.0,Low
0,0,0.0,0,0.0,Low
0,0,0.0,0,0.0,Low
0,0,0.0,0,0.0,Low
0,0,0.0,0,0.0,Low
0,0,0.0,0,0.0,Low
0,0,0.0,0,0.0,Low
0,0,0.0033333333333333335,0,0.0,Low
0,0,0.0033333333333333335,0,0.01,Low
1,1,0.8933333333333333,1,0.96,Urgent
0,0,0.0033333333333333335,0,0.016666666666666666,Low
1,1,0.9933333333333333,1,0.9966666666666667,Urgent
0,0,0.0033333333333333335,0,0.016666666666666666,Low
1,1,0.91,1,0.7266666666666667,High
0,0,0.06,0,0.11333333333333333,Low
0,0,0.006666666666666667,0,0.0,Low
0,0,0.0033333333333333335,0,0.0,Low
0,0,0.006666666666666667,0,0.0,Low
0,0,0.0,0,0.0,Low
0,0,0.0,0,0.0,Low
0,0,0.0033333333333333335,0,0.0,Low
0,0,0.0033333333333333335,0,0.0,Low
0,0,0.013333333333333334,0,0.0,Low
1,1,0.99,1,0.9966666666666667,Urgent
0,0,0.0,0,0.0,Low
0,0,0.013333333333333334,0,0.01,Low
1,1,0.9233333333333333,1,0.9766666666666667,Urgent
0,0,0.0033333333333333335,0,0.016666666666666666,Low
1,1,0.99,1,1.0,Urgent
0,0,0.0,0,0.016666666666666666,Low
1,1,0.9366666666666666,1,0.7733333333333333,High
0,0,0.06666666666666667,0,0.04,Low
0,0,0.0033333333333333335,0,0.0,Low
0,0,0.0,0,0.0033333333333333335,Low
1,1,1.0,1,0.9966666666666667,Urgent
0,0,0.0,0,0.0,Low
0,0,0.006666666666666667,0,0.0,Low
0,0,0.0,0,0.0,Low
0,0,0.006666666666666667,0,0.0,Low
0,0,0.0,0,0.0,Low
0,0,0.006666666666666667,0,0.013333333333333334,Low
1,1,0.9866666666666667,1,0.9966666666666667,Urgent
0,0,0.0,0,0.016666666666666666,Low
1,1,1.0,1,0.9966666666666667,Urgent
0,0,0.0033333333333333335,0,0.016666666666666666,Low
1,1,0.9333333333333333,1,0.8166666666666667,High
0,0,0.06666666666666667,0,0.20666666666666667,Low
0,0,0.0033333333333333335,0,0.0,Low
0,0,0.0,0,0.0,Low
0,0,0.0,0,0.0,Low
0,0,0.0,0,0.0,Low
0,0,0.0033333333333333335,0,0.0,Low
0,0,0.0,0,0.0,Low
0,0,0.0033333333333333335,0,0.01,Low
1,1,0.96,1,0.99,Urgent
0,0,0.006666666666666667,0,0.016666666666666666,Low
1,1,1.0,1,0.9966666666666667,Urgent
0,0,0.0033333333333333335,0,0.013333333333333334,Low
1,1,0.9466666666666667,1,0.8033333333333333,High
0,0,0.13,0,0.056666666666666664,Low
0,0,0.0,0,0.0033333333333333335,Low
1,1,0.9833333333333333,1,0.9933333333333333,Urgent
0,0,0.0,0,0.0,Low
0,0,0.0,0,0.0,Low
0,0,0.0,0,0.0,Low
0,0,0.016666666666666666,0,0.0,Low
1,1,0.89,1,0.72,High
0,0,0.0,0,0.0033333333333333335,Low
1,1,0.9866666666666667,1,0.66,High
0,0,0.0,0,0.0,Low
1,1,0.9766666666666667,1,0.8966666666666666,Urgent
0,1,0.5366666666666666,0,0.4266666666666667,Moderate
0,0,0.0,0,0.006666666666666667,Low
0,0,0.006666666666666667,0,0.04,Low
1,1,0.9866666666666667,1,0.9933333333333333,Urgent
0,0,0.0,0,0.0,Low
0,0,0.0,0,0.0,Low
0,0,0.0,0,0.0,Low
0,0,0.0,0,0.0,Low
0,0,0.0,0,0.0,Low
1,1,1.0,1,0.9966666666666667,Urgent
0,0,0.0,0,0.0,Low
0,0,0.0,0,0.0,Low
0,0,0.0,0,0.0,Low
0,0,0.0033333333333333335,0,0.01,Low
1,1,0.9566666666666667,1,0.9866666666666667,Urgent
0,0,0.0,0,0.023333333333333334,Low
1,1,0.9866666666666667,1,0.9933333333333333,Urgent
0,0,0.006666666666666667,0,0.013333333333333334,Low
1,1,0.9933333333333333,1,0.99,Urgent
0,0,0.0,0,0.013333333333333334,Low
1,1,0.9733333333333334,1,0.99,Urgent
0,0,0.0,0,0.013333333333333334,Low
1,1,0.9366666666666666,1,0.87,Urgent
0,0,0.13333333333333333,0,0.10333333333333333,Low
0,0,0.0,0,0.0,Low
0,0,0.0033333333333333335,0,0.01,Low
0,0,0.0,0,0.0,Low
0,0,0.0,0,0.0,Low
1,1,0.8933333333333333,1,0.9566666666666667,Urgent
0,0,0.0,0,0.013333333333333334,Low
1,1,0.9766666666666667,1,0.99,Urgent
0,0,0.0033333333333333335,0,0.013333333333333334,Low
1,1,0.8933333333333333,1,0.88,Urgent
0,0,0.22666666666666666,0,0.26,Low
0,0,0.0,0,0.0,Low
0,0,0.0,0,0.0,Low
0,0,0.01,0,0.0,Low
1,1,0.8733333333333333,1,0.9533333333333334,Urgent
0,0,0.0,0,0.006666666666666667,Low
1,1,0.9766666666666667,1,0.9933333333333333,Urgent
0,0,0.0,0,0.006666666666666667,Low
1,1,0.9833333333333333,1,0.9866666666666667,Urgent
0,0,0.0,0,0.0,Low
1,1,0.9766666666666667,1,0.9933333333333333,Urgent
0,0,0.006666666666666667,0,0.006666666666666667,Low
1,1,0.9433333333333334,1,0.8866666666666667,Urgent
0,1,0.6433333333333333,1,0.51,Moderate
0,0,0.0033333333333333335,0,0.0,Low
0,0,0.0,0,0.0033333333333333335,Low
0,0,0.0,0,0.0033333333333333335,Low
0,0,0.0,0,0.0033333333333333335,Low
1,1,0.9833333333333333,1,0.99,Urgent
0,0,0.0,0,0.0,Low
0,0,0.0,0,0.0,Low
0,0,0.0,0,0.0,Low
0,0,0.0,0,0.0,Low
0,0,0.0033333333333333335,0,0.0,Low
1,1,0.9133333333333333,1,0.9666666666666667,Urgent
0,0,0.0,0,0.0,Low
0,0,0.0033333333333333335,0,0.0,Low
1,1,0.9733333333333334,1,0.9866666666666667,Urgent
0,0,0.0,0,0.0,Low
0,0,0.006666666666666667,0,0.0,Low
1,1,0.9733333333333334,1,0.99,Urgent
0,0,0.0,0,0.0,Low
0,0,0.0,0,0.0033333333333333335,Low
1,1,0.9866666666666667,1,0.9933333333333333,Urgent
0,0,0.0,0,0.0,Low
0,0,0.0033333333333333335,0,0.0033333333333333335,Low
1,1,0.9133333333333333,1,0.9633333333333334,Urgent
0,0,0.0033333333333333335,0,0.006666666666666667,Low
1,1,0.96,1,0.9933333333333333,Urgent
0,0,0.0033333333333333335,0,0.006666666666666667,Low
1,1,0.9866666666666667,1,1.0,Urgent
0,0,0.0,0,0.006666666666666667,Low
1,1,1.0,1,0.9966666666666667,Urgent
0,0,0.0,0,0.006666666666666667,Low
1,1,0.96,1,0.9333333333333333,Urgent
0,0,0.24,0,0.2866666666666667,Low
0,0,0.0,0,0.0,Low
0,0,0.0,0,0.0,Low
0,0,0.0,0,0.006666666666666667,Low
1,1,0.9533333333333334,1,0.9933333333333333,Urgent
0,0,0.0,0,0.006666666666666667,Low
1,1,0.96,1,0.9933333333333333,Urgent
0,0,0.0,0,0.0,Low
0,0,0.0,0,0.0,Low
0,0,0.0,0,0.0,Low
0,0,0.0,0,0.0,Low
1,1,0.9733333333333334,1,0.9933333333333333,Urgent
0,0,0.0,0,0.0,Low
0,0,0.0,0,0.0,Low
0,0,0.0,0,0.0,Low
0,0,0.0033333333333333335,0,0.0,Low
1,1,0.9733333333333334,1,0.9866666666666667,Urgent
0,0,0.0,0,0.006666666666666667,Low
1,1,0.9966666666666667,1,0.9966666666666667,Urgent
0,0,0.0,0,0.0,Low
0,0,0.0,0,0.0,Low
1,1,1.0,1,1.0,Urgent
0,0,0.013333333333333334,0,0.02,Low
0,1,0.5366666666666666,0,0.35333333333333333,Moderate
0,0,0.0033333333333333335,0,0.006666666666666667,Low
1,1,0.91,1,0.9833333333333333,Urgent
0,0,0.006666666666666667,0,0.016666666666666666,Low
0,0,0.0,0,0.0033333333333333335,Low
0,0,0.0033333333333333335,0,0.01,Low
1,1,0.9733333333333334,1,0.8266666666666667,High
0,0,0.0,0,0.006666666666666667,Low
0,0,0.0,0,0.013333333333333334,Low
1,1,0.9933333333333333,1,0.8766666666666667,Urgent
0,0,0.0,0,0.0,Low
1,1,0.95,1,0.6833333333333333,High
0,0,0.01,0,0.01,Low
0,0,0.0,0,0.0033333333333333335,Low
0,0,0.0,0,0.013333333333333334,Low
1,1,0.97,1,0.99,Urgent
0,0,0.0033333333333333335,0,0.0,Low
0,0,0.0,0,0.0,Low
1,1,1.0,1,0.9966666666666667,Urgent
0,0,0.006666666666666667,0,0.0033333333333333335,Low
0,0,0.0,0,0.0,Low
1,1,1.0,1,0.54,Moderate
0,0,0.2833333333333333,0,0.5,Moderate
0,0,0.006666666666666667,0,0.0,Low
1,1,0.9866666666666667,1,0.6666666666666666,High
0,0,0.09666666666666666,0,0.04,Low
0,0,0.0033333333333333335,0,0.0,Low
0,0,0.0,0,0.0,Low
0,0,0.01,0,0.0,Low
0,0,0.006666666666666667,0,0.03,Low
1,1,0.99,1,0.9966666666666667,Urgent
0,0,0.0033333333333333335,0,0.023333333333333334,Low
1,1,1.0,1,0.9966666666666667,Urgent
0,0,0.0,0,0.016666666666666666,Low
1,1,0.9966666666666667,1,0.9966666666666667,Urgent
0,0,0.0,0,0.016666666666666666,Low
1,1,0.9466666666666667,1,0.8933333333333333,Urgent
0,0,0.16333333333333333,0,0.09333333333333334,Low
0,0,0.0,0,0.0,Low
0,0,0.0,0,0.0,Low
0,0,0.0,0,0.0,Low
0,0,0.0,0,0.0,Low
1,1,1.0,1,0.9966666666666667,Urgent
0,0,0.0,0,0.0,Low
0,0,0.01,0,0.0,Low
1,1,0.9833333333333333,1,0.99,Urgent
0,0,0.0,0,0.013333333333333334,Low
1,1,0.9733333333333334,1,0.99,Urgent
0,0,0.0,0,0.0,Low
0,0,0.013333333333333334,0,0.0033333333333333335,Low
1,1,0.9833333333333333,1,0.99,Urgent
0,0,0.0,0,0.0,Low
0,0,0.0,0,0.0,Low
0,0,0.0033333333333333335,0,0.006666666666666667,Low
1,1,0.9133333333333333,1,0.9633333333333334,Urgent
0,0,0.013333333333333334,0,0.016666666666666666,Low
1,1,0.9833333333333333,1,0.99,Urgent
0,0,0.0,0,0.013333333333333334,Low
1,1,0.92,1,0.78,High
0,0,0.06666666666666667,0,0.04,Low
0,0,0.0,0,0.0,Low
0,0,0.0,0,0.0,Low
1,1,0.9866666666666667,1,0.9933333333333333,Urgent
0,0,0.0033333333333333335,0,0.0,Low
0,0,0.0,0,0.0,Low
0,0,0.0,0,0.0033333333333333335,Low
1,1,0.9966666666666667,1,0.9966666666666667,Urgent
0,0,0.0,0,0.016666666666666666,Low
1,1,1.0,1,0.9966666666666667,Urgent
0,0,0.0033333333333333335,0,0.0,Low
0,0,0.0,0,0.0033333333333333335,Low
1,1,0.9733333333333334,1,0.99,Urgent
0,0,0.01,0,0.03,Low
1,1,0.92,1,0.9666666666666667,Urgent
0,0,0.0,0,0.0,Low
0,0,0.01,0,0.0033333333333333335,Low
1,1,0.9733333333333334,1,0.9866666666666667,Urgent
0,0,0.0,0,0.0,Low
0,0,0.006666666666666667,0,0.0033333333333333335,Low
1,1,0.9733333333333334,1,0.99,Urgent
0,0,0.0033333333333333335,0,0.0,Low
0,0,0.0,0,0.0033333333333333335,Low
1,1,0.9966666666666667,1,0.9966666666666667,Urgent
0,0,0.0033333333333333335,0,0.0,Low
0,0,0.006666666666666667,0,0.013333333333333334,Low
1,1,0.98,1,0.9966666666666667,Urgent
0,0,0.0033333333333333335,0,0.013333333333333334,Low
1,1,1.0,1,0.9966666666666667,Urgent
0,0,0.0,0,0.01,Low
1,1,0.94,1,0.9166666666666666,Urgent
0,0,0.17666666666666667,0,0.12666666666666668,Low
0,0,0.0,0,0.0,Low
0,0,0.0,0,0.0,Low
0,0,0.0033333333333333335,0,0.0,Low
0,0,0.01,0,0.013333333333333334,Low
1,1,0.9733333333333334,1,0.9966666666666667,Urgent
0,0,0.0033333333333333335,0,0.02666666666666667,Low
1,1,0.9966666666666667,1,0.9966666666666667,Urgent
0,0,0.0,0,0.02,Low
1,1,1.0,1,0.9966666666666667,Urgent
0,0,0.0,0,0.016666666666666666,Low
1,1,1.0,1,0.9966666666666667,Urgent
0,0,0.0033333333333333335,0,0.03,Low
1,1,1.0,1,0.9966666666666667,Urgent
0,0,0.0033333333333333335,0,0.02,Low
1,1,0.9966666666666667,1,0.9966666666666667,Urgent
0,0,0.0033333333333333335,0,0.013333333333333334,Low
1,1,0.9466666666666667,1,0.86,Urgent
0,0,0.15333333333333332,0,0.12333333333333334,Low
0,0,0.0033333333333333335,0,0.0,Low
0,0,0.0,0,0.0033333333333333335,Low
1,1,0.9966666666666667,1,0.9966666666666667,Urgent
0,0,0.0033333333333333335,0,0.023333333333333334,Low
1,1,0.9966666666666667,1,0.9966666666666667,Urgent
0,0,0.0,0,0.0,Low
0,0,0.0033333333333333335,0,0.0,Low
0,0,0.0033333333333333335,0,0.0,Low
0,0,0.0,0,0.0,Low
0,0,0.0,0,0.0,Low
1,1,0.9966666666666667,1,0.9966666666666667,Urgent
0,0,0.0,0,0.0,Low
0,0,0.0,0,0.0,Low
1,1,1.0,1,0.9966666666666667,Urgent
0,0,0.0,0,0.0,Low
0,0,0.0,0,0.0,Low
0,0,0.0033333333333333335,0,0.01,Low
1,1,0.98,1,0.9933333333333333,Urgent
0,0,0.0,0,0.013333333333333334,Low
1,1,1.0,1,0.9966666666666667,Urgent
0,0,0.0033333333333333335,0,0.016666666666666666,Low
1,1,0.93,1,0.8133333333333334,High
0,0,0.08666666666666667,0,0.06,Low
0,0,0.0033333333333333335,0,0.0,Low
0,0,0.0,0,0.013333333333333334,Low
1,1,0.9866666666666667,1,0.9933333333333333,Urgent
0,0,0.0,0,0.016666666666666666,Low
1,1,0.9966666666666667,1,0.9966666666666667,Urgent
0,0,0.0033333333333333335,0,0.016666666666666666,Low
1,1,1.0,1,0.9966666666666667,Urgent
0,0,0.0,0,0.013333333333333334,Low
1,1,0.9933333333333333,1,0.9966666666666667,Urgent
0,0,0.0,0,0.016666666666666666,Low
1,1,0.9833333333333333,1,0.9933333333333333,Urgent
0,0,0.0033333333333333335,0,0.013333333333333334,Low
1,1,0.9933333333333333,1,0.9966666666666667,Urgent
0,0,0.0033333333333333335,0,0.013333333333333334,Low
1,1,0.9966666666666667,1,1.0,Urgent
0,0,0.0,0,0.016666666666666666,Low
1,1,0.9433333333333334,1,0.88,Urgent
0,0,0.22333333333333333,0,0.21,Low
0,0,0.0,0,0.006666666666666667,Low
0,0,0.0,0,0.0033333333333333335,Low
0,0,0.0,0,0.0033333333333333335,Low
0,0,0.0,0,0.0,Low
0,0,0.0,0,0.0,Low
0,0,0.0,0,0.0,Low
0,0,0.0033333333333333335,0,0.0033333333333333335,Low
0,0,0.0033333333333333335,0,0.0,Low
0,0,0.0,0,0.0,Low
0,0,0.0,0,0.0,Low
0,0,0.0,0,0.0,Low
0,0,0.0033333333333333335,0,0.0,Low
0,0,0.013333333333333334,0,0.0033333333333333335,Low
0,0,0.0,0,0.0,Low
0,0,0.013333333333333334,0,0.0033333333333333335,Low
0,0,0.0,0,0.0033333333333333335,Low
0,0,0.006666666666666667,0,0.013333333333333334,Low
1,1,0.9,1,0.96,Urgent
0,0,0.0033333333333333335,0,0.02666666666666667,Low
1,1,0.9866666666666667,1,0.9933333333333333,Urgent
0,0,0.0033333333333333335,0,0.016666666666666666,Low
1,1,0.9866666666666667,1,0.9933333333333333,Urgent
0,0,0.006666666666666667,0,0.013333333333333334,Low
1,1,0.93,1,0.8633333333333333,Urgent
0,0,0.16,0,0.12,Low
0,0,0.0,0,0.006666666666666667,Low
1,1,0.9933333333333333,1,0.9966666666666667,Urgent
0,0,0.0,0,0.0,Low
0,0,0.006666666666666667,0,0.0033333333333333335,Low
1,1,0.9833333333333333,1,0.9933333333333333,Urgent
0,0,0.0,0,0.006666666666666667,Low
1,1,0.9966666666666667,1,0.9966666666666667,Urgent
0,0,0.0,0,0.0,Low
0,0,0.0,0,0.0,Low
0,0,0.0,0,0.0,Low
0,0,0.0,0,0.0,Low
0,0,0.0,0,0.0,Low
0,0,0.006666666666666667,0,0.013333333333333334,Low
1,1,0.96,1,0.99,Urgent
0,0,0.0,0,0.013333333333333334,Low
1,1,0.9966666666666667,1,0.9966666666666667,Urgent
0,0,0.0,0,0.016666666666666666,Low
1,1,0.9933333333333333,1,0.9966666666666667,Urgent
0,0,0.0,0,0.013333333333333334,Low
1,1,1.0,1,0.9966666666666667,Urgent
0,0,0.0,0,0.02,Low
1,1,0.94,1,0.8566666666666667,Urgent
0,0,0.12333333333333334,0,0.11,Low
0,0,0.0,0,0.0033333333333333335,Low
1,1,0.9966666666666667,1,0.9966666666666667,Urgent
0,0,0.0033333333333333335,0,0.01,Low
1,1,1.0,1,0.9966666666666667,Urgent
0,0,0.0,0,0.0,Low
0,0,0.0033333333333333335,0,0.0,Low
0,0,0.006666666666666667,0,0.0,Low
1,1,1.0,1,0.9966666666666667,Urgent
0,0,0.0,0,0.01,Low
1,1,1.0,1,0.9966666666666667,Urgent
0,0,0.0,0,0.0,Low
0,0,0.0,0,0.0033333333333333335,Low
1,1,1.0,1,0.9966666666666667,Urgent
0,0,0.0,0,0.0,Low
0,0,0.006666666666666667,0,0.023333333333333334,Low
1,1,0.98,1,0.9966666666666667,Urgent
0,0,0.0,0,0.013333333333333334,Low
1,1,1.0,1,0.9966666666666667,Urgent
0,0,0.0,0,0.013333333333333334,Low
1,1,0.9966666666666667,1,0.9966666666666667,Urgent
0,0,0.0,0,0.02666666666666667,Low
1,1,0.95,1,0.7033333333333334,High
0,0,0.08,0,0.06333333333333334,Low
0,0,0.006666666666666667,0,0.0,Low
1,1,1.0,1,0.9966666666666667,Urgent
0,0,0.0033333333333333335,0,0.0,Low
0,0,0.01,0,0.0,Low
1,1,1.0,1,0.9966666666666667,Urgent
0,0,0.0033333333333333335,0,0.016666666666666666,Low
1,1,1.0,1,1.0,Urgent
0,0,0.0033333333333333335,0,0.0,Low
0,0,0.0033333333333333335,0,0.0,Low
1,1,1.0,1,0.9966666666666667,Urgent
0,0,0.0,0,0.0,Low
0,0,0.0033333333333333335,0,0.0,Low
0,0,0.0,0,0.0033333333333333335,Low
1,1,1.0,1,0.9966666666666667,Urgent
0,0,0.013333333333333334,0,0.016666666666666666,Low
1,1,0.9966666666666667,1,0.9966666666666667,Urgent
0,0,0.0033333333333333335,0,0.0,Low
0,0,0.0,0,0.0,Low
0,0,0.0,0,0.0,Low
1,1,0.9966666666666667,1,0.9966666666666667,Urgent
0,0,0.0033333333333333335,0,0.016666666666666666,Low
1,1,0.9866666666666667,1,0.9966666666666667,Urgent
0,0,0.0,0,0.0,Low
0,0,0.0,0,0.0,Low
1,1,0.9966666666666667,1,0.9966666666666667,Urgent
0,0,0.0,0,0.0,Low
0,0,0.006666666666666667,0,0.0,Low
0,0,0.0,0,0.0,Low
0,0,0.0,0,0.01,Low
1,1,0.9966666666666667,1,0.9966666666666667,Urgent
0,0,0.006666666666666667,0,0.0,Low
0,0,0.0,0,0.0,Low
0,0,0.01,0,0.0,Low
0,0,0.0,0,0.0,Low
0,0,0.0,0,0.0,Low
1,1,0.9866666666666667,1,1.0,Urgent
0,0,0.006666666666666667,0,0.016666666666666666,Low
1,1,1.0,1,1.0,Urgent
0,0,0.0,0,0.0,Low
0,0,0.0033333333333333335,0,0.0,Low
1,1,0.9966666666666667,1,0.9966666666666667,Urgent
0,0,0.0,0,0.0,Low
0,0,0.0033333333333333335,0,0.0,Low
0,0,0.0033333333333333335,0,0.0033333333333333335,Low
1,1,1.0,1,0.9966666666666667,Urgent
0,0,0.0033333333333333335,0,0.02,Low
1,1,1.0,1,0.9966666666666667,Urgent
0,0,0.0,0,0.0,Low
0,0,0.0,0,0.0033333333333333335,Low
1,1,1.0,1,0.9966666666666667,Urgent
0,0,0.0033333333333333335,0,0.01,Low
1,1,1.0,1,1.0,Urgent
0,0,0.0,0,0.0,Low
0,0,0.0,0,0.0,Low
0,0,0.013333333333333334,0,0.013333333333333334,Low
1,1,0.9533333333333334,1,0.99,Urgent
0,0,0.01,0,0.023333333333333334,Low
1,1,0.9966666666666667,1,0.9966666666666667,Urgent
0,0,0.006666666666666667,0,0.016666666666666666,Low
1,1,0.93,1,0.8666666666666667,Urgent
0,0,0.18,0,0.12,Low
0,0,0.006666666666666667,0,0.013333333333333334,Low
1,1,0.9133333333333333,1,0.9666666666666667,Urgent
0,0,0.0,0,0.0,Low
0,0,0.0033333333333333335,0,0.0033333333333333335,Low
1,1,0.9833333333333333,1,0.99,Urgent
0,0,0.0033333333333333335,0,0.0,Low
0,0,0.0,0,0.013333333333333334,Low
1,1,0.9833333333333333,1,0.9933333333333333,Urgent
0,0,0.0,0,0.0,Low
0,0,0.006666666666666667,0,0.006666666666666667,Low
1,1,0.9966666666666667,1,0.9966666666666667,Urgent
0,0,0.0,0,0.0,Low
0,0,0.006666666666666667,0,0.01,Low
1,1,0.92,1,0.9666666666666667,Urgent
0,0,0.0,0,0.013333333333333334,Low
1,1,0.9966666666666667,1,0.9966666666666667,Urgent
0,0,0.0033333333333333335,0,0.02,Low
1,1,0.9366666666666666,1,0.88,Urgent
0,0,0.22,0,0.2,Low
0,0,0.0,0,0.0,Low
0,0,0.0033333333333333335,0,0.0,Low
0,0,0.0,0,0.0,Low
0,0,0.01,0,0.016666666666666666,Low
1,1,0.95,1,0.99,Urgent
0,0,0.0033333333333333335,0,0.016666666666666666,Low
1,1,1.0,1,1.0,Urgent
0,0,0.0033333333333333335,0,0.016666666666666666,Low
1,1,1.0,1,0.9966666666666667,Urgent
0,0,0.006666666666666667,0,0.023333333333333334,Low
1,1,1.0,1,0.9933333333333333,Urgent
0,0,0.0,0,0.013333333333333334,Low
1,1,1.0,1,0.9966666666666667,Urgent
0,0,0.006666666666666667,0,0.01,Low
1,1,1.0,1,0.9966666666666667,Urgent
0,0,0.01,0,0.023333333333333334,Low
1,1,0.92,1,0.9233333333333333,Urgent
0,0,0.18333333333333332,0,0.13666666666666666,Low
0,0,0.0033333333333333335,0,0.0,Low
0,0,0.0,0,0.0,Low
0,0,0.0,0,0.0,Low
0,0,0.0,0,0.0,Low
0,0,0.0033333333333333335,0,0.0,Low
0,0,0.0,0,0.0,Low
0,0,0.0033333333333333335,0,0.0,Low
0,0,0.01,0,0.0,Low
0,0,0.0033333333333333335,0,0.0,Low
0,0,0.006666666666666667,0,0.0,Low
0,0,0.0033333333333333335,0,0.0,Low
0,0,0.0033333333333333335,0,0.0,Low
0,0,0.01,0,0.0,Low
0,0,0.0033333333333333335,0,0.0,Low
0,0,0.006666666666666667,0,0.0,Low
0,0,0.006666666666666667,0,0.0,Low
0,0,0.0,0,0.0,Low
0,0,0.0033333333333333335,0,0.0,Low
0,0,0.006666666666666667,0,0.0,Low
0,0,0.01,0,0.01,Low
1,1,0.9833333333333333,1,0.9966666666666667,Urgent
0,0,0.006666666666666667,0,0.02666666666666667,Low
1,1,0.9933333333333333,1,1.0,Urgent
0,0,0.006666666666666667,0,0.016666666666666666,Low
1,1,1.0,1,0.9966666666666667,Urgent
0,0,0.006666666666666667,0,0.02,Low
1,1,1.0,1,0.9933333333333333,Urgent
0,0,0.0033333333333333335,0,0.013333333333333334,Low
1,1,0.9133333333333333,1,0.8933333333333333,Urgent
0,0,0.2,0,0.15666666666666668,Low
0,0,0.0,0,0.0033333333333333335,Low
1,1,1.0,1,0.9966666666666667,Urgent
0,0,0.0,0,0.0,Low
0,0,0.0,0,0.0,Low
0,0,0.0033333333333333335,0,0.006666666666666667,Low
1,1,0.9833333333333333,1,0.9966666666666667,Urgent
0,0,0.0033333333333333335,0,0.01,Low
1,1,0.9566666666666667,0,0.45666666666666667,Moderate
0,0,0.25,0,0.36333333333333334,Moderate
1,1,0.99,1,0.9466666666666667,Urgent
0,0,0.49,0,0.42,Moderate
0,0,0.0,0,0.01,Low
1,1,0.9566666666666667,1,0.8233333333333334,High
0,0,0.0,0,0.0,Low
0,0,0.0,0,0.0033333333333333335,Low
0,0,0.0033333333333333335,0,0.006666666666666667,Low
0,0,0.0,0,0.006666666666666667,Low
0,0,0.0,0,0.006666666666666667,Low
0,0,0.006666666666666667,0,0.02,Low
1,1,1.0,1,0.9,Urgent
0,0,0.0,0,0.0,Low
0,0,0.0033333333333333335,0,0.0033333333333333335,Low
1,1,0.9733333333333334,1,0.9733333333333334,Urgent
0,0,0.0,0,0.006666666666666667,Low
1,1,0.8866666666666667,1,0.7933333333333333,High
0,0,0.48,0,0.3,Low
0,0,0.0,0,0.0,Low
0,0,0.0,0,0.01,Low
1,1,0.93,1,0.99,Urgent
0,0,0.0,0,0.01,Low
1,1,0.98,1,0.99,Urgent
0,0,0.0,0,0.0033333333333333335,Low
0,0,0.0,0,0.006666666666666667,Low
0,0,0.006666666666666667,0,0.0033333333333333335,Low
1,1,0.9866666666666667,1,0.9933333333333333,Urgent
0,0,0.0,0,0.0,Low
0,0,0.0,0,0.0,Low
0,0,0.0,0,0.006666666666666667,Low
1,1,0.9833333333333333,1,0.9933333333333333,Urgent
0,0,0.0,0,0.0,Low
0,0,0.0033333333333333335,0,0.0,Low
0,0,0.0,0,0.0,Low
0,0,0.0,0,0.0,Low
1,1,1.0,1,0.9966666666666667,Urgent
0,0,0.0,0,0.0,Low
0,0,0.0,0,0.0,Low
0,0,0.0,0,0.0,Low
1,1,1.0,1,0.9966666666666667,Urgent
0,0,0.0,0,0.0,Low
0,0,0.0033333333333333335,0,0.0,Low
0,0,0.0,0,0.0,Low
0,0,0.0,0,0.0,Low
0,0,0.0033333333333333335,0,0.0,Low
0,0,0.0,0,0.0,Low
0,0,0.0,0,0.0,Low
0,0,0.0,0,0.0,Low
1,1,1.0,1,0.9966666666666667,Urgent
0,0,0.0,0,0.0,Low
1,1,1.0,1,1.0,Urgent
0,0,0.0,0,0.0,Low
0,0,0.0,0,0.0,Low
0,0,0.0033333333333333335,0,0.0,Low
1,1,1.0,1,0.9933333333333333,Urgent
0,0,0.0,0,0.006666666666666667,Low
1,1,1.0,1,1.0,Urgent
0,0,0.0,0,0.0,Low
0,0,0.0,0,0.0,Low
0,0,0.0,0,0.0033333333333333335,Low
1,1,1.0,1,0.9966666666666667,Urgent
0,0,0.0,0,0.01,Low
1,1,1.0,1,0.9933333333333333,Urgent
0,0,0.0,0,0.0,Low
0,0,0.0033333333333333335,0,0.0,Low
0,0,0.0,0,0.0,Low
1,1,1.0,1,1.0,Urgent
0,0,0.0,0,0.0,Low
0,0,0.0033333333333333335,0,0.0,Low
0,0,0.0,0,0.0,Low
0,0,0.0,0,0.0033333333333333335,Low
1,1,0.9766666666666667,1,0.99,Urgent
0,0,0.0,0,0.0033333333333333335,Low
1,1,0.9433333333333334,1,0.9933333333333333,Urgent
0,0,0.0,0,0.0,Low
0,0,0.0,0,0.0,Low
0,0,0.0,0,0.0,Low
1,1,0.9666666666666667,1,0.9933333333333333,Urgent
0,0,0.0033333333333333335,0,0.0,Low
0,0,0.0,0,0.0,Low
0,0,0.0,0,0.0,Low
0,0,0.006666666666666667,0,0.0,Low
0,0,0.0,0,0.0,Low
1,1,1.0,1,1.0,Urgent
0,0,0.006666666666666667,0,0.04,Low
1,1,0.9833333333333333,1,0.9933333333333333,Urgent
0,0,0.006666666666666667,0,0.0,Low
0,0,0.0,0,0.0,Low
1,1,1.0,1,0.9966666666666667,Urgent
0,0,0.0,0,0.0,Low
0,0,0.0,0,0.0,Low
1,1,1.0,1,0.9966666666666667,Urgent
0,0,0.0,0,0.0033333333333333335,Low
0,0,0.0,0,0.0,Low
1,1,0.97,1,0.6933333333333334,High
0,0,0.0,0,0.03333333333333333,Low
1,1,1.0,1,1.0,Urgent
0,0,0.0,0,0.0,Low
0,0,0.0,0,0.0,Low
1,1,0.9833333333333333,1,0.9933333333333333,Urgent
0,0,0.0,0,0.023333333333333334,Low
1,1,1.0,1,0.9966666666666667,Urgent
0,0,0.0,0,0.0,Low
0,0,0.0,0,0.0,Low
0,0,0.006666666666666667,0,0.0,Low
0,0,0.0,0,0.0,Low
0,0,0.01,0,0.0,Low
0,0,0.0,0,0.0,Low
1,1,1.0,1,0.9966666666666667,Urgent
0,0,0.0,0,0.02666666666666667,Low
1,1,1.0,1,0.9966666666666667,Urgent
0,0,0.0,0,0.0,Low
0,0,0.0,0,0.0,Low
0,0,0.0,0,0.0,Low
0,0,0.0,0,0.0,Low
1,1,0.9966666666666667,1,0.9966666666666667,Urgent
0,0,0.0,0,0.013333333333333334,Low
1,1,1.0,1,0.9966666666666667,Urgent
0,0,0.0,0,0.0,Low
0,0,0.0,0,0.0,Low
0,0,0.0,0,0.0,Low
0,0,0.0033333333333333335,0,0.0,Low
0,0,0.0,0,0.0033333333333333335,Low
1,1,0.9866666666666667,1,0.9933333333333333,Urgent
0,0,0.0,0,0.0,Low
0,0,0.0,0,0.0,Low
0,0,0.0,0,0.0,Low
0,0,0.0,0,0.0,Low
0,0,0.0,0,0.0,Low
0,0,0.0,0,0.0,Low
0,0,0.006666666666666667,0,0.0,Low
0,0,0.0,0,0.0,Low
0,0,0.0033333333333333335,0,0.0,Low
0,0,0.0,0,0.0,Low
0,0,0.0033333333333333335,0,0.0,Low
0,0,0.0,0,0.0,Low
0,0,0.0,0,0.0,Low
0,0,0.0,0,0.0,Low
1,1,0.9933333333333333,1,0.9966666666666667,Urgent
0,0,0.0,0,0.0,Low
0,0,0.0,0,0.0,Low
1,1,1.0,1,0.9966666666666667,Urgent
0,0,0.0,0,0.0,Low
0,0,0.0033333333333333335,0,0.0,Low
0,0,0.0,0,0.0,Low
0,0,0.0,0,0.0,Low
0,0,0.0,0,0.0,Low
0,0,0.0033333333333333335,0,0.0,Low
1,1,1.0,1,0.9966666666666667,Urgent
0,0,0.0,0,0.0,Low
0,0,0.0,0,0.0,Low
0,0,0.0,0,0.0,Low
0,0,0.0,0,0.0,Low
0,0,0.0033333333333333335,0,0.0,Low
1,1,0.9733333333333334,1,0.99,Urgent
0,0,0.0033333333333333335,0,0.023333333333333334,Low
1,1,0.9866666666666667,1,0.9966666666666667,Urgent
0,0,0.0,0,0.0,Low
0,0,0.0,0,0.0033333333333333335,Low
1,1,1.0,1,0.9966666666666667,Urgent
0,0,0.0,0,0.0,Low
0,0,0.0033333333333333335,0,0.0,Low
0,0,0.0,0,0.0,Low
0,0,0.0,0,0.0,Low
0,0,0.0,0,0.0,Low
1,1,0.99,1,0.9866666666666667,Urgent
0,0,0.0,0,0.0,Low
0,0,0.0,0,0.0,Low
1,1,0.9933333333333333,1,0.9966666666666667,Urgent
0,0,0.0,0,0.0,Low
0,0,0.0,0,0.0,Low
0,0,0.0,0,0.0,Low
0,0,0.0,0,0.0,Low
0,0,0.0,0,0.0,Low
0,0,0.0,0,0.0,Low
0,0,0.0,0,0.0,Low
0,0,0.0,0,0.0,Low
0,0,0.0033333333333333335,0,0.0,Low
0,0,0.0,0,0.0,Low
0,0,0.0,0,0.0,Low
0,0,0.0,0,0.0,Low
1,1,0.9866666666666667,1,0.9933333333333333,Urgent
0,0,0.0,0,0.016666666666666666,Low
1,1,1.0,1,0.9966666666666667,Urgent
0,0,0.0,0,0.0,Low
0,0,0.0,0,0.0,Low
0,0,0.0,0,0.0,Low
0,0,0.0033333333333333335,0,0.0,Low
1,1,0.91,1,0.9566666666666667,Urgent
0,0,0.0033333333333333335,0,0.013333333333333334,Low
1,1,0.9733333333333334,1,0.99,Urgent
0,0,0.006666666666666667,0,0.013333333333333334,Low
1,1,0.9233333333333333,1,0.79,High
0,0,0.19666666666666666,0,0.19333333333333333,Low
0,0,0.0,0,0.0,Low
0,0,0.0033333333333333335,0,0.01,Low
1,1,0.91,1,0.9633333333333334,Urgent
0,0,0.0033333333333333335,0,0.0,Low
0,0,0.0,0,0.0,Low
1,1,0.9766666666666667,1,0.99,Urgent
0,0,0.0,0,0.0,Low
0,0,0.0,0,0.0033333333333333335,Low
1,1,0.91,1,0.6833333333333333,High
0,0,0.05,0,0.04,Low
0,0,0.0033333333333333335,0,0.0,Low
0,0,0.0,0,0.0,Low
0,0,0.0,0,0.0,Low
0,0,0.0033333333333333335,0,0.0,Low
0,0,0.0,0,0.0033333333333333335,Low
0,0,0.0,0,0.0,Low
0,0,0.0,0,0.0,Low
0,0,0.0033333333333333335,0,0.0,Low
0,0,0.0,0,0.0,Low
0,0,0.0033333333333333335,0,0.0,Low
0,0,0.0033333333333333335,0,0.0,Low
0,0,0.0,0,0.0,Low
0,0,0.0,0,0.0,Low
0,0,0.006666666666666667,0,0.0,Low
0,0,0.006666666666666667,0,0.0,Low
0,0,0.0033333333333333335,0,0.0,Low
0,0,0.006666666666666667,0,0.0,Low
0,0,0.0033333333333333335,0,0.0,Low
0,0,0.0,0,0.0,Low
0,0,0.0,0,0.0,Low
0,0,0.0033333333333333335,0,0.0,Low
0,0,0.0,0,0.0,Low
0,0,0.0,0,0.0,Low
0,0,0.0,0,0.0,Low
0,0,0.0,0,0.0,Low
0,0,0.0,0,0.0,Low
0,0,0.0,0,0.0,Low
0,0,0.0,0,0.0,Low
0,0,0.0,0,0.0,Low
0,0,0.0033333333333333335,0,0.0,Low
0,0,0.0,0,0.0,Low
0,0,0.0,0,0.0,Low
0,0,0.0,0,0.0,Low
0,0,0.0,0,0.0,Low
0,0,0.0,0,0.0,Low
0,0,0.0,0,0.0,Low
0,0,0.0,0,0.0,Low
0,0,0.0,0,0.0,Low
0,0,0.0,0,0.0,Low
0,0,0.0,0,0.0,Low
0,0,0.0,0,0.0,Low
0,0,0.0,0,0.0,Low
0,0,0.0,0,0.0,Low
0,0,0.0,0,0.0,Low
1,1,0.9833333333333333,1,0.9933333333333333,Urgent
0,0,0.0,0,0.016666666666666666,Low
1,1,0.9966666666666667,1,0.9966666666666667,Urgent
0,0,0.0,0,0.0,Low
0,0,0.0,0,0.0,Low
0,0,0.0,0,0.0,Low
0,0,0.0,0,0.0,Low
0,0,0.0,0,0.0,Low
0,0,0.0,0,0.0,Low
0,0,0.0,0,0.0,Low
0,0,0.0,0,0.0,Low
0,0,0.0,0,0.0,Low
0,0,0.0,0,0.0,Low
0,0,0.0,0,0.0,Low
0,0,0.0033333333333333335,0,0.0,Low
0,0,0.0,0,0.0,Low
0,0,0.0,0,0.0,Low
1,1,0.9833333333333333,1,0.9933333333333333,Urgent
0,0,0.0,0,0.0,Low
0,0,0.0,0,0.0,Low
0,0,0.0,0,0.0,Low
0,0,0.0,0,0.0,Low
0,0,0.0,0,0.0,Low
0,0,0.0,0,0.0033333333333333335,Low
1,1,0.9733333333333334,1,0.99,Urgent
0,0,0.0,0,0.0,Low
0,0,0.0033333333333333335,0,0.0,Low
0,0,0.0,0,0.0,Low
0,0,0.0033333333333333335,0,0.0,Low
0,0,0.0,0,0.0,Low
0,0,0.0,0,0.0,Low
0,0,0.0,0,0.0,Low
0,0,0.0033333333333333335,0,0.0,Low
0,0,0.0,0,0.0,Low
0,0,0.01,0,0.0,Low
0,0,0.0,0,0.0,Low
0,0,0.0033333333333333335,0,0.0,Low
0,0,0.0,0,0.0,Low
1,1,0.97,1,0.9933333333333333,Urgent
0,0,0.0,0,0.0,Low
0,0,0.0,0,0.0,Low
0,0,0.0,0,0.0,Low
0,0,0.0,0,0.0,Low
0,0,0.0,0,0.0,Low
0,0,0.0,0,0.0,Low
0,0,0.0,0,0.0,Low
0,0,0.0,0,0.0,Low
0,0,0.0,0,0.0,Low
0,0,0.0033333333333333335,0,0.0,Low
0,0,0.0,0,0.0,Low
1,1,0.9933333333333333,1,1.0,Urgent
0,0,0.0,0,0.01,Low
1,1,0.9933333333333333,1,0.9933333333333333,Urgent
0,0,0.0,0,0.0033333333333333335,Low
1,1,0.8466666666666667,0,0.25,Low
1,1,0.9833333333333333,1,0.7566666666666667,High
0,0,0.0,0,0.0033333333333333335,Low
1,1,0.9666666666666667,0,0.2866666666666667,Low
1,1,0.9966666666666667,1,0.94,Urgent
0,0,0.0,0,0.006666666666666667,Low
1,1,0.9833333333333333,1,0.6266666666666667,High
1,1,0.9933333333333333,1,0.98,Urgent
0,0,0.0,0,0.0033333333333333335,Low
1,1,0.93,0,0.23,Low
1,1,0.9866666666666667,1,0.85,High
0,0,0.0,0,0.0033333333333333335,Low
1,1,0.99,1,1.0,Urgent
0,0,0.0,0,0.006666666666666667,Low
1,1,0.92,1,0.99,Urgent
0,0,0.0,0,0.01,Low
1,1,0.9966666666666667,1,0.9933333333333333,Urgent
0,0,0.0,0,0.0033333333333333335,Low
1,1,0.89,0,0.19,Low
1,1,0.94,0,0.32666666666666666,Low
0,0,0.06,0,0.09,Low
1,1,0.9133333333333333,1,0.9466666666666667,Urgent
0,0,0.0033333333333333335,0,0.043333333333333335,Low
0,0,0.24333333333333335,0,0.18666666666666668,Low
0,0,0.05333333333333334,0,0.016666666666666666,Low
0,0,0.27666666666666667,0,0.09666666666666666,Low
0,0,0.2866666666666667,0,0.16666666666666666,Low
1,1,0.8933333333333333,1,0.8266666666666667,High
0,0,0.12,0,0.006666666666666667,Low
0,0,0.44666666666666666,0,0.03,Low
0,0,0.18333333333333332,0,0.07666666666666666,Low
1,1,0.9966666666666667,1,0.8966666666666666,Urgent
0,0,0.08,0,0.03333333333333333,Low
0,0,0.4866666666666667,0,0.25,Low
0,1,0.5533333333333333,0,0.30666666666666664,Low
1,1,0.9533333333333334,1,0.8233333333333334,High
0,0,0.06666666666666667,0,0.013333333333333334,Low
0,0,0.3333333333333333,0,0.03,Low
0,0,0.25,0,0.10666666666666667,Low
1,1,0.9966666666666667,1,0.9433333333333334,Urgent
0,0,0.23,0,0.06666666666666667,Low
0,0,0.13666666666666666,0,0.14,Low
0,0,0.18,0,0.18666666666666668,Low
1,1,0.8833333333333333,1,0.84,High
0,0,0.07,0,0.12333333333333334,Low
0,0,0.41333333333333333,0,0.2,Low
0,1,0.54,0,0.14,Low
1,1,0.8533333333333334,1,0.84,High
0,0,0.01,0,0.03,Low
0,0,0.0033333333333333335,0,0.10666666666666667,Low
0,0,0.0,0,0.04666666666666667,Low
0,0,0.04,0,0.13333333333333333,Low
0,0,0.016666666666666666,0,0.03,Low
0,0,0.07666666666666666,0,0.07,Low
0,0,0.13666666666666666,0,0.13333333333333333,Low
0,0,0.09333333333333334,0,0.10333333333333333,Low
0,0,0.023333333333333334,0,0.056666666666666664,Low
0,0,0.016666666666666666,0,0.08,Low
0,0,0.15,0,0.07666666666666666,Low
1,1,0.99,1,0.96,Urgent
0,0,0.0,0,0.013333333333333334,Low
0,0,0.11,0,0.07333333333333333,Low
1,1,0.93,1,0.73,High
0,0,0.006666666666666667,0,0.02666666666666667,Low
0,0,0.043333333333333335,0,0.043333333333333335,Low
0,0,0.006666666666666667,0,0.10333333333333333,Low
0,0,0.09,0,0.15,Low
1,1,0.97,1,0.96,Urgent
0,0,0.0,0,0.013333333333333334,Low
0,0,0.04,0,0.03666666666666667,Low
1,1,0.98,1,0.7833333333333333,High
0,0,0.0,0,0.016666666666666666,Low
0,0,0.006666666666666667,0,0.09,Low
0,0,0.05,0,0.07,Low
0,0,0.05,0,0.08,Low
0,0,0.17,0,0.15333333333333332,Low
0,0,0.0,0,0.04666666666666667,Low
0,0,0.016666666666666666,0,0.05,Low
0,0,0.17333333333333334,0,0.006666666666666667,Low
1,1,0.94,1,0.9933333333333333,Urgent
0,0,0.0033333333333333335,0,0.01,Low
0,0,0.10666666666666667,0,0.06333333333333334,Low
1,1,0.9233333333333333,1,0.8833333333333333,Urgent
0,0,0.06333333333333334,0,0.07,Low
0,0,0.13,0,0.12,Low
1,1,0.9966666666666667,1,1.0,Urgent
0,0,0.0,0,0.0,Low
1,1,0.9933333333333333,1,0.9966666666666667,Urgent
0,0,0.0,0,0.006666666666666667,Low
0,0,0.18,0,0.11,Low
1,1,0.9366666666666666,1,0.8533333333333334,Urgent
0,0,0.0,0,0.03,Low
0,0,0.08333333333333333,0,0.05333333333333334,Low
1,1,0.8233333333333334,1,0.9066666666666666,Urgent
0,0,0.0,0,0.0,Low
0,0,0.043333333333333335,0,0.12666666666666668,Low
1,1,0.9733333333333334,1,0.9,Urgent
0,0,0.0,0,0.006666666666666667,Low
0,0,0.03333333333333333,0,0.08,Low
1,1,0.8833333333333333,0,0.36333333333333334,Moderate
0,0,0.0,0,0.023333333333333334,Low
0,0,0.03666666666666667,0,0.09666666666666666,Low
1,1,0.98,1,0.63,High
1,1,0.9933333333333333,1,1.0,Urgent
0,0,0.0,0,0.006666666666666667,Low
1,1,0.9833333333333333,1,0.9933333333333333,Urgent
0,0,0.0033333333333333335,0,0.006666666666666667,Low
1,1,0.89,1,0.99,Urgent
0,0,0.0,0,0.006666666666666667,Low
0,0,0.09333333333333334,0,0.06333333333333334,Low
1,1,0.9366666666666666,1,0.8,High
0,0,0.0,0,0.03333333333333333,Low
0,0,0.02666666666666667,0,0.05,Low
1,1,0.8866666666666667,0,0.31,Low
0,0,0.02,0,0.13,Low
0,0,0.0,0,0.013333333333333334,Low
1,1,0.93,0,0.33,Low
1,1,0.9966666666666667,1,0.99,Urgent
0,0,0.0,0,0.01,Low
1,1,0.97,1,0.5333333333333333,Moderate
1,1,0.9966666666666667,1,1.0,Urgent
0,0,0.0,0,0.0033333333333333335,Low
1,1,0.96,1,0.96,Urgent
0,0,0.0,0,0.01,Low
0,0,0.02,0,0.06666666666666667,Low
0,0,0.016666666666666666,0,0.09,Low
0,0,0.0033333333333333335,0,0.14,Low
0,0,0.01,0,0.02666666666666667,Low
1,1,0.9566666666666667,0,0.29333333333333333,Low
1,1,0.9866666666666667,1,0.9966666666666667,Urgent
0,0,0.0,0,0.013333333333333334,Low
1,1,0.9766666666666667,1,0.6733333333333333,High
1,1,0.99,1,0.8833333333333333,Urgent
0,0,0.0,0,0.006666666666666667,Low
1,1,0.9433333333333334,1,0.99,Urgent
0,0,0.0,0,0.006666666666666667,Low
0,0,0.043333333333333335,0,0.04666666666666667,Low
0,0,0.0033333333333333335,0,0.05,Low
0,0,0.03333333333333333,0,0.09666666666666666,Low
0,0,0.04,0,0.10333333333333333,Low
0,0,0.013333333333333334,0,0.12,Low
0,0,0.0,0,0.023333333333333334,Low
1,1,0.9966666666666667,1,1.0,Urgent
0,0,0.0,0,0.0033333333333333335,Low
1,1,0.8433333333333334,1,0.92,Urgent
0,0,0.0,0,0.01,Low
0,0,0.07666666666666666,0,0.12,Low
1,1,0.9233333333333333,1,0.9833333333333333,Urgent
0,0,0.0,0,0.0033333333333333335,Low
0,0,0.02666666666666667,0,0.07666666666666666,Low
1,1,0.8566666666666667,1,0.8233333333333334,High
0,0,0.04666666666666667,0,0.056666666666666664,Low
0,0,0.0,0,0.09,Low
1,1,0.95,1,0.97,Urgent
0,0,0.0,0,0.01,Low
0,0,0.06333333333333334,0,0.043333333333333335,Low
0,0,0.09666666666666666,0,0.09,Low
0,0,0.04666666666666667,0,0.11666666666666667,Low
0,0,0.04666666666666667,0,0.2866666666666667,Low
1,1,0.9966666666666667,1,1.0,Urgent
0,0,0.0,0,0.0033333333333333335,Low
1,1,0.9866666666666667,1,0.6866666666666666,High
1,1,0.9866666666666667,1,0.9933333333333333,Urgent
0,0,0.0,0,0.0033333333333333335,Low
1,1,0.94,1,0.9866666666666667,Urgent
0,0,0.0,0,0.01,Low
0,0,0.0033333333333333335,0,0.08333333333333333,Low
1,1,1.0,1,0.9833333333333333,Urgent
0,0,0.0,0,0.0033333333333333335,Low
1,1,0.9566666666666667,0,0.2833333333333333,Low
1,1,0.9966666666666667,1,0.9733333333333334,Urgent
0,0,0.0,0,0.013333333333333334,Low
1,1,0.9866666666666667,1,0.7966666666666666,High
1,1,1.0,1,0.98,Urgent
0,0,0.0,0,0.006666666666666667,Low
1,1,0.9866666666666667,1,0.6133333333333333,High
1,1,0.9966666666666667,1,0.8966666666666666,Urgent
0,0,0.0,0,0.0033333333333333335,Low
1,1,1.0,1,1.0,Urgent
0,0,0.0,0,0.0033333333333333335,Low
1,1,0.97,0,0.29333333333333333,Low
1,1,0.99,1,0.97,Urgent
0,0,0.0,0,0.006666666666666667,Low
1,1,0.9866666666666667,1,1.0,Urgent
0,0,0.0,0,0.01,Low
1,1,0.9933333333333333,1,0.9866666666666667,Urgent
0,0,0.0,0,0.006666666666666667,Low
1,1,0.9733333333333334,1,0.9966666666666667,Urgent
0,0,0.01,0,0.006666666666666667,Low
1,1,0.9833333333333333,1,0.9933333333333333,Urgent
0,0,0.0,0,0.0033333333333333335,Low
1,1,0.9866666666666667,1,1.0,Urgent
0,0,0.013333333333333334,0,0.006666666666666667,Low
1,1,0.86,1,0.9433333333333334,Urgent
0,0,0.0,0,0.0033333333333333335,Low
0,0,0.12666666666666668,0,0.10333333333333333,Low
1,1,0.95,1,0.98,Urgent
0,0,0.0,0,0.0,Low
0,0,0.09333333333333334,0,0.13666666666666666,Low
1,1,0.98,1,0.9733333333333334,Urgent
0,0,0.0,0,0.01,Low
0,0,0.0,0,0.07333333333333333,Low
1,1,0.9833333333333333,1,0.9833333333333333,Urgent
0,0,0.0,0,0.006666666666666667,Low
0,0,0.03666666666666667,0,0.21,Low
1,1,0.96,1,0.9433333333333334,Urgent
0,0,0.0,0,0.0033333333333333335,Low
1,1,0.96,0,0.39,Moderate
1,1,0.9966666666666667,1,0.9966666666666667,Urgent
0,0,0.0,0,0.0033333333333333335,Low
1,1,0.98,0,0.2866666666666667,Low
1,1,0.9933333333333333,1,0.9133333333333333,Urgent
0,0,0.0033333333333333335,0,0.0033333333333333335,Low
1,1,0.97,0,0.47,Moderate
1,1,0.9333333333333333,1,0.9533333333333334,Urgent
0,0,0.0,0,0.0033333333333333335,Low
1,1,0.95,1,0.96,Urgent
0,0,0.0,0,0.01,Low
1,1,0.94,1,0.9433333333333334,Urgent
0,0,0.0,0,0.0033333333333333335,Low
0,0,0.16666666666666666,0,0.07666666666666666,Low
1,1,0.9666666666666667,1,0.9933333333333333,Urgent
0,0,0.0,0,0.0033333333333333335,Low
0,0,0.08666666666666667,0,0.15,Low
1,1,0.9633333333333334,1,0.9733333333333334,Urgent
0,0,0.0,0,0.013333333333333334,Low
0,0,0.006666666666666667,0,0.05333333333333334,Low
1,1,0.9766666666666667,1,0.6433333333333333,High
0,0,0.013333333333333334,0,0.11,Low
1,1,0.9933333333333333,1,0.9966666666666667,Urgent
0,0,0.0,0,0.006666666666666667,Low
1,1,0.99,1,0.6133333333333333,High
1,1,0.9966666666666667,1,0.9833333333333333,Urgent
0,0,0.0033333333333333335,0,0.0,Low
1,1,0.9666666666666667,1,0.97,Urgent
0,0,0.0033333333333333335,0,0.01,Low
1,1,0.9966666666666667,1,1.0,Urgent
0,0,0.0,0,0.01,Low
1,1,0.9966666666666667,1,0.9966666666666667,Urgent
0,0,0.0,0,0.006666666666666667,Low
1,1,0.9766666666666667,1,0.9966666666666667,Urgent
0,0,0.0,0,0.0033333333333333335,Low
1,1,0.96,1,0.9633333333333334,Urgent
0,0,0.0,0,0.0033333333333333335,Low
0,0,0.09666666666666666,0,0.15666666666666668,Low
1,1,0.93,1,0.9933333333333333,Urgent
0,0,0.0,0,0.0033333333333333335,Low
0,0,0.12333333333333334,0,0.11333333333333333,Low
1,1,0.96,1,0.8433333333333334,High
0,0,0.0,0,0.01,Low
0,0,0.006666666666666667,0,0.10666666666666667,Low
1,1,1.0,1,1.0,Urgent
0,0,0.0,0,0.013333333333333334,Low
0,0,0.05333333333333334,0,0.11,Low
1,1,0.99,1,0.9966666666666667,Urgent
0,0,0.0,0,0.0,Low
0,0,0.06333333333333334,0,0.15333333333333332,Low
1,1,0.8933333333333333,1,0.9933333333333333,Urgent
0,0,0.0,0,0.006666666666666667,Low
0,0,0.056666666666666664,0,0.03333333333333333,Low
1,1,0.9133333333333333,1,0.6533333333333333,High
0,0,0.14666666666666667,0,0.12,Low
0,0,0.0,0,0.02666666666666667,Low
1,1,1.0,1,1.0,Urgent
0,0,0.0,0,0.006666666666666667,Low
1,1,0.95,1,0.9633333333333334,Urgent
0,0,0.0,0,0.023333333333333334,Low
0,0,0.08666666666666667,0,0.10333333333333333,Low
0,0,0.12666666666666668,0,0.02666666666666667,Low
0,0,0.023333333333333334,0,0.03666666666666667,Low
0,0,0.21333333333333335,0,0.06666666666666667,Low
1,1,0.8,1,0.8133333333333334,High
0,0,0.10333333333333333,0,0.07333333333333333,Low
0,0,0.24333333333333335,0,0.12,Low
1,1,0.9833333333333333,1,0.9366666666666666,Urgent
0,0,0.0,0,0.02666666666666667,Low
0,0,0.2633333333333333,0,0.12333333333333334,Low
0,0,0.21666666666666667,0,0.11333333333333333,Low
0,0,0.023333333333333334,0,0.10333333333333333,Low
0,0,0.006666666666666667,0,0.04,Low
1,1,0.9833333333333333,1,1.0,Urgent
0,0,0.0,0,0.0033333333333333335,Low
1,1,0.9833333333333333,1,0.9833333333333333,Urgent
0,0,0.0,0,0.006666666666666667,Low
1,1,0.98,1,0.99,Urgent
0,0,0.0,0,0.006666666666666667,Low
1,1,0.9933333333333333,1,1.0,Urgent
0,0,0.0,0,0.0033333333333333335,Low
1,1,0.9833333333333333,1,0.9933333333333333,Urgent
0,0,0.0,0,0.006666666666666667,Low
1,1,0.9633333333333334,1,0.98,Urgent
0,0,0.0,0,0.01,Low
1,1,0.9866666666666667,1,0.9966666666666667,Urgent
0,0,0.0,0,0.013333333333333334,Low
0,0,0.006666666666666667,0,0.11333333333333333,Low
1,1,0.9666666666666667,1,0.99,Urgent
0,0,0.0,0,0.006666666666666667,Low
0,0,0.27,0,0.14333333333333334,Low
1,1,0.9433333333333334,1,0.95,Urgent
0,0,0.0,0,0.006666666666666667,Low
1,1,0.78,1,0.84,High
0,0,0.0,0,0.01,Low
0,0,0.22333333333333333,0,0.19666666666666666,Low
1,1,0.98,1,0.9666666666666667,Urgent
0,0,0.0033333333333333335,0,0.02,Low
0,0,0.3333333333333333,0,0.06,Low
1,1,0.5333333333333333,0,0.21666666666666667,Low
0,0,0.15333333333333332,0,0.043333333333333335,Low
0,0,0.3333333333333333,0,0.06666666666666667,Low
0,0,0.30333333333333334,0,0.07333333333333333,Low
0,0,0.13666666666666666,0,0.043333333333333335,Low
0,0,0.03,0,0.07,Low
1,1,1.0,1,0.9966666666666667,Urgent
0,0,0.0,0,0.006666666666666667,Low
1,1,0.9966666666666667,1,0.9933333333333333,Urgent
0,0,0.0,0,0.006666666666666667,Low
1,1,0.9566666666666667,1,0.9733333333333334,Urgent
0,0,0.0,0,0.03,Low
0,0,0.08,0,0.10666666666666667,Low
0,0,0.04,0,0.05,Low
0,0,0.006666666666666667,0,0.11,Low
0,0,0.0033333333333333335,0,0.06,Low
1,1,0.9133333333333333,0,0.25666666666666665,Low
1,1,0.9933333333333333,1,0.99,Urgent
0,0,0.0,0,0.006666666666666667,Low
1,1,0.8966666666666666,1,0.99,Urgent
0,0,0.0,0,0.006666666666666667,Low
0,0,0.13,0,0.08,Low
1,1,0.87,1,0.7533333333333333,High
0,0,0.0,0,0.016666666666666666,Low
0,0,0.016666666666666666,0,0.06333333333333334,Low
1,1,0.93,1,0.86,Urgent
0,0,0.0033333333333333335,0,0.04666666666666667,Low
0,0,0.07666666666666666,0,0.11333333333333333,Low
0,0,0.18666666666666668,0,0.1,Low
1,1,0.8733333333333333,1,0.7666666666666667,High
0,0,0.09333333333333334,0,0.03666666666666667,Low
0,0,0.18666666666666668,0,0.17666666666666667,Low
0,0,0.18666666666666668,0,0.15333333333333332,Low
1,1,0.97,1,0.9833333333333333,Urgent
0,0,0.0,0,0.01,Low
0,0,0.0033333333333333335,0,0.09666666666666666,Low
0,0,0.04666666666666667,0,0.03666666666666667,Low
0,0,0.07333333333333333,0,0.05,Low
0,0,0.03666666666666667,0,0.056666666666666664,Low
1,1,0.97,1,0.9966666666666667,Urgent
0,0,0.0,0,0.006666666666666667,Low
0,0,0.15666666666666668,0,0.11666666666666667,Low
1,1,0.8666666666666667,1,0.9566666666666667,Urgent
0,0,0.0,0,0.006666666666666667,Low
0,0,0.01,0,0.09,Low
0,0,0.006666666666666667,0,0.07666666666666666,Low
0,0,0.0,0,0.13,Low
0,0,0.0033333333333333335,0,0.04,Low
1,1,0.9966666666666667,1,1.0,Urgent
0,0,0.0,0,0.013333333333333334,Low
1,1,0.9766666666666667,1,0.8066666666666666,High
1,1,0.9833333333333333,1,0.9866666666666667,Urgent
0,0,0.0,0,0.006666666666666667,Low
1,1,0.97,1,0.9866666666666667,Urgent
0,0,0.0,0,0.006666666666666667,Low
0,0,0.17333333333333334,0,0.08666666666666667,Low
1,1,0.9633333333333334,1,0.8866666666666667,Urgent
0,0,0.0,0,0.006666666666666667,Low
0,0,0.0,0,0.023333333333333334,Low
1,1,0.9633333333333334,1,0.7033333333333334,High
0,0,0.0,0,0.016666666666666666,Low
1,1,0.9933333333333333,1,0.99,Urgent
0,0,0.0,0,0.013333333333333334,Low
1,1,0.95,1,0.9933333333333333,Urgent
0,0,0.0,0,0.0033333333333333335,Low
0,0,0.07666666666666666,0,0.15,Low
1,1,0.98,1,0.9333333333333333,Urgent
0,0,0.0,0,0.02,Low
0,0,0.03666666666666667,0,0.08666666666666667,Low
0,0,0.0,0,0.11666666666666667,Low
0,0,0.0,0,0.016666666666666666,Low
0,0,0.0,0,0.03,Low
1,1,0.99,1,0.9566666666666667,Urgent
0,0,0.0,0,0.006666666666666667,Low
1,1,0.9766666666666667,1,0.99,Urgent
0,0,0.0,0,0.0033333333333333335,Low
1,1,0.8666666666666667,1,0.8966666666666666,Urgent
0,0,0.0,0,0.0,Low
0,0,0.023333333333333334,0,0.10666666666666667,Low
1,1,0.9,1,0.7733333333333333,High
0,0,0.0,0,0.023333333333333334,Low
0,0,0.03666666666666667,0,0.03333333333333333,Low
1,1,0.9833333333333333,1,0.9966666666666667,Urgent
0,0,0.0,0,0.006666666666666667,Low
1,1,0.9733333333333334,1,0.9833333333333333,Urgent
0,0,0.0,0,0.006666666666666667,Low
0,0,0.03333333333333333,0,0.10666666666666667,Low
1,1,0.9766666666666667,1,0.9366666666666666,Urgent
0,0,0.0,0,0.01,Low
0,0,0.0,0,0.03,Low
1,1,1.0,1,1.0,Urgent
0,0,0.0,0,0.01,Low
1,1,0.9833333333333333,1,0.7333333333333333,High
1,1,0.99,1,0.9933333333333333,Urgent
0,0,0.0,0,0.006666666666666667,Low
1,1,0.9633333333333334,1,0.5233333333333333,Moderate
1,1,0.98,1,0.9733333333333334,Urgent
0,0,0.0,0,0.006666666666666667,Low
1,1,0.8366666666666667,1,0.9366666666666666,Urgent
0,0,0.0,0,0.0033333333333333335,Low
0,0,0.08333333333333333,0,0.17666666666666667,Low
1,1,0.98,1,0.9333333333333333,Urgent
0,0,0.0,0,0.0033333333333333335,Low
0,0,0.17,0,0.06666666666666667,Low
1,1,0.9566666666666667,1,0.9566666666666667,Urgent
0,0,0.0,0,0.013333333333333334,Low
0,0,0.0,0,0.056666666666666664,Low
1,1,0.98,1,0.8733333333333333,Urgent
0,0,0.0,0,0.0,Low
1,1,0.98,1,1.0,Urgent
0,0,0.0,0,0.0033333333333333335,Low
1,1,0.9566666666666667,1,0.9966666666666667,Urgent
0,0,0.0,0,0.0033333333333333335,Low
0,0,0.12,0,0.10333333333333333,Low
1,1,0.89,1,0.9166666666666666,Urgent
0,0,0.08,0,0.10666666666666667,Low
0,0,0.03666666666666667,0,0.03333333333333333,Low
1,1,0.9966666666666667,1,0.9966666666666667,Urgent
0,0,0.0,0,0.006666666666666667,Low
1,1,0.8866666666666667,1,0.9733333333333334,Urgent
0,0,0.0,0,0.006666666666666667,Low
0,0,0.04666666666666667,0,0.10333333333333333,Low
1,1,0.9533333333333334,1,0.7666666666666667,High
0,0,0.0,0,0.01,Low
0,0,0.006666666666666667,0,0.03666666666666667,Low
1,1,0.9033333333333333,0,0.31,Low
1,1,1.0,1,0.9966666666666667,Urgent
0,0,0.0,0,0.006666666666666667,Low
1,1,0.9633333333333334,1,0.5666666666666667,Moderate
1,1,0.97,1,0.9933333333333333,Urgent
0,0,0.0,0,0.006666666666666667,Low
1,1,0.9133333333333333,1,0.9866666666666667,Urgent
0,0,0.0,0,0.0033333333333333335,Low
0,0,0.0,0,0.03,Low
0,0,0.0,0,0.03,Low
0,0,0.0033333333333333335,0,0.03333333333333333,Low
0,0,0.0033333333333333335,0,0.06,Low
1,1,0.9566666666666667,0,0.45666666666666667,Moderate
1,1,1.0,1,1.0,Urgent
0,0,0.0,0,0.01,Low
1,1,0.9733333333333334,1,0.6166666666666667,High
1,1,0.9866666666666667,1,0.9766666666666667,Urgent
0,0,0.0,0,0.0033333333333333335,Low
1,1,0.8833333333333333,1,0.9933333333333333,Urgent
0,0,0.0,0,0.0033333333333333335,Low
0,0,0.056666666666666664,0,0.15333333333333332,Low
1,1,0.9333333333333333,1,0.9866666666666667,Urgent
0,0,0.0,0,0.006666666666666667,Low
0,0,0.11666666666666667,0,0.09666666666666666,Low
1,1,0.99,1,0.9966666666666667,Urgent
0,0,0.0,0,0.013333333333333334,Low
1,1,1.0,1,1.0,Urgent
0,0,0.0,0,0.0033333333333333335,Low
1,1,0.94,1,0.9533333333333334,Urgent
0,0,0.0,0,0.006666666666666667,Low
0,0,0.02,0,0.15666666666666668,Low
1,1,0.9733333333333334,1,0.9266666666666666,Urgent
0,0,0.0,0,0.013333333333333334,Low
0,0,0.08,0,0.07666666666666666,Low
1,1,0.9733333333333334,1,0.8766666666666667,Urgent
0,0,0.0,0,0.0,Low
0,0,0.0,0,0.023333333333333334,Low
1,1,0.95,1,0.68,High
0,0,0.0,0,0.01,Low
0,0,0.006666666666666667,0,0.08,Low
1,1,0.87,1,0.7933333333333333,High
0,0,0.20333333333333334,0,0.16666666666666666,Low
0,0,0.04666666666666667,0,0.06,Low
0,0,0.01,0,0.06,Low
0,0,0.0,0,0.016666666666666666,Low
1,1,0.84,0,0.44,Moderate
0,0,0.0,0,0.02666666666666667,Low
0,0,0.0033333333333333335,0,0.03333333333333333,Low
0,0,0.0,0,0.04,Low
0,0,0.0,0,0.05333333333333334,Low
1,1,0.95,1,0.9933333333333333,Urgent
0,0,0.0,0,0.01,Low
0,0,0.006666666666666667,0,0.07,Low
1,1,0.9533333333333334,1,0.69,High
0,0,0.0,0,0.0033333333333333335,Low
0,0,0.01,0,0.06,Low
0,0,0.05333333333333334,0,0.023333333333333334,Low
0,0,0.023333333333333334,0,0.05,Low
0,0,0.05,0,0.04666666666666667,Low
1,1,0.9833333333333333,1,1.0,Urgent
0,0,0.0,0,0.01,Low
1,1,0.9966666666666667,1,1.0,Urgent
0,0,0.0,0,0.006666666666666667,Low
0,0,0.043333333333333335,0,0.09333333333333334,Low
1,1,0.9133333333333333,1,0.74,High
0,0,0.013333333333333334,0,0.04666666666666667,Low
0,0,0.1,0,0.08333333333333333,Low
0,0,0.2,0,0.16666666666666666,Low
1,1,0.8733333333333333,1,0.7533333333333333,High
0,0,0.006666666666666667,0,0.043333333333333335,Low
0,0,0.19,0,0.21333333333333335,Low
0,0,0.06666666666666667,0,0.06,Low
1,1,0.9933333333333333,1,0.92,Urgent
0,0,0.0,0,0.016666666666666666,Low
0,0,0.05,0,0.05,Low
0,0,0.27,0,0.09666666666666666,Low
1,1,0.95,1,0.9666666666666667,Urgent
0,0,0.0033333333333333335,0,0.006666666666666667,Low
0,0,0.10333333333333333,0,0.08,Low
1,1,0.97,1,0.62,High
0,0,0.12,0,0.05333333333333334,Low
0,0,0.07,0,0.11333333333333333,Low
0,0,0.49333333333333335,0,0.07333333333333333,Low
1,1,0.99,1,0.95,Urgent
0,0,0.0,0,0.0033333333333333335,Low
0,0,0.01,0,0.09,Low
1,1,0.9766666666666667,1,0.9033333333333333,Urgent
0,0,0.0,0,0.03333333333333333,Low
0,0,0.13333333333333333,0,0.06666666666666667,Low
0,0,0.05333333333333334,0,0.12666666666666668,Low
0,0,0.13,0,0.1,Low
0,0,0.08666666666666667,0,0.10666666666666667,Low
0,0,0.06333333333333334,0,0.09,Low
0,0,0.08333333333333333,0,0.07666666666666666,Low
0,0,0.33666666666666667,0,0.12333333333333334,Low
0,0,0.16666666666666666,0,0.10333333333333333,Low
1,1,0.88,1,0.72,High
0,0,0.04666666666666667,0,0.08333333333333333,Low
0,0,0.10333333333333333,0,0.11,Low
0,0,0.17,0,0.15666666666666668,Low
1,1,0.9,1,0.8733333333333333,Urgent
0,0,0.08,0,0.05,Low
0,0,0.03333333333333333,0,0.10666666666666667,Low
1,1,0.9433333333333334,1,0.9833333333333333,Urgent
0,0,0.0,0,0.006666666666666667,Low
0,0,0.07333333333333333,0,0.09,Low
0,0,0.21666666666666667,0,0.14666666666666667,Low
0,0,0.16,0,0.11,Low
0,0,0.08333333333333333,0,0.10666666666666667,Low
0,0,0.11,0,0.12666666666666668,Low
1,1,0.9866666666666667,1,0.8733333333333333,Urgent
0,0,0.14,0,0.07666666666666666,Low
0,0,0.09333333333333334,0,0.11666666666666667,Low
0,0,0.18333333333333332,0,0.11,Low
1,1,0.8666666666666667,1,0.84,High
0,0,0.02666666666666667,0,0.13333333333333333,Low
0,0,0.056666666666666664,0,0.07666666666666666,Low
0,0,0.29333333333333333,0,0.12333333333333334,Low
1,1,0.86,1,0.8633333333333333,Urgent
0,0,0.06,0,0.18,Low
0,0,0.17,0,0.10666666666666667,Low
0,1,0.6766666666666666,0,0.3333333333333333,Low
0,0,0.35,1,0.5033333333333333,Moderate
0,0,0.36666666666666664,0,0.24333333333333335,Low
0,0,0.16333333333333333,0,0.47,Moderate
0,0,0.23,0,0.27,Low
0,0,0.4666666666666667,0,0.20333333333333334,Low
0,0,0.39666666666666667,0,0.06,Low
0,0,0.4,0,0.16666666666666666,Low
0,0,0.06333333333333334,0,0.14666666666666667,Low
0,0,0.24666666666666667,0,0.24,Low
0,0,0.12,0,0.11333333333333333,Low
0,0,0.11666666666666667,0,0.13666666666666666,Low
0,0,0.1,0,0.14333333333333334,Low
0,0,0.08666666666666667,0,0.06333333333333334,Low
0,0,0.13,0,0.16,Low
1,1,0.9266666666666666,1,0.95,Urgent
0,0,0.0,0,0.013333333333333334,Low
0,0,0.0033333333333333335,0,0.09,Low
1,1,0.97,1,0.8933333333333333,Urgent
0,0,0.043333333333333335,0,0.03333333333333333,Low
0,0,0.02666666666666667,0,0.09,Low
1,1,0.9733333333333334,1,0.89,Urgent
0,0,0.0,0,0.0,Low
0,0,0.02,0,0.043333333333333335,Low
1,1,0.97,1,0.7533333333333333,High
0,0,0.08333333333333333,0,0.14,Low
1,1,0.9866666666666667,1,0.98,Urgent
0,0,0.0,0,0.016666666666666666,Low
1,0,0.39,0,0.41,Moderate
0,0,0.0,0,0.0,Low
0,0,0.13333333333333333,0,0.03333333333333333,Low
1,1,1.0,1,1.0,Urgent
0,0,0.0,0,0.01,Low
0,0,0.0033333333333333335,0,0.04,Low
1,1,0.9666666666666667,1,0.86,Urgent
0,0,0.0,0,0.02,Low
0,0,0.0033333333333333335,0,0.016666666666666666,Low
1,1,0.9933333333333333,1,1.0,Urgent
0,0,0.0,0,0.02,Low
1,0,0.34,0,0.42333333333333334,Moderate
0,0,0.0,0,0.0033333333333333335,Low
0,0,0.0,0,0.023333333333333334,Low
1,1,0.9933333333333333,1,0.9933333333333333,Urgent
0,0,0.0033333333333333335,0,0.023333333333333334,Low
1,0,0.31666666666666665,0,0.25333333333333335,Low
0,0,0.0,0,0.0033333333333333335,Low
0,0,0.02666666666666667,0,0.043333333333333335,Low
0,0,0.14666666666666667,0,0.09,Low
1,1,0.9833333333333333,1,0.99,Urgent
0,0,0.0,0,0.006666666666666667,Low
0,0,0.0,0,0.023333333333333334,Low
1,1,1.0,1,1.0,Urgent
0,0,0.0,0,0.01,Low
1,1,0.9966666666666667,1,0.9966666666666667,Urgent
0,0,0.0,0,0.0033333333333333335,Low
1,1,0.9766666666666667,1,0.9933333333333333,Urgent
0,0,0.0,0,0.01,Low
0,0,0.0,0,0.03333333333333333,Low
1,1,0.9966666666666667,1,0.99,Urgent
0,0,0.0,0,0.0,Low
0,0,0.02,0,0.05,Low
1,1,0.98,1,0.85,High
0,0,0.0,0,0.006666666666666667,Low
0,0,0.0033333333333333335,0,0.016666666666666666,Low
1,1,0.9733333333333334,0,0.39,Moderate
1,1,0.9866666666666667,1,0.9866666666666667,Urgent
0,0,0.0,0,0.01,Low
1,1,0.9866666666666667,1,1.0,Urgent
0,0,0.0033333333333333335,0,0.01,Low
1,1,0.9866666666666667,1,0.9966666666666667,Urgent
0,0,0.0,0,0.016666666666666666,Low
0,0,0.27666666666666667,0,0.056666666666666664,Low
1,1,0.99,1,0.9566666666666667,Urgent
0,0,0.0,0,0.01,Low
0,0,0.0,0,0.013333333333333334,Low
1,1,0.9066666666666666,0,0.2833333333333333,Low
1,1,0.98,1,0.8533333333333334,Urgent
0,0,0.0,0,0.0033333333333333335,Low
1,1,0.99,1,0.86,Urgent
0,0,0.0,0,0.006666666666666667,Low
0,0,0.0,0,0.02,Low
1,1,0.9966666666666667,1,0.9833333333333333,Urgent
0,0,0.0,0,0.006666666666666667,Low
1,1,0.9266666666666666,0,0.31333333333333335,Low
1,1,0.9833333333333333,1,0.81,High
0,0,0.0,0,0.0033333333333333335,Low
1,1,1.0,1,0.9966666666666667,Urgent
0,0,0.0,0,0.0,Low
1,1,0.99,1,0.9966666666666667,Urgent
0,0,0.0,0,0.0033333333333333335,Low
1,1,0.8833333333333333,0,0.2866666666666667,Low
1,1,0.99,1,0.9066666666666666,Urgent
0,0,0.0,0,0.006666666666666667,Low
1,1,1.0,1,1.0,Urgent
0,0,0.0,0,0.0033333333333333335,Low
1,1,0.9866666666666667,1,1.0,Urgent
0,0,0.0,0,0.013333333333333334,Low
1,1,0.9933333333333333,1,1.0,Urgent
0,0,0.0,0,0.01,Low
1,1,0.98,1,0.9933333333333333,Urgent
0,0,0.0,0,0.006666666666666667,Low
1,1,0.97,1,0.9866666666666667,Urgent
0,0,0.0,0,0.006666666666666667,Low
1,1,0.9966666666666667,1,1.0,Urgent
0,0,0.0,0,0.0,Low
1,1,0.9066666666666666,0,0.35,Low
1,1,0.9866666666666667,1,0.9866666666666667,Urgent
0,0,0.0,0,0.0,Low
1,1,0.99,1,0.9933333333333333,Urgent
0,0,0.0,0,0.0,Low
1,1,0.9966666666666667,1,0.99,Urgent
0,0,0.0033333333333333335,0,0.01,Low
1,1,0.9933333333333333,1,0.9933333333333333,Urgent
0,0,0.0,0,0.0033333333333333335,Low
1,1,0.9966666666666667,1,0.9933333333333333,Urgent
0,0,0.0,0,0.0033333333333333335,Low
1,1,1.0,1,1.0,Urgent
0,0,0.0033333333333333335,0,0.01,Low
1,1,0.9966666666666667,1,0.9966666666666667,Urgent
0,0,0.0,0,0.0033333333333333335,Low
1,1,0.9866666666666667,1,1.0,Urgent
0,0,0.0,0,0.0,Low
1,1,0.9466666666666667,1,0.9933333333333333,Urgent
0,0,0.0,0,0.0033333333333333335,Low
0,0,0.0033333333333333335,0,0.04666666666666667,Low
0,0,0.0,0,0.023333333333333334,Low
0,0,0.0,0,0.08666666666666667,Low
0,0,0.0,0,0.0033333333333333335,Low
1,1,0.8233333333333334,0,0.18,Low
1,1,0.9933333333333333,1,0.7633333333333333,High
0,0,0.0,0,0.0,Low
1,1,0.9766666666666667,1,0.66,High
1,1,0.9933333333333333,1,0.9433333333333334,Urgent
0,0,0.0,0,0.0,Low
1,1,0.9366666666666666,0,0.24333333333333335,Low
1,1,0.9933333333333333,1,0.86,Urgent
0,0,0.0,0,0.0033333333333333335,Low
1,1,0.9666666666666667,0,0.28,Low
1,1,0.9966666666666667,1,0.9666666666666667,Urgent
0,0,0.0,0,0.016666666666666666,Low
1,1,0.9766666666666667,1,0.79,High
1,1,1.0,1,0.9166666666666666,Urgent
0,0,0.0,0,0.0033333333333333335,Low
1,1,0.82,0,0.18,Low
1,1,0.98,1,0.65,High
0,0,0.0,0,0.0033333333333333335,Low
1,1,0.9833333333333333,0,0.2733333333333333,Low
1,1,1.0,1,0.96,Urgent
0,0,0.0,0,0.006666666666666667,Low
1,1,0.9666666666666667,0,0.47,Moderate
1,1,0.9966666666666667,1,0.9666666666666667,Urgent
0,0,0.0,0,0.0033333333333333335,Low
1,1,0.92,0,0.2633333333333333,Low
1,1,0.9966666666666667,1,0.96,Urgent
0,0,0.0,0,0.0033333333333333335,Low
1,1,0.9633333333333334,0,0.26,Low
1,1,1.0,1,0.8633333333333333,Urgent
0,0,0.0,0,0.013333333333333334,Low
1,1,0.9866666666666667,1,0.7433333333333333,High
1,1,1.0,1,0.8333333333333334,High
0,0,0.0,0,0.006666666666666667,Low
1,1,0.9966666666666667,1,0.9933333333333333,Urgent
0,0,0.0,0,0.0033333333333333335,Low
1,1,0.9933333333333333,1,1.0,Urgent
0,0,0.0033333333333333335,0,0.006666666666666667,Low
1,1,0.9833333333333333,0,0.43666666666666665,Moderate
1,1,1.0,1,0.9866666666666667,Urgent
0,0,0.0,0,0.0,Low
1,1,0.9733333333333334,0,0.27,Low
1,1,0.9933333333333333,1,0.85,High
0,0,0.0,0,0.01,Low
1,1,0.9933333333333333,1,1.0,Urgent
0,0,0.0,0,0.006666666666666667,Low
1,1,0.9566666666666667,1,0.55,Moderate
1,1,0.98,1,1.0,Urgent
0,0,0.0,0,0.0033333333333333335,Low
1,1,0.92,0,0.24,Low
1,1,1.0,1,0.89,Urgent
0,0,0.0,0,0.0033333333333333335,Low
1,1,0.9766666666666667,1,0.5366666666666666,Moderate
1,1,0.9933333333333333,1,0.9666666666666667,Urgent
0,0,0.0,0,0.0,Low
1,1,0.9733333333333334,1,0.9966666666666667,Urgent
0,0,0.0,0,0.0,Low
1,1,0.89,0,0.24,Low
1,1,0.9933333333333333,1,0.9166666666666666,Urgent
0,0,0.0,0,0.0033333333333333335,Low
1,1,0.97,0,0.31,Low
1,1,1.0,1,0.9833333333333333,Urgent
0,0,0.0,0,0.0033333333333333335,Low
1,1,0.9766666666666667,1,0.6,Moderate
1,1,1.0,1,0.9666666666666667,Urgent
0,0,0.0,0,0.0033333333333333335,Low
1,1,0.9433333333333334,0,0.2633333333333333,Low
1,1,0.9933333333333333,1,0.92,Urgent
0,0,0.0,0,0.0033333333333333335,Low
1,1,0.9866666666666667,1,0.52,Moderate
1,1,1.0,1,0.9633333333333334,Urgent
0,0,0.0033333333333333335,0,0.006666666666666667,Low
1,1,0.99,1,0.57,Moderate
1,1,0.9933333333333333,1,0.99,Urgent
0,0,0.0,0,0.0,Low
1,1,0.94,0,0.18333333333333332,Low
1,1,1.0,1,0.83,High
0,0,0.0,0,0.0033333333333333335,Low
1,1,0.9766666666666667,0,0.49,Moderate
1,1,0.9933333333333333,1,0.9833333333333333,Urgent
0,0,0.0,0,0.006666666666666667,Low
1,1,0.9533333333333334,0,0.46,Moderate
1,1,1.0,1,1.0,Urgent
0,0,0.0,0,0.0033333333333333335,Low
1,1,0.9533333333333334,0,0.2733333333333333,Low
1,1,0.9833333333333333,1,0.9733333333333334,Urgent
0,0,0.0,0,0.006666666666666667,Low
1,1,0.8233333333333334,0,0.26,Low
1,1,0.9933333333333333,1,0.9833333333333333,Urgent
0,0,0.0,0,0.006666666666666667,Low
1,1,0.9833333333333333,1,0.97,Urgent
0,0,0.0,0,0.0,Low
1,1,0.9966666666666667,1,1.0,Urgent
0,0,0.0,0,0.0,Low
1,1,0.9166666666666666,0,0.27,Low
1,1,1.0,1,1.0,Urgent
0,0,0.0,0,0.0,Low
1,1,0.8866666666666667,0,0.26666666666666666,Low
1,1,1.0,1,0.99,Urgent
0,0,0.0,0,0.01,Low
1,1,0.9733333333333334,1,0.72,High
1,1,0.9933333333333333,1,0.9833333333333333,Urgent
0,0,0.0,0,0.01,Low
1,1,0.9933333333333333,1,0.9933333333333333,Urgent
0,0,0.0,0,0.0,Low
1,1,0.9966666666666667,1,0.9966666666666667,Urgent
0,0,0.0,0,0.0033333333333333335,Low
1,1,0.9733333333333334,0,0.37333333333333335,Moderate
1,1,0.9966666666666667,1,1.0,Urgent
0,0,0.0,0,0.0033333333333333335,Low
1,1,0.9233333333333333,0,0.24666666666666667,Low
1,1,0.98,1,0.9866666666666667,Urgent
0,0,0.0,0,0.0,Low
1,1,0.9433333333333334,0,0.23333333333333334,Low
1,1,0.9966666666666667,1,0.98,Urgent
0,0,0.0,0,0.006666666666666667,Low
1,1,0.9966666666666667,1,0.6466666666666666,High
1,1,0.9866666666666667,1,0.99,Urgent
0,0,0.0,0,0.0033333333333333335,Low
1,1,0.8733333333333333,0,0.31666666666666665,Low
1,1,0.99,1,0.9966666666666667,Urgent
0,0,0.0,0,0.0033333333333333335,Low
1,1,0.9533333333333334,1,0.9833333333333333,Urgent
0,0,0.0,0,0.0033333333333333335,Low
0,0,0.13666666666666666,0,0.043333333333333335,Low
0,0,0.27,0,0.08333333333333333,Low
0,0,0.17333333333333334,0,0.12,Low
1,1,1.0,1,0.9766666666666667,Urgent
0,0,0.0,0,0.0033333333333333335,Low
1,1,0.9466666666666667,0,0.2733333333333333,Low
1,1,0.9966666666666667,1,0.97,Urgent
0,0,0.0,0,0.0,Low
1,1,0.9833333333333333,1,0.6366666666666667,High
1,1,0.9966666666666667,1,1.0,Urgent
0,0,0.0,0,0.0033333333333333335,Low
1,1,0.9966666666666667,1,0.9966666666666667,Urgent
0,0,0.0,0,0.0,Low
1,1,0.8866666666666667,0,0.24666666666666667,Low
1,1,0.9966666666666667,1,0.9733333333333334,Urgent
0,0,0.0,0,0.0033333333333333335,Low
1,1,0.9466666666666667,1,0.5966666666666667,Moderate
1,1,1.0,1,1.0,Urgent
0,0,0.0,0,0.006666666666666667,Low
1,1,0.96,1,0.7,High
1,1,0.9933333333333333,1,0.9733333333333334,Urgent
0,0,0.0,0,0.01,Low
1,1,0.9966666666666667,1,0.99,Urgent
0,0,0.0,0,0.0033333333333333335,Low
1,1,0.9966666666666667,1,0.9966666666666667,Urgent
0,0,0.0,0,0.01,Low
1,1,1.0,1,1.0,Urgent
0,0,0.0,0,0.0033333333333333335,Low
1,1,0.8966666666666666,0,0.28,Low
1,1,0.9933333333333333,1,0.9733333333333334,Urgent
0,0,0.0,0,0.01,Low
1,1,0.9833333333333333,1,0.9933333333333333,Urgent
0,0,0.0033333333333333335,0,0.0033333333333333335,Low
1,1,0.9633333333333334,0,0.44,Moderate
1,1,0.9966666666666667,1,1.0,Urgent
0,0,0.0,0,0.0,Low
1,1,0.9566666666666667,0,0.22333333333333333,Low
1,1,0.9933333333333333,1,0.9666666666666667,Urgent
0,0,0.0,0,0.0,Low
1,1,0.8566666666666667,0,0.2966666666666667,Low
1,1,0.9966666666666667,1,1.0,Urgent
0,0,0.0,0,0.0,Low
1,1,0.9933333333333333,1,0.9933333333333333,Urgent
0,0,0.0,0,0.01,Low
1,1,0.99,1,0.9966666666666667,Urgent
0,0,0.0,0,0.0,Low
1,1,1.0,1,0.9966666666666667,Urgent
0,0,0.0,0,0.006666666666666667,Low
1,1,0.9866666666666667,1,0.5033333333333333,Moderate
1,1,0.9966666666666667,1,0.97,Urgent
0,0,0.0,0,0.0,Low
1,1,0.9933333333333333,1,0.9966666666666667,Urgent
0,0,0.0,0,0.006666666666666667,Low
1,1,1.0,1,0.9833333333333333,Urgent
0,0,0.0,0,0.0033333333333333335,Low
1,1,0.99,1,0.9966666666666667,Urgent
0,0,0.0,0,0.0033333333333333335,Low
1,1,0.99,1,1.0,Urgent
0,0,0.0,0,0.006666666666666667,Low
1,1,0.9966666666666667,1,0.99,Urgent
0,0,0.0,0,0.0033333333333333335,Low
1,1,0.9866666666666667,1,1.0,Urgent
0,0,0.0033333333333333335,0,0.006666666666666667,Low
1,1,0.9566666666666667,1,0.5433333333333333,Moderate
1,1,0.9866666666666667,1,0.9966666666666667,Urgent
0,0,0.0,0,0.0033333333333333335,Low
1,1,0.8833333333333333,0,0.25666666666666665,Low
1,1,0.9933333333333333,1,0.8566666666666667,Urgent
0,0,0.0,0,0.0033333333333333335,Low
1,1,0.9933333333333333,1,1.0,Urgent
0,0,0.0,0,0.0033333333333333335,Low
1,1,0.9966666666666667,1,1.0,Urgent
0,0,0.0,0,0.01,Low
1,1,0.9966666666666667,1,1.0,Urgent
0,0,0.0,0,0.0033333333333333335,Low
1,1,0.9933333333333333,1,0.9966666666666667,Urgent
0,0,0.0,0,0.0,Low
1,1,0.9633333333333334,1,0.9766666666666667,Urgent
0,0,0.0,0,0.0,Low
1,1,0.99,1,0.9766666666666667,Urgent
0,0,0.0,0,0.006666666666666667,Low
1,1,0.9833333333333333,1,0.99,Urgent
0,0,0.0,0,0.0033333333333333335,Low
1,1,0.9933333333333333,1,0.9933333333333333,Urgent
0,0,0.0,0,0.0033333333333333335,Low
1,1,0.98,1,0.9966666666666667,Urgent
0,0,0.0,0,0.0033333333333333335,Low
1,1,0.99,1,0.9966666666666667,Urgent
0,0,0.0,0,0.0033333333333333335,Low
1,1,0.9966666666666667,1,0.9966666666666667,Urgent
0,0,0.0,0,0.0,Low
1,1,0.97,1,0.9933333333333333,Urgent
0,0,0.0,0,0.0033333333333333335,Low
1,1,1.0,1,0.9866666666666667,Urgent
0,0,0.0,0,0.0033333333333333335,Low
0,0,0.0,0,0.04,Low
0,0,0.0,0,0.006666666666666667,Low
1,1,0.9733333333333334,1,0.67,High
1,1,1.0,1,0.9966666666666667,Urgent
0,0,0.0,0,0.006666666666666667,Low
1,1,0.98,0,0.28,Low
1,1,0.9333333333333333,1,0.9466666666666667,Urgent
0,0,0.0,0,0.0,Low
0,0,0.13,0,0.03666666666666667,Low
0,0,0.19333333333333333,0,0.07,Low
0,0,0.14333333333333334,0,0.07333333333333333,Low
0,0,0.1,0,0.11333333333333333,Low
0,0,0.19333333333333333,0,0.14333333333333334,Low
0,0,0.20333333333333334,0,0.12,Low
0,0,0.14,0,0.09333333333333334,Low
0,0,0.06333333333333334,0,0.09666666666666666,Low
0,0,0.13666666666666666,0,0.03,Low
0,0,0.13666666666666666,0,0.06666666666666667,Low
0,0,0.0,0,0.03333333333333333,Low
0,0,0.0,0,0.023333333333333334,Low
1,1,0.9866666666666667,1,0.9833333333333333,Urgent
0,0,0.0,0,0.0033333333333333335,Low
1,1,0.9033333333333333,1,0.9933333333333333,Urgent
0,0,0.0,0,0.0033333333333333335,Low
1,1,0.99,1,0.98,Urgent
0,0,0.0,0,0.0033333333333333335,Low
0,0,0.01,0,0.043333333333333335,Low
1,1,0.9866666666666667,1,0.7766666666666666,High
0,0,0.0,0,0.016666666666666666,Low
0,0,0.0,0,0.03,Low
1,1,0.98,1,0.9933333333333333,Urgent
0,0,0.0,0,0.0,Low
1,1,0.97,1,0.79,High
0,0,0.0,0,0.013333333333333334,Low
0,0,0.0,0,0.016666666666666666,Low
0,0,0.0,0,0.08333333333333333,Low
0,0,0.05,0,0.02,Low
0,0,0.03666666666666667,0,0.05,Low
1,1,0.9533333333333334,1,0.98,Urgent
0,0,0.0,0,0.0,Low
0,0,0.03666666666666667,0,0.13,Low
1,1,0.99,1,0.97,Urgent
0,0,0.0,0,0.006666666666666667,Low
1,1,1.0,1,1.0,Urgent
0,0,0.0,0,0.006666666666666667,Low
1,1,0.9433333333333334,1,0.9866666666666667,Urgent
0,0,0.0,0,0.0,Low
1,1,0.9533333333333334,1,0.9866666666666667,Urgent
0,0,0.0,0,0.01,Low
0,0,0.0,0,0.013333333333333334,Low
1,1,0.97,1,0.7433333333333333,High
0,0,0.0,0,0.0033333333333333335,Low
1,1,0.9966666666666667,1,0.9933333333333333,Urgent
0,0,0.006666666666666667,0,0.0033333333333333335,Low
1,1,0.97,0,0.26,Low
1,1,0.99,1,1.0,Urgent
0,0,0.0,0,0.0033333333333333335,Low
1,1,0.9866666666666667,1,0.97,Urgent
0,0,0.0,0,0.006666666666666667,Low
1,1,0.99,1,0.9866666666666667,Urgent
0,0,0.0,0,0.0,Low
1,1,0.97,1,0.9866666666666667,Urgent
0,0,0.0,0,0.006666666666666667,Low
1,1,0.9866666666666667,1,0.9866666666666667,Urgent
0,0,0.0,0,0.0,Low
1,1,0.9366666666666666,1,0.9933333333333333,Urgent
0,0,0.0,0,0.0,Low
1,1,0.9833333333333333,1,0.99,Urgent
0,0,0.0,0,0.0,Low
1,1,0.9966666666666667,1,0.9966666666666667,Urgent
0,0,0.0,0,0.006666666666666667,Low
1,1,0.99,1,0.96,Urgent
0,0,0.0,0,0.0,Low
1,1,0.9933333333333333,1,0.9933333333333333,Urgent
0,0,0.0,0,0.0,Low
1,1,0.9933333333333333,1,0.9966666666666667,Urgent
0,0,0.0,0,0.006666666666666667,Low
1,1,0.99,1,0.99,Urgent
0,0,0.0,0,0.006666666666666667,Low
1,1,0.9866666666666667,1,1.0,Urgent
0,0,0.0033333333333333335,0,0.0,Low
1,1,0.9933333333333333,1,0.9966666666666667,Urgent
0,0,0.0,0,0.0,Low
1,1,0.9833333333333333,1,0.9966666666666667,Urgent
0,0,0.0,0,0.0,Low
1,1,0.9866666666666667,1,0.9966666666666667,Urgent
0,0,0.0,0,0.0,Low
1,1,0.9966666666666667,1,0.9966666666666667,Urgent
0,0,0.0,0,0.01,Low
1,1,0.9866666666666667,1,0.99,Urgent
0,0,0.0,0,0.006666666666666667,Low
1,1,1.0,1,1.0,Urgent
0,0,0.0,0,0.0033333333333333335,Low
1,1,0.9066666666666666,0,0.2866666666666667,Low
1,1,0.9866666666666667,1,0.9933333333333333,Urgent
0,0,0.0,0,0.0033333333333333335,Low
1,1,0.9866666666666667,1,0.9866666666666667,Urgent
0,0,0.0,0,0.01,Low
1,1,0.9966666666666667,1,1.0,Urgent
0,0,0.0,0,0.0033333333333333335,Low
1,1,0.9933333333333333,1,0.9966666666666667,Urgent
0,0,0.0,0,0.0033333333333333335,Low
1,1,0.98,0,0.36666666666666664,Moderate
1,1,0.99,1,0.9966666666666667,Urgent
0,0,0.0,0,0.01,Low
1,1,1.0,1,0.98,Urgent
0,0,0.0,0,0.01,Low
1,1,0.9966666666666667,1,0.9966666666666667,Urgent
0,0,0.0,0,0.0033333333333333335,Low
1,1,0.9966666666666667,1,0.9933333333333333,Urgent
0,0,0.0,0,0.0033333333333333335,Low
1,1,0.9966666666666667,1,0.9966666666666667,Urgent
0,0,0.0,0,0.006666666666666667,Low
1,1,1.0,1,0.98,Urgent
0,0,0.0,0,0.0033333333333333335,Low
1,1,0.8933333333333333,0,0.29333333333333333,Low
1,1,0.99,1,0.97,Urgent
0,0,0.0,0,0.0033333333333333335,Low
1,1,0.9966666666666667,1,1.0,Urgent
0,0,0.0,0,0.0033333333333333335,Low
1,1,0.8666666666666667,0,0.26,Low
1,1,0.9966666666666667,1,0.8866666666666667,Urgent
0,0,0.0,0,0.01,Low
1,1,0.9933333333333333,1,0.9966666666666667,Urgent
0,0,0.0,0,0.0033333333333333335,Low
1,1,0.95,1,0.9566666666666667,Urgent
0,0,0.0,0,0.006666666666666667,Low
1,1,0.9966666666666667,1,0.9966666666666667,Urgent
0,0,0.0,0,0.01,Low
1,1,0.99,1,0.9966666666666667,Urgent
0,0,0.0,0,0.01,Low
1,1,0.9866666666666667,1,0.9933333333333333,Urgent
0,0,0.0,0,0.01,Low
1,1,0.9966666666666667,1,1.0,Urgent
0,0,0.0,0,0.0033333333333333335,Low
1,1,0.99,1,1.0,Urgent
0,0,0.0,0,0.0033333333333333335,Low
1,1,1.0,1,0.9966666666666667,Urgent
0,0,0.0,0,0.0033333333333333335,Low
1,1,0.9466666666666667,0,0.28,Low
1,1,1.0,1,0.8833333333333333,Urgent
0,0,0.0,0,0.0033333333333333335,Low
1,1,0.96,0,0.21666666666666667,Low
1,1,0.9966666666666667,1,0.9533333333333334,Urgent
0,0,0.0,0,0.0033333333333333335,Low
1,1,0.99,1,0.9966666666666667,Urgent
0,0,0.0,0,0.01,Low
1,1,0.9266666666666666,1,0.51,Moderate
1,1,1.0,1,0.9966666666666667,Urgent
0,0,0.006666666666666667,0,0.01,Low
1,1,0.9333333333333333,0,0.29,Low
1,1,0.9966666666666667,1,0.9866666666666667,Urgent
0,0,0.0,0,0.0033333333333333335,Low
1,1,1.0,1,0.9966666666666667,Urgent
0,0,0.0,0,0.0033333333333333335,Low
1,1,0.9933333333333333,1,1.0,Urgent
0,0,0.0,0,0.01,Low
1,1,0.9966666666666667,1,0.9766666666666667,Urgent
0,0,0.0,0,0.01,Low
1,1,0.9966666666666667,1,0.98,Urgent
0,0,0.0,0,0.0,Low
1,1,0.9966666666666667,1,0.9966666666666667,Urgent
0,0,0.0,0,0.006666666666666667,Low
1,1,1.0,1,1.0,Urgent
0,0,0.0,0,0.0033333333333333335,Low
1,1,0.9166666666666666,0,0.34,Low
1,1,1.0,1,0.9933333333333333,Urgent
0,0,0.0,0,0.0033333333333333335,Low
1,1,0.8833333333333333,0,0.3233333333333333,Low
1,1,0.9966666666666667,1,0.99,Urgent
0,0,0.0,0,0.0033333333333333335,Low
1,1,0.9366666666666666,0,0.27666666666666667,Low
1,1,0.9966666666666667,1,0.9766666666666667,Urgent
0,0,0.0,0,0.0033333333333333335,Low
1,1,0.9933333333333333,1,0.89,Urgent
0,0,0.0,0,0.0,Low
1,1,0.9933333333333333,1,1.0,Urgent
0,0,0.0,0,0.01,Low
1,1,1.0,1,0.99,Urgent
0,0,0.0,0,0.01,Low
1,1,0.9966666666666667,1,0.9966666666666667,Urgent
0,0,0.0,0,0.0,Low
1,1,0.9866666666666667,0,0.3,Low
1,1,0.9966666666666667,1,0.9833333333333333,Urgent
0,0,0.0,0,0.01,Low
1,1,0.99,1,0.9933333333333333,Urgent
0,0,0.0,0,0.006666666666666667,Low
1,1,0.9966666666666667,1,0.9766666666666667,Urgent
0,0,0.0,0,0.0,Low
1,1,0.88,0,0.35,Low
1,1,1.0,1,0.9966666666666667,Urgent
0,0,0.0,0,0.0033333333333333335,Low
1,1,0.9966666666666667,1,0.9966666666666667,Urgent
0,0,0.0,0,0.0033333333333333335,Low
1,1,0.86,0,0.23666666666666666,Low
1,1,1.0,1,0.9633333333333334,Urgent
0,0,0.0,0,0.0033333333333333335,Low
1,1,0.99,0,0.31666666666666665,Low
1,1,1.0,1,0.9866666666666667,Urgent
0,0,0.0,0,0.0033333333333333335,Low
1,1,1.0,1,0.9933333333333333,Urgent
0,0,0.0,0,0.01,Low
1,1,0.9966666666666667,1,0.9933333333333333,Urgent
0,0,0.0033333333333333335,0,0.01,Low
1,1,0.98,0,0.47333333333333333,Moderate
1,1,1.0,1,0.98,Urgent
0,0,0.0,0,0.01,Low
1,1,0.99,1,0.5966666666666667,Moderate
1,1,0.9966666666666667,1,0.9933333333333333,Urgent
0,0,0.0,0,0.01,Low
1,1,1.0,1,1.0,Urgent
0,0,0.0,0,0.01,Low
1,1,0.99,1,0.9933333333333333,Urgent
0,0,0.0,0,0.0033333333333333335,Low
1,1,0.9933333333333333,1,0.9833333333333333,Urgent
0,0,0.0,0,0.01,Low
1,1,0.9933333333333333,1,1.0,Urgent
0,0,0.006666666666666667,0,0.01,Low
1,1,0.9933333333333333,1,0.9933333333333333,Urgent
0,0,0.0,0,0.01,Low
1,1,0.9766666666666667,1,0.9933333333333333,Urgent
0,0,0.0,0,0.01,Low
1,1,0.95,0,0.44,Moderate
1,1,1.0,1,0.95,Urgent
0,0,0.0,0,0.0033333333333333335,Low
1,1,0.93,0,0.27,Low
1,1,0.9933333333333333,1,1.0,Urgent
0,0,0.0,0,0.0033333333333333335,Low
1,1,0.99,1,0.99,Urgent
0,0,0.0,0,0.0,Low
1,1,1.0,1,0.9933333333333333,Urgent
0,0,0.0,0,0.0,Low
1,1,0.9466666666666667,0,0.25333333333333335,Low
1,1,0.9933333333333333,1,0.95,Urgent
0,0,0.0,0,0.01,Low
1,1,0.9866666666666667,1,0.9966666666666667,Urgent
0,0,0.0,0,0.0,Low
1,1,0.98,1,0.9833333333333333,Urgent
0,0,0.0,0,0.006666666666666667,Low
1,1,0.99,1,1.0,Urgent
0,0,0.0,0,0.0033333333333333335,Low
1,1,0.9966666666666667,1,0.9933333333333333,Urgent
0,0,0.0,0,0.0033333333333333335,Low
1,1,0.98,1,0.9533333333333334,Urgent
0,0,0.0,0,0.006666666666666667,Low
1,1,0.99,1,1.0,Urgent
0,0,0.0,0,0.01,Low
1,1,0.9966666666666667,1,0.99,Urgent
0,0,0.0,0,0.0033333333333333335,Low
1,1,0.9966666666666667,1,0.9666666666666667,Urgent
0,0,0.0,0,0.0033333333333333335,Low
1,1,0.9933333333333333,1,0.9866666666666667,Urgent
0,0,0.0,0,0.01,Low
1,1,0.9933333333333333,1,0.9966666666666667,Urgent
0,0,0.0,0,0.01,Low
1,1,1.0,1,0.9933333333333333,Urgent
0,0,0.0,0,0.0033333333333333335,Low
1,1,0.87,0,0.32666666666666666,Low
1,1,1.0,1,1.0,Urgent
0,0,0.0,0,0.01,Low
1,1,0.93,0,0.47333333333333333,Moderate
1,1,0.99,1,0.9966666666666667,Urgent
0,0,0.0,0,0.0033333333333333335,Low
1,1,0.9933333333333333,1,0.9933333333333333,Urgent
0,0,0.0,0,0.0,Low
1,1,0.9666666666666667,1,0.99,Urgent
0,0,0.0,0,0.01,Low
1,1,1.0,1,0.9933333333333333,Urgent
0,0,0.0,0,0.01,Low
1,1,1.0,1,1.0,Urgent
0,0,0.0,0,0.0033333333333333335,Low
1,1,0.9966666666666667,1,0.9966666666666667,Urgent
0,0,0.0,0,0.01,Low
1,1,0.9966666666666667,1,1.0,Urgent
0,0,0.0,0,0.01,Low
1,1,0.9966666666666667,1,0.9966666666666667,Urgent
0,0,0.0,0,0.0,Low
1,1,0.9966666666666667,1,1.0,Urgent
0,0,0.0,0,0.0033333333333333335,Low
1,1,0.9933333333333333,1,1.0,Urgent
0,0,0.0,0,0.01,Low
1,1,0.93,0,0.3433333333333333,Low
1,1,0.9966666666666667,1,0.96,Urgent
0,0,0.0033333333333333335,0,0.0033333333333333335,Low
1,1,0.97,0,0.44333333333333336,Moderate
1,1,0.9933333333333333,1,0.9666666666666667,Urgent
0,0,0.0,0,0.0033333333333333335,Low
1,1,0.9966666666666667,1,1.0,Urgent
0,0,0.0,0,0.006666666666666667,Low
1,1,0.9833333333333333,1,0.9933333333333333,Urgent
0,0,0.0,0,0.006666666666666667,Low
1,1,0.9933333333333333,1,0.9966666666666667,Urgent
0,0,0.0,0,0.0033333333333333335,Low
1,1,0.9933333333333333,1,0.9966666666666667,Urgent
0,0,0.0,0,0.01,Low
1,1,1.0,1,1.0,Urgent
0,0,0.0,0,0.006666666666666667,Low
1,1,0.9933333333333333,1,0.9966666666666667,Urgent
0,0,0.0,0,0.0033333333333333335,Low
1,1,0.9766666666666667,1,0.99,Urgent
0,0,0.0,0,0.006666666666666667,Low
1,1,0.9966666666666667,1,0.98,Urgent
0,0,0.0,0,0.006666666666666667,Low
1,1,0.99,1,0.9966666666666667,Urgent
0,0,0.0033333333333333335,0,0.0033333333333333335,Low
1,1,0.9466666666666667,1,0.99,Urgent
0,0,0.0,0,0.02666666666666667,Low
0,0,0.0,0,0.013333333333333334,Low
1,1,0.9933333333333333,1,0.8733333333333333,Urgent
0,0,0.0,0,0.0033333333333333335,Low
0,0,0.05,0,0.03333333333333333,Low
1,1,1.0,1,0.9966666666666667,Urgent
0,0,0.0,0,0.0033333333333333335,Low
1,1,0.81,0,0.29333333333333333,Low
1,1,0.98,1,0.9866666666666667,Urgent
0,0,0.0033333333333333335,0,0.0,Low
1,1,0.97,1,0.97,Urgent
0,0,0.0033333333333333335,0,0.0,Low
0,0,0.0033333333333333335,0,0.043333333333333335,Low
0,0,0.07333333333333333,0,0.04,Low
0,0,0.06,0,0.07,Low
0,0,0.02,0,0.07666666666666666,Low
0,0,0.0,0,0.11666666666666667,Low
0,0,0.0033333333333333335,0,0.013333333333333334,Low
0,0,0.06333333333333334,0,0.016666666666666666,Low
0,0,0.10666666666666667,0,0.2,Low
1,1,0.9833333333333333,1,0.9966666666666667,Urgent
0,0,0.0,0,0.0,Low
1,1,0.94,1,0.98,Urgent
0,0,0.0,0,0.01,Low
0,0,0.06,0,0.07333333333333333,Low
0,0,0.44,0,0.16333333333333333,Low
1,1,0.9833333333333333,1,1.0,Urgent
0,0,0.0,0,0.0033333333333333335,Low
0,0,0.0,0,0.03,Low
0,0,0.006666666666666667,0,0.04,Low
0,0,0.0,0,0.043333333333333335,Low
1,1,0.9566666666666667,1,0.9666666666666667,Urgent
0,0,0.0,0,0.016666666666666666,Low
0,0,0.07,0,0.023333333333333334,Low
0,0,0.14333333333333334,0,0.08333333333333333,Low
1,1,0.9133333333333333,1,0.78,High
0,0,0.0,0,0.02666666666666667,Low
0,0,0.0,0,0.10666666666666667,Low
1,1,0.68,1,0.7266666666666667,High
0,0,0.0,0,0.0,Low
1,1,0.9766666666666667,0,0.31,Low
1,1,0.99,1,0.8533333333333334,Urgent
0,0,0.023333333333333334,0,0.06666666666666667,Low
0,0,0.14333333333333334,0,0.11333333333333333,Low
1,1,0.9133333333333333,1,0.99,Urgent
0,0,0.01,0,0.02666666666666667,Low
0,0,0.21,0,0.07666666666666666,Low
1,1,0.9166666666666666,1,0.9766666666666667,Urgent
0,0,0.3333333333333333,0,0.30333333333333334,Low
1,1,0.94,1,0.97,Urgent
0,0,0.0,0,0.0,Low
0,0,0.05333333333333334,0,0.19333333333333333,Low
1,1,0.99,1,0.9966666666666667,Urgent
0,0,0.0,0,0.006666666666666667,Low
0,0,0.0,0,0.013333333333333334,Low
1,1,0.8133333333333334,0,0.31666666666666665,Low
0,0,0.10666666666666667,0,0.12666666666666668,Low
0,0,0.006666666666666667,0,0.006666666666666667,Low
1,1,0.99,1,1.0,Urgent
0,0,0.0033333333333333335,0,0.0,Low
1,1,0.98,1,0.9933333333333333,Urgent
0,0,0.0,0,0.006666666666666667,Low
1,1,0.9666666666666667,1,0.9566666666666667,Urgent
0,0,0.0,0,0.01,Low
0,0,0.0,0,0.043333333333333335,Low
1,1,0.97,1,0.8666666666666667,Urgent
0,0,0.0,0,0.013333333333333334,Low
0,0,0.0,0,0.023333333333333334,Low
1,1,0.8466666666666667,0,0.33666666666666667,Low
0,0,0.24,1,0.52,Moderate
0,0,0.0,0,0.006666666666666667,Low
1,1,0.7866666666666666,0,0.42,Moderate
1,1,0.92,1,0.75,High
0,0,0.0,0,0.0,Low
1,1,0.86,0,0.23,Low
1,1,0.99,1,0.8633333333333333,Urgent
0,0,0.0,0,0.0,Low
1,1,0.9366666666666666,0,0.24333333333333335,Low
1,1,1.0,1,1.0,Urgent
0,0,0.0,0,0.01,Low
1,1,1.0,1,0.9633333333333334,Urgent
0,0,0.0,0,0.01,Low
1,1,0.88,1,0.8033333333333333,High
1,1,0.9433333333333334,1,0.5866666666666667,Moderate
0,0,0.0,0,0.006666666666666667,Low
1,1,0.9766666666666667,1,0.8933333333333333,Urgent
0,0,0.0,0,0.02,Low
0,0,0.0,0,0.01,Low
1,1,0.75,0,0.24,Low
1,1,1.0,1,0.66,High
0,0,0.0,0,0.0,Low
1,1,0.97,1,0.69,High
0,0,0.0,0,0.013333333333333334,Low
0,0,0.0,0,0.02,Low
1,1,0.8366666666666667,0,0.24666666666666667,Low
1,1,0.9866666666666667,1,0.6233333333333333,High
0,0,0.0033333333333333335,0,0.0,Low
1,1,0.91,0,0.26,Low
1,1,0.9933333333333333,1,0.8666666666666667,Urgent
0,0,0.0033333333333333335,0,0.0,Low
1,1,0.9566666666666667,1,0.5833333333333334,Moderate
0,0,0.0,0,0.006666666666666667,Low
0,0,0.0,0,0.023333333333333334,Low
1,1,1.0,1,0.99,Urgent
0,0,0.0,0,0.013333333333333334,Low
1,1,0.8766666666666667,1,0.58,Moderate
1,1,1.0,1,0.9866666666666667,Urgent
0,0,0.0,0,0.0,Low
1,1,0.9933333333333333,1,0.7466666666666667,High
0,0,0.0,0,0.0033333333333333335,Low
0,0,0.0,0,0.016666666666666666,Low
1,1,0.9966666666666667,1,0.9966666666666667,Urgent
0,0,0.0,0,0.01,Low
0,0,0.0033333333333333335,0,0.04,Low
1,1,0.96,1,0.9533333333333334,Urgent
0,0,0.0,0,0.0,Low
0,0,0.0,0,0.02,Low
1,1,0.9533333333333334,1,0.9766666666666667,Urgent
0,0,0.0,0,0.0033333333333333335,Low
0,0,0.0033333333333333335,0,0.11333333333333333,Low
0,0,0.0033333333333333335,0,0.12333333333333334,Low
0,0,0.0,0,0.013333333333333334,Low
0,0,0.0,0,0.0,Low
1,1,0.8566666666666667,0,0.18666666666666668,Low
1,1,1.0,1,0.86,Urgent
0,0,0.0033333333333333335,0,0.006666666666666667,Low
1,1,0.95,0,0.41333333333333333,Moderate
1,1,0.9933333333333333,1,0.9633333333333334,Urgent
0,0,0.0,0,0.0033333333333333335,Low
1,1,0.9833333333333333,1,0.65,High
1,1,1.0,1,0.9766666666666667,Urgent
0,0,0.0,0,0.01,Low
1,1,1.0,1,1.0,Urgent
0,0,0.0,0,0.0033333333333333335,Low
1,1,0.8733333333333333,0,0.13333333333333333,Low
1,1,1.0,1,0.9566666666666667,Urgent
0,0,0.0,0,0.0033333333333333335,Low
1,1,0.9433333333333334,0,0.49666666666666665,Moderate
1,1,0.9966666666666667,1,0.76,High
0,0,0.0,0,0.0033333333333333335,Low
1,1,0.8733333333333333,0,0.16666666666666666,Low
1,1,0.9966666666666667,1,0.8766666666666667,Urgent
0,0,0.0033333333333333335,0,0.023333333333333334,Low
1,1,0.9533333333333334,1,0.9366666666666666,Urgent
0,0,0.0,0,0.01,Low
0,0,0.0,0,0.013333333333333334,Low
1,1,0.9933333333333333,1,0.84,High
0,0,0.0,0,0.013333333333333334,Low
0,0,0.0,0,0.01,Low
1,1,0.9466666666666667,1,0.6433333333333333,High
0,0,0.0,0,0.01,Low
0,0,0.0,0,0.006666666666666667,Low
1,1,0.8533333333333334,0,0.32,Low
0,0,0.06,0,0.12,Low
1,1,0.8733333333333333,0,0.25333333333333335,Low
1,1,1.0,1,0.99,Urgent
0,0,0.0,0,0.0033333333333333335,Low
1,1,0.77,0,0.23333333333333334,Low
1,1,0.9233333333333333,1,0.6133333333333333,High
0,0,0.0,0,0.01,Low
0,0,0.0,0,0.03333333333333333,Low
1,1,0.99,1,0.9866666666666667,Urgent
0,0,0.0,0,0.006666666666666667,Low
1,1,0.9233333333333333,0,0.37666666666666665,Moderate
1,1,0.9566666666666667,1,0.6066666666666667,High
0,0,0.0,0,0.0033333333333333335,Low
1,1,0.9866666666666667,1,0.7366666666666667,High
0,0,0.0,0,0.016666666666666666,Low
0,0,0.0,0,0.03666666666666667,Low
0,0,0.0,0,0.03333333333333333,Low
0,0,0.0033333333333333335,0,0.023333333333333334,Low
1,1,1.0,1,0.95,Urgent
0,0,0.0,0,0.01,Low
1,1,0.8566666666666667,1,0.5033333333333333,Moderate
1,1,0.97,1,0.9866666666666667,Urgent
0,0,0.0,0,0.006666666666666667,Low
1,1,0.95,0,0.26,Low
1,1,0.9866666666666667,1,0.91,Urgent
0,0,0.0,0,0.0033333333333333335,Low
1,1,0.9966666666666667,1,1.0,Urgent
0,0,0.0,0,0.0033333333333333335,Low
1,1,0.7833333333333333,0,0.23,Low
1,1,0.9866666666666667,1,0.72,High
0,0,0.0033333333333333335,0,0.03,Low
1,1,0.86,1,0.91,Urgent
0,0,0.0,0,0.023333333333333334,Low
0,0,0.0,0,0.01,Low
1,1,0.9866666666666667,1,0.76,High
0,0,0.0,0,0.016666666666666666,Low
0,0,0.0,0,0.0033333333333333335,Low
1,1,0.9566666666666667,1,0.6133333333333333,High
0,0,0.0,0,0.01,Low
0,0,0.0,0,0.01,Low
1,1,0.9766666666666667,1,0.7266666666666667,High
0,0,0.0,0,0.02,Low
0,0,0.0,0,0.006666666666666667,Low
1,1,0.8566666666666667,0,0.37666666666666665,Moderate
0,0,0.02666666666666667,0,0.04,Low
0,0,0.013333333333333334,0,0.11,Low
1,1,0.9633333333333334,1,0.64,High
0,0,0.0,0,0.013333333333333334,Low
0,0,0.0,0,0.02,Low
1,1,0.9933333333333333,1,0.8733333333333333,Urgent
0,0,0.0,0,0.013333333333333334,Low
1,1,0.9433333333333334,1,0.91,Urgent
1,1,0.9566666666666667,1,0.8566666666666667,Urgent
0,0,0.22333333333333333,0,0.3333333333333333,Low
0,0,0.0,0,0.056666666666666664,Low
0,0,0.0,0,0.056666666666666664,Low
1,1,0.8533333333333334,1,0.8433333333333334,High
1,1,0.86,0,0.29333333333333333,Low
0,0,0.3566666666666667,1,0.5866666666666667,Moderate
0,0,0.0,0,0.03666666666666667,Low
1,1,1.0,1,0.9766666666666667,Urgent
0,0,0.0,0,0.006666666666666667,Low
1,1,0.9333333333333333,0,0.4666666666666667,Moderate
1,1,1.0,1,0.7533333333333333,High
0,0,0.0033333333333333335,0,0.0033333333333333335,Low
1,1,0.8766666666666667,0,0.48333333333333334,Moderate
0,0,0.0,0,0.006666666666666667,Low
0,0,0.0,0,0.02666666666666667,Low
1,1,1.0,1,0.99,Urgent
0,0,0.0,0,0.0033333333333333335,Low
1,1,0.9466666666666667,0,0.4866666666666667,Moderate
1,1,1.0,1,0.8433333333333334,High
0,0,0.0,0,0.006666666666666667,Low
1,1,0.8633333333333333,1,0.55,Moderate
1,1,0.8,1,0.5933333333333334,Moderate
0,0,0.0,0,0.006666666666666667,Low
0,0,0.013333333333333334,0,0.11333333333333333,Low
1,1,0.96,1,0.93,Urgent
0,0,0.0,0,0.01,Low
0,0,0.0033333333333333335,0,0.03,Low
1,1,0.93,1,0.5733333333333334,Moderate
0,0,0.0,0,0.006666666666666667,Low
0,0,0.0,0,0.0033333333333333335,Low
1,1,0.9866666666666667,1,0.6233333333333333,High
0,0,0.006666666666666667,0,0.006666666666666667,Low
0,0,0.0,0,0.006666666666666667,Low
1,1,0.97,1,0.75,High
0,0,0.0,0,0.006666666666666667,Low
0,0,0.0,0,0.006666666666666667,Low
1,1,0.9666666666666667,1,0.6133333333333333,High
0,0,0.0,0,0.01,Low
0,0,0.0,0,0.016666666666666666,Low
1,1,0.9033333333333333,1,0.5766666666666667,Moderate
0,0,0.0,0,0.023333333333333334,Low
0,0,0.0033333333333333335,0,0.013333333333333334,Low
1,1,1.0,1,0.77,High
0,0,0.0,0,0.0,Low
1,1,0.9566666666666667,1,0.8833333333333333,Urgent
1,1,0.7033333333333334,1,0.7533333333333333,High
0,0,0.12,0,0.33666666666666667,Low
0,0,0.0,0,0.03,Low
1,1,0.9533333333333334,1,0.9766666666666667,Urgent
1,1,0.87,1,0.5666666666666667,Moderate
0,1,0.62,1,0.5033333333333333,Moderate
0,0,0.0,0,0.02,Low
1,1,1.0,1,1.0,Urgent
0,0,0.0,0,0.01,Low
1,1,0.8633333333333333,0,0.37,Moderate
1,1,1.0,1,0.9,Urgent
0,0,0.0,0,0.0033333333333333335,Low
1,1,0.9433333333333334,1,0.75,High
0,0,0.0,0,0.02666666666666667,Low
0,0,0.0033333333333333335,0,0.10333333333333333,Low
1,1,0.9933333333333333,1,0.8966666666666666,Urgent
0,0,0.0,0,0.013333333333333334,Low
1,1,0.9966666666666667,1,0.8866666666666667,Urgent
0,0,0.0,0,0.0033333333333333335,Low
1,1,0.9466666666666667,1,0.7333333333333333,High
0,0,0.0,0,0.01,Low
0,0,0.0,0,0.023333333333333334,Low
1,1,0.8733333333333333,0,0.26666666666666666,Low
1,1,0.9833333333333333,1,0.7233333333333334,High
0,0,0.0,0,0.01,Low
0,0,0.0,0,0.006666666666666667,Low
1,1,0.92,1,0.6,Moderate
0,0,0.0,0,0.006666666666666667,Low
0,0,0.0,0,0.0033333333333333335,Low
1,1,0.9866666666666667,1,0.6333333333333333,High
0,0,0.0,0,0.01,Low
1,1,0.9766666666666667,1,0.8,High
1,1,0.9033333333333333,1,0.7166666666666667,High
0,0,0.35,1,0.5066666666666667,Moderate
1,1,1.0,1,0.9833333333333333,Urgent
0,0,0.023333333333333334,0,0.02666666666666667,Low
1,1,0.9666666666666667,1,0.9433333333333334,Urgent
0,0,0.0,0,0.01,Low
0,0,0.0,0,0.02,Low
1,1,0.9666666666666667,1,0.7533333333333333,High
0,0,0.0,0,0.023333333333333334,Low
0,0,0.0,0,0.0033333333333333335,Low
1,1,0.9166666666666666,1,0.5933333333333334,Moderate
0,0,0.0,0,0.006666666666666667,Low
0,0,0.0,0,0.03,Low
1,1,0.94,1,0.9233333333333333,Urgent
1,1,0.97,1,0.8533333333333334,Urgent
0,0,0.03666666666666667,0,0.19333333333333333,Low
0,0,0.0,0,0.013333333333333334,Low
1,1,0.9533333333333334,1,0.61,High
0,0,0.0,0,0.013333333333333334,Low
0,0,0.0,0,0.0033333333333333335,Low
1,1,0.9633333333333334,1,0.6633333333333333,High
0,0,0.0,0,0.006666666666666667,Low
0,0,0.0,0,0.0033333333333333335,Low
1,1,0.9866666666666667,1,0.6433333333333333,High
0,0,0.0,0,0.006666666666666667,Low
0,0,0.0,0,0.043333333333333335,Low
1,1,0.97,1,0.86,Urgent
1,1,0.94,1,0.73,High
0,0,0.21333333333333335,1,0.59,Moderate
0,0,0.0,0,0.013333333333333334,Low
1,1,0.7033333333333334,1,0.5333333333333333,Moderate
0,0,0.0,0,0.016666666666666666,Low
0,0,0.0,0,0.0033333333333333335,Low
1,1,0.9633333333333334,1,0.6566666666666666,High
0,0,0.0,0,0.01,Low
0,0,0.0,0,0.006666666666666667,Low
1,1,0.94,1,0.5566666666666666,Moderate
0,0,0.0,0,0.016666666666666666,Low
0,0,0.0,0,0.01,Low
1,1,0.9766666666666667,1,0.65,High
0,0,0.0,0,0.01,Low
0,0,0.0,0,0.01,Low
1,1,0.99,1,0.7533333333333333,High
0,0,0.0,0,0.01,Low
0,0,0.0,0,0.023333333333333334,Low
1,1,0.9533333333333334,1,0.6466666666666666,High
0,0,0.0,0,0.006666666666666667,Low
0,0,0.0,0,0.0033333333333333335,Low
1,1,1.0,1,0.6766666666666666,High
0,0,0.0,0,0.006666666666666667,Low
0,0,0.0,0,0.01,Low
1,1,0.9366666666666666,1,0.5466666666666666,Moderate
0,0,0.0,0,0.02666666666666667,Low
0,0,0.0,0,0.006666666666666667,Low
1,1,0.9566666666666667,1,0.5866666666666667,Moderate
0,0,0.0,0,0.016666666666666666,Low
0,0,0.0,0,0.006666666666666667,Low
1,1,0.8333333333333334,1,0.5466666666666666,Moderate
0,0,0.0,0,0.013333333333333334,Low
0,0,0.0,0,0.01,Low
1,1,0.9566666666666667,1,0.6066666666666667,High
0,0,0.0,0,0.01,Low
0,0,0.0,0,0.03666666666666667,Low
1,1,0.8633333333333333,0,0.48333333333333334,Moderate
0,0,0.04666666666666667,0,0.15333333333333332,Low
0,0,0.0,0,0.006666666666666667,Low
1,1,0.93,0,0.27666666666666667,Low
1,1,0.9966666666666667,1,0.9666666666666667,Urgent
0,0,0.0,0,0.0033333333333333335,Low
1,1,0.9633333333333334,1,0.79,High
0,0,0.0,0,0.006666666666666667,Low
0,0,0.0,0,0.023333333333333334,Low
1,1,0.94,1,0.6133333333333333,High
0,0,0.0,0,0.01,Low
0,0,0.0,0,0.0033333333333333335,Low
1,1,1.0,1,0.67,High
0,0,0.016666666666666666,0,0.01,Low
1,1,0.88,1,0.7166666666666667,High
1,1,0.9966666666666667,1,0.69,High
0,1,0.5266666666666666,1,0.87,Urgent
0,0,0.0,0,0.0033333333333333335,Low
1,1,1.0,1,0.7233333333333334,High
0,0,0.0033333333333333335,0,0.02666666666666667,Low
1,1,0.9633333333333334,1,0.94,Urgent
0,0,0.0,0,0.013333333333333334,Low
0,0,0.0,0,0.0033333333333333335,Low
1,1,0.9533333333333334,1,0.7233333333333334,High
0,0,0.0,0,0.01,Low
0,0,0.0,0,0.013333333333333334,Low
1,1,0.9833333333333333,1,0.6333333333333333,High
0,0,0.0,0,0.006666666666666667,Low
0,0,0.0,0,0.01,Low
1,1,0.9366666666666666,1,0.5833333333333334,Moderate
0,0,0.0,0,0.016666666666666666,Low
0,0,0.0,0,0.006666666666666667,Low
1,1,0.9366666666666666,1,0.7033333333333334,High
0,0,0.0,0,0.01,Low
0,0,0.0,0,0.02666666666666667,Low
1,1,0.9433333333333334,1,0.5466666666666666,Moderate
0,0,0.0,0,0.02666666666666667,Low
0,0,0.0,0,0.01,Low
1,1,0.9566666666666667,1,0.5766666666666667,Moderate
0,0,0.0,0,0.006666666666666667,Low
0,0,0.0,0,0.01,Low
1,1,0.97,1,0.6966666666666667,High
0,0,0.0,0,0.01,Low
0,0,0.0,0,0.016666666666666666,Low
1,1,0.89,1,0.51,Moderate
0,0,0.0,0,0.03,Low
0,0,0.0,0,0.03333333333333333,Low
1,1,0.8233333333333334,1,0.6333333333333333,High
0,0,0.0,0,0.016666666666666666,Low
0,0,0.0,0,0.0033333333333333335,Low
1,1,0.9633333333333334,1,0.6966666666666667,High
0,0,0.0,0,0.01,Low
0,0,0.0,0,0.023333333333333334,Low
1,1,0.9866666666666667,1,0.7366666666666667,High
0,0,0.0033333333333333335,0,0.013333333333333334,Low
0,0,0.0,0,0.006666666666666667,Low
1,1,0.8866666666666667,1,0.5033333333333333,Moderate
0,0,0.0,0,0.02666666666666667,Low
0,0,0.0033333333333333335,0,0.0,Low
1,1,0.97,1,0.7233333333333334,High
0,0,0.0,0,0.02,Low
0,0,0.0,0,0.016666666666666666,Low
1,1,0.9966666666666667,1,0.8933333333333333,Urgent
0,0,0.0,0,0.013333333333333334,Low
0,0,0.0,0,0.01,Low
1,1,0.88,1,0.5333333333333333,Moderate
0,0,0.0,0,0.013333333333333334,Low
0,0,0.0,0,0.0033333333333333335,Low
1,1,0.9533333333333334,1,0.7033333333333334,High
0,0,0.0033333333333333335,0,0.0,Low
0,0,0.013333333333333334,0,0.016666666666666666,Low
1,1,0.97,1,0.8433333333333334,High
0,0,0.0,0,0.01,Low
0,0,0.0,0,0.0033333333333333335,Low
1,1,0.9433333333333334,1,0.5766666666666667,Moderate
0,0,0.0,0,0.013333333333333334,Low
0,0,0.0,0,0.0033333333333333335,Low
1,1,0.9533333333333334,1,0.5966666666666667,Moderate
0,0,0.0,0,0.006666666666666667,Low
0,0,0.0,0,0.02,Low
1,1,0.8766666666666667,1,0.5866666666666667,Moderate
0,0,0.0,0,0.01,Low
0,0,0.0,0,0.0,Low
1,1,0.7733333333333333,0,0.3566666666666667,Moderate
0,1,0.5266666666666666,0,0.47,Moderate
0,0,0.0,0,0.006666666666666667,Low
1,1,0.9966666666666667,1,0.76,High
0,0,0.0,0,0.013333333333333334,Low
0,0,0.0,0,0.02,Low
1,1,0.8033333333333333,0,0.32,Low
0,0,0.1,0,0.25333333333333335,Low
0,0,0.0,0,0.04,Low
0,0,0.0,0,0.03,Low
0,0,0.0,0,0.03333333333333333,Low
0,0,0.04,0,0.0,Low
0,0,0.35333333333333333,0,0.03333333333333333,Low
0,1,0.56,0,0.08,Low
0,1,0.6533333333333333,0,0.3333333333333333,Low
0,1,0.6233333333333333,0,0.26,Low
0,0,0.16333333333333333,0,0.12333333333333334,Low
0,0,0.27,0,0.09666666666666666,Low
0,0,0.4033333333333333,0,0.17333333333333334,Low
0,0,0.43666666666666665,0,0.2,Low
0,1,0.73,0,0.22,Low
0,1,0.7533333333333333,0,0.3,Low
0,0,0.42333333333333334,0,0.24,Low
0,0,0.4633333333333333,0,0.2866666666666667,Low
0,1,0.51,0,0.23,Low
0,0,0.4866666666666667,0,0.2966666666666667,Low
0,0,0.19666666666666666,0,0.18666666666666668,Low
0,0,0.15333333333333332,0,0.17,Low
0,0,0.3433333333333333,0,0.37,Moderate
0,0,0.31666666666666665,0,0.24333333333333335,Low
0,0,0.37666666666666665,0,0.14666666666666667,Low
0,1,0.5366666666666666,0,0.23333333333333334,Low
0,1,0.54,0,0.22666666666666666,Low
0,1,0.5666666666666667,0,0.31666666666666665,Low
0,0,0.43666666666666665,0,0.31,Low
0,0,0.4266666666666667,0,0.3466666666666667,Low
0,0,0.4666666666666667,0,0.21,Low
0,0,0.2633333333333333,0,0.17666666666666667,Low
0,0,0.23666666666666666,0,0.20333333333333334,Low
0,0,0.15333333333333332,0,0.13666666666666666,Low
0,0,0.4066666666666667,0,0.03,Low
0,0,0.04,0,0.016666666666666666,Low
0,0,0.19,0,0.12666666666666668,Low
0,0,0.39666666666666667,0,0.32,Low
0,0,0.33,0,0.13333333333333333,Low
0,0,0.07,0,0.1,Low
0,0,0.14,0,0.08666666666666667,Low
0,1,0.5666666666666667,0,0.22333333333333333,Low
0,0,0.06,0,0.023333333333333334,Low
0,0,0.03,0,0.03,Low
0,0,0.0033333333333333335,0,0.04,Low
0,0,0.3566666666666667,0,0.056666666666666664,Low
0,0,0.2866666666666667,0,0.043333333333333335,Low
0,0,0.38333333333333336,0,0.08333333333333333,Low
0,0,0.48333333333333334,0,0.18666666666666668,Low
0,0,0.23,0,0.24333333333333335,Low
0,0,0.12666666666666668,0,0.12,Low
0,0,0.11,0,0.08,Low
0,0,0.14333333333333334,0,0.12666666666666668,Low
0,0,0.17666666666666667,0,0.16333333333333333,Low
0,0,0.16333333333333333,0,0.03,Low
0,0,0.31666666666666665,0,0.14666666666666667,Low
0,1,0.54,0,0.19333333333333333,Low
0,1,0.5366666666666666,0,0.19666666666666666,Low
0,1,0.63,0,0.14333333333333334,Low
0,0,0.35333333333333333,0,0.06666666666666667,Low
0,0,0.16333333333333333,0,0.14,Low
0,0,0.38333333333333336,0,0.16666666666666666,Low
0,0,0.23,0,0.03,Low
0,0,0.10666666666666667,0,0.02666666666666667,Low
0,0,0.18,0,0.023333333333333334,Low
0,0,0.31,0,0.023333333333333334,Low
0,0,0.04666666666666667,0,0.03666666666666667,Low
0,0,0.043333333333333335,0,0.043333333333333335,Low
0,0,0.07,0,0.09,Low
0,0,0.13666666666666666,0,0.03333333333333333,Low
0,0,0.0033333333333333335,0,0.07333333333333333,Low
0,0,0.0,0,0.03333333333333333,Low
0,1,0.7833333333333333,1,0.5533333333333333,Moderate
0,0,0.29333333333333333,0,0.14333333333333334,Low
0,0,0.02,0,0.02666666666666667,Low
0,0,0.25333333333333335,0,0.19,Low
0,0,0.22666666666666666,0,0.12666666666666668,Low
0,0,0.17,0,0.03,Low
0,0,0.2833333333333333,0,0.12333333333333334,Low
0,0,0.13666666666666666,0,0.02,Low
1,1,0.8,1,0.92,Urgent
0,0,0.02,0,0.02666666666666667,Low
0,0,0.056666666666666664,0,0.04666666666666667,Low
1,1,0.8933333333333333,1,0.8133333333333334,High
0,0,0.08,0,0.016666666666666666,Low
0,0,0.49333333333333335,0,0.12,Low
0,1,0.5166666666666667,0,0.10333333333333333,Low
0,0,0.31333333333333335,0,0.17,Low
0,1,0.5033333333333333,0,0.16,Low
0,0,0.043333333333333335,0,0.10333333333333333,Low
0,0,0.03333333333333333,0,0.07666666666666666,Low
1,1,0.8066666666666666,0,0.24,Low
0,0,0.25666666666666665,0,0.20333333333333334,Low
0,0,0.0,0,0.03,Low
0,0,0.0033333333333333335,0,0.03,Low
0,0,0.06,0,0.03666666666666667,Low
0,0,0.04,0,0.02,Low
0,0,0.13,0,0.17333333333333334,Low
0,0,0.013333333333333334,0,0.04,Low
0,0,0.013333333333333334,0,0.03666666666666667,Low
0,0,0.22333333333333333,0,0.07333333333333333,Low
1,1,0.9,1,0.8366666666666667,High
0,0,0.0,0,0.01,Low
0,0,0.16666666666666666,0,0.043333333333333335,Low
0,0,0.3233333333333333,0,0.13333333333333333,Low
0,0,0.36,0,0.12666666666666668,Low
0,0,0.09,0,0.016666666666666666,Low
0,0,0.15666666666666668,0,0.04666666666666667,Low
0,0,0.11333333333333333,0,0.1,Low
0,0,0.013333333333333334,0,0.05,Low
0,0,0.02,0,0.08333333333333333,Low
0,0,0.39666666666666667,0,0.08666666666666667,Low
0,0,0.20333333333333334,0,0.09666666666666666,Low
0,0,0.056666666666666664,0,0.07,Low
0,0,0.17,0,0.15333333333333332,Low
1,1,0.9966666666666667,1,0.9466666666666667,Urgent
0,0,0.0,0,0.006666666666666667,Low
1,1,0.92,1,0.8233333333333334,High
0,0,0.006666666666666667,0,0.013333333333333334,Low
0,0,0.013333333333333334,0,0.013333333333333334,Low
0,0,0.0,0,0.03333333333333333,Low
0,0,0.0,0,0.01,Low
0,0,0.0,0,0.056666666666666664,Low
0,0,0.02,0,0.07666666666666666,Low
1,1,0.9433333333333334,1,0.9333333333333333,Urgent
0,0,0.0,0,0.01,Low
0,0,0.013333333333333334,0,0.02666666666666667,Low
1,1,0.9866666666666667,1,0.7666666666666667,High
0,0,0.01,0,0.016666666666666666,Low
0,0,0.016666666666666666,0,0.016666666666666666,Low
1,1,0.9933333333333333,1,0.8733333333333333,Urgent
0,0,0.0,0,0.013333333333333334,Low
0,0,0.0,0,0.02666666666666667,Low
1,1,0.8833333333333333,1,0.6,Moderate
0,0,0.0,0,0.023333333333333334,Low
0,0,0.02,0,0.023333333333333334,Low
1,1,0.6033333333333334,1,0.6433333333333333,High
0,1,0.5866666666666667,1,0.5433333333333333,Moderate
0,1,0.5533333333333333,1,0.85,High
0,0,0.06,0,0.0033333333333333335,Low
0,0,0.25,0,0.07,Low
0,0,0.0,0,0.013333333333333334,Low
0,0,0.0033333333333333335,0,0.03,Low
1,1,0.8333333333333334,1,0.62,High
0,0,0.0,0,0.02,Low
0,0,0.043333333333333335,0,0.023333333333333334,Low
1,1,0.9433333333333334,1,0.9066666666666666,Urgent
1,1,0.9233333333333333,1,0.94,Urgent
0,1,0.7266666666666667,1,0.5433333333333333,Moderate
1,1,0.8833333333333333,0,0.31666666666666665,Low
0,0,0.36333333333333334,0,0.03333333333333333,Low
0,0,0.20333333333333334,0,0.03,Low
0,0,0.34,0,0.14333333333333334,Low
0,0,0.31,0,0.19666666666666666,Low
0,0,0.3566666666666667,0,0.12333333333333334,Low
0,0,0.03,0,0.01,Low
0,0,0.056666666666666664,0,0.006666666666666667,Low
1,1,0.6966666666666667,1,0.7066666666666667,High
0,0,0.0,0,0.013333333333333334,Low
0,0,0.016666666666666666,0,0.02666666666666667,Low
1,1,0.5066666666666667,0,0.31666666666666665,Low
0,0,0.03666666666666667,0,0.04,Low
0,0,0.36666666666666664,0,0.36333333333333334,Moderate
0,0,0.0,0,0.06333333333333334,Low
0,0,0.01,0,0.043333333333333335,Low
0,0,0.0,0,0.023333333333333334,Low
0,0,0.016666666666666666,0,0.03333333333333333,Low
1,1,0.8833333333333333,1,0.6033333333333334,High
0,0,0.0,0,0.013333333333333334,Low
0,0,0.0,0,0.13,Low
0,0,0.19333333333333333,0,0.25,Low
0,0,0.0,0,0.14,Low
0,0,0.0,0,0.04,Low
1,1,0.9,1,0.67,High
0,0,0.006666666666666667,0,0.03333333333333333,Low
0,0,0.0,0,0.016666666666666666,Low
1,1,1.0,1,0.9266666666666666,Urgent
0,0,0.0,0,0.0033333333333333335,Low
0,0,0.016666666666666666,0,0.1,Low
0,0,0.17333333333333334,0,0.07666666666666666,Low
0,0,0.09333333333333334,0,0.14,Low
0,0,0.043333333333333335,0,0.01,Low
0,0,0.02666666666666667,0,0.02,Low
0,0,0.24,0,0.05333333333333334,Low
0,0,0.39,0,0.07333333333333333,Low
0,0,0.42333333333333334,0,0.23333333333333334,Low
0,0,0.17,0,0.08333333333333333,Low
0,0,0.023333333333333334,0,0.11333333333333333,Low
0,0,0.13666666666666666,0,0.06333333333333334,Low
0,0,0.36,0,0.14666666666666667,Low
0,0,0.07333333333333333,0,0.12,Low
0,0,0.0,0,0.10333333333333333,Low
0,0,0.0,0,0.01,Low
0,0,0.09666666666666666,0,0.07666666666666666,Low
0,0,0.013333333333333334,0,0.04666666666666667,Low
0,0,0.006666666666666667,0,0.013333333333333334,Low
0,0,0.0,0,0.04666666666666667,Low
0,0,0.09,0,0.09,Low
0,0,0.08666666666666667,0,0.03666666666666667,Low
0,0,0.18666666666666668,0,0.10333333333333333,Low
0,0,0.0,0,0.013333333333333334,Low
0,0,0.03666666666666667,0,0.02,Low
0,0,0.03666666666666667,0,0.03333333333333333,Low
0,0,0.36,0,0.07666666666666666,Low
0,0,0.17333333333333334,0,0.06333333333333334,Low
0,0,0.13666666666666666,0,0.03,Low
1,1,0.68,1,0.7333333333333333,High
0,0,0.0,0,0.15666666666666668,Low
0,0,0.01,0,0.01,Low
1,1,0.9266666666666666,0,0.09,Low
1,1,0.9866666666666667,1,0.7666666666666667,High
0,0,0.0,0,0.006666666666666667,Low
0,0,0.01,0,0.03,Low
0,0,0.12,0,0.05,Low
0,0,0.056666666666666664,0,0.02666666666666667,Low
0,0,0.07333333333333333,0,0.03666666666666667,Low
1,1,0.9133333333333333,1,0.7666666666666667,High
0,0,0.0033333333333333335,0,0.006666666666666667,Low
1,1,0.9366666666666666,1,0.63,High
0,0,0.006666666666666667,0,0.03666666666666667,Low
1,1,0.9666666666666667,1,0.99,Urgent
0,0,0.0033333333333333335,0,0.0033333333333333335,Low
1,1,0.95,1,0.6633333333333333,High
0,0,0.013333333333333334,0,0.013333333333333334,Low
0,0,0.22,0,0.04666666666666667,Low
1,1,0.9966666666666667,1,0.8866666666666667,Urgent
0,0,0.0,0,0.01,Low
0,0,0.0,0,0.03666666666666667,Low
0,0,0.0,0,0.03,Low
0,0,0.0,0,0.08666666666666667,Low
0,0,0.0033333333333333335,0,0.02,Low
1,1,0.9866666666666667,1,0.8133333333333334,High
1,1,0.9933333333333333,1,0.9966666666666667,Urgent
0,0,0.0,0,0.006666666666666667,Low
1,1,0.9533333333333334,1,0.59,Moderate
0,0,0.12,0,0.03,Low
0,0,0.03666666666666667,0,0.04666666666666667,Low
0,0,0.03,0,0.04666666666666667,Low
0,0,0.11,0,0.056666666666666664,Low
0,0,0.06666666666666667,0,0.06666666666666667,Low
0,0,0.26666666666666666,0,0.09666666666666666,Low
0,0,0.01,0,0.1,Low
0,0,0.006666666666666667,0,0.013333333333333334,Low
1,1,1.0,1,0.88,Urgent
0,0,0.0,0,0.006666666666666667,Low
1,1,0.9433333333333334,1,0.8533333333333334,Urgent
0,0,0.0,0,0.013333333333333334,Low
0,0,0.0033333333333333335,0,0.07333333333333333,Low
0,0,0.0,0,0.043333333333333335,Low
0,0,0.0,0,0.02666666666666667,Low
1,1,0.9933333333333333,1,0.9533333333333334,Urgent
0,0,0.013333333333333334,0,0.0,Low
1,1,0.9666666666666667,1,0.6733333333333333,High
0,0,0.0,0,0.006666666666666667,Low
0,0,0.0,0,0.006666666666666667,Low
0,0,0.0,0,0.04,Low
0,0,0.016666666666666666,0,0.02,Low
1,1,0.99,1,0.88,Urgent
0,0,0.0,0,0.01,Low
0,0,0.006666666666666667,0,0.07,Low
1,1,0.99,1,0.9066666666666666,Urgent
1,1,0.99,1,0.8133333333333334,High
0,0,0.0033333333333333335,0,0.02666666666666667,Low
1,1,0.8,1,0.8633333333333333,Urgent
0,0,0.0,0,0.023333333333333334,Low
0,0,0.0,0,0.0033333333333333335,Low
1,1,0.9633333333333334,1,0.75,High
0,0,0.0,0,0.0,Low
0,0,0.056666666666666664,0,0.043333333333333335,Low
1,1,0.98,1,0.7166666666666667,High
0,0,0.0,0,0.013333333333333334,Low
0,0,0.04666666666666667,0,0.09333333333333334,Low
1,1,0.9666666666666667,1,0.95,Urgent
0,0,0.1,0,0.09333333333333334,Low
1,1,0.8466666666666667,1,0.57,Moderate
0,0,0.0,0,0.0033333333333333335,Low
0,0,0.0,0,0.006666666666666667,Low
0,0,0.10333333333333333,0,0.04666666666666667,Low
0,0,0.19666666666666666,0,0.06333333333333334,Low
0,0,0.11333333333333333,0,0.13333333333333333,Low
0,0,0.16,0,0.15333333333333332,Low
0,0,0.17333333333333334,0,0.14,Low
0,0,0.10666666666666667,0,0.11333333333333333,Low
0,0,0.09,0,0.11,Low
0,0,0.056666666666666664,0,0.08333333333333333,Low
0,0,0.06,0,0.04,Low
0,0,0.03,0,0.043333333333333335,Low
0,0,0.06,0,0.06666666666666667,Low
0,0,0.01,0,0.04,Low
0,0,0.023333333333333334,0,0.08,Low
0,0,0.2833333333333333,0,0.15333333333333332,Low
0,0,0.17666666666666667,0,0.13333333333333333,Low
0,0,0.02,0,0.14,Low
0,0,0.0,0,0.07333333333333333,Low
0,0,0.0033333333333333335,0,0.056666666666666664,Low
0,0,0.08666666666666667,0,0.15,Low
1,1,0.99,1,1.0,Urgent
0,0,0.0,0,0.01,Low
0,0,0.056666666666666664,0,0.09333333333333334,Low
1,1,0.96,1,0.8233333333333334,High
0,0,0.0,0,0.02,Low
0,0,0.023333333333333334,0,0.03666666666666667,Low
1,1,1.0,1,0.8466666666666667,High
0,0,0.0,0,0.01,Low
1,1,0.9766666666666667,1,0.6666666666666666,High
0,0,0.0,0,0.01,Low
0,0,0.0,0,0.02666666666666667,Low
1,1,0.9066666666666666,1,0.5166666666666667,Moderate
0,0,0.0,0,0.013333333333333334,Low
0,0,0.05333333333333334,0,0.11,Low
0,0,0.0,0,0.09,Low
0,0,0.0,0,0.006666666666666667,Low
1,1,0.9766666666666667,1,0.6533333333333333,High
0,0,0.0,0,0.0,Low
1,1,0.92,1,0.6333333333333333,High
0,0,0.0,0,0.006666666666666667,Low
0,0,0.0033333333333333335,0,0.02,Low
1,1,0.9866666666666667,0,0.47,Moderate
1,1,0.9633333333333334,1,0.74,High
0,0,0.35333333333333333,0,0.31,Low
1,0,0.41,1,0.7366666666666667,High
0,0,0.006666666666666667,0,0.03666666666666667,Low
0,0,0.17666666666666667,0,0.08,Low
1,0,0.2633333333333333,0,0.18666666666666668,Low
0,0,0.12,0,0.07666666666666666,Low
0,0,0.13,0,0.04666666666666667,Low
0,0,0.09666666666666666,0,0.03,Low
0,0,0.17,0,0.16,Low
1,0,0.42,1,0.8,High
0,0,0.013333333333333334,0,0.06,Low
0,0,0.03,0,0.01,Low
1,1,0.6333333333333333,0,0.44,Moderate
0,0,0.0,0,0.03666666666666667,Low
0,0,0.08333333333333333,0,0.04,Low
1,1,0.7766666666666666,1,0.5133333333333333,Moderate
0,0,0.006666666666666667,0,0.02,Low
0,0,0.22333333333333333,0,0.023333333333333334,Low
1,1,0.8066666666666666,1,0.5966666666666667,Moderate
0,0,0.2,0,0.3233333333333333,Low
0,0,0.006666666666666667,0,0.01,Low
0,0,0.0,0,0.016666666666666666,Low
0,0,0.0,0,0.02666666666666667,Low
1,1,0.9733333333333334,1,0.7266666666666667,High
0,0,0.0,0,0.013333333333333334,Low
1,1,0.78,1,0.89,Urgent
0,0,0.013333333333333334,0,0.02,Low
0,0,0.0,0,0.016666666666666666,Low
1,1,0.9033333333333333,1,0.5733333333333334,Moderate
0,0,0.0,0,0.013333333333333334,Low
0,0,0.0,0,0.016666666666666666,Low
1,1,0.7866666666666666,0,0.28,Low
0,0,0.03,0,0.08666666666666667,Low
0,0,0.0,0,0.02666666666666667,Low
1,1,0.9733333333333334,1,0.7266666666666667,High
1,1,0.9866666666666667,1,0.9633333333333334,Urgent
0,0,0.0,0,0.006666666666666667,Low
1,1,0.7466666666666667,0,0.21,Low
0,0,0.0,0,0.03,Low
0,0,0.0033333333333333335,0,0.08,Low
0,0,0.02,0,0.14,Low
1,1,0.9733333333333334,1,0.9833333333333333,Urgent
0,0,0.0,0,0.006666666666666667,Low
0,0,0.08666666666666667,0,0.056666666666666664,Low
0,0,0.01,0,0.08666666666666667,Low
0,0,0.04666666666666667,0,0.05,Low
0,0,0.11,0,0.016666666666666666,Low
1,1,0.8866666666666667,1,0.73,High
0,0,0.013333333333333334,0,0.02,Low
0,0,0.04666666666666667,0,0.05,Low
0,0,0.016666666666666666,0,0.02,Low
0,0,0.023333333333333334,0,0.056666666666666664,Low
0,0,0.10666666666666667,0,0.07333333333333333,Low
1,1,0.9766666666666667,1,0.98,Urgent
0,0,0.0,0,0.01,Low
0,0,0.016666666666666666,0,0.01,Low
1,1,0.9566666666666667,1,0.6133333333333333,High
0,0,0.02666666666666667,0,0.06,Low
0,0,0.0,0,0.03666666666666667,Low
1,1,0.9833333333333333,1,0.9766666666666667,Urgent
0,0,0.0,0,0.0033333333333333335,Low
0,0,0.0,0,0.02,Low
0,0,0.0,0,0.0033333333333333335,Low
1,1,0.9666666666666667,1,0.64,High
0,0,0.0,0,0.013333333333333334,Low
0,0,0.0,0,0.04,Low
1,1,0.8,0,0.2966666666666667,Low
0,0,0.0,0,0.05333333333333334,Low
0,0,0.0,0,0.02,Low
0,0,0.056666666666666664,0,0.07,Low
0,0,0.05333333333333334,0,0.07333333333333333,Low
1,1,1.0,1,0.96,Urgent
0,0,0.0033333333333333335,0,0.02666666666666667,Low
1,1,0.96,1,0.9533333333333334,Urgent
0,0,0.0,0,0.006666666666666667,Low
0,0,0.0,0,0.013333333333333334,Low
1,1,0.9433333333333334,1,0.61,High
0,0,0.0,0,0.013333333333333334,Low
0,0,0.0,0,0.023333333333333334,Low
1,1,0.7066666666666667,0,0.3566666666666667,Moderate
0,0,0.043333333333333335,0,0.05333333333333334,Low
0,0,0.006666666666666667,0,0.07,Low
0,0,0.0033333333333333335,0,0.03666666666666667,Low
0,0,0.0,0,0.016666666666666666,Low
1,1,0.93,0,0.33,Low
1,1,0.9933333333333333,1,0.8933333333333333,Urgent
0,0,0.0033333333333333335,0,0.006666666666666667,Low
1,1,0.8866666666666667,0,0.45666666666666667,Moderate
0,0,0.0,0,0.03333333333333333,Low
0,0,0.0033333333333333335,0,0.02,Low
0,0,0.0,0,0.08,Low
0,0,0.013333333333333334,0,0.11666666666666667,Low
1,1,0.7133333333333334,1,0.5833333333333334,Moderate
0,0,0.0,0,0.03,Low
0,0,0.0033333333333333335,0,0.02666666666666667,Low
1,1,0.9333333333333333,1,0.7733333333333333,High
0,0,0.0,0,0.0033333333333333335,Low
0,0,0.0,0,0.04,Low
1,1,0.89,1,0.5866666666666667,Moderate
0,0,0.0,0,0.02,Low
0,0,0.0,0,0.006666666666666667,Low
1,1,0.98,1,0.6633333333333333,High
0,0,0.0,0,0.01,Low
0,0,0.0,0,0.03,Low
1,1,0.95,0,0.3433333333333333,Low
1,1,0.8966666666666666,1,0.95,Urgent
0,0,0.14,0,0.13333333333333333,Low
0,0,0.0,0,0.09,Low
0,0,0.0,0,0.01,Low
1,1,0.88,1,0.5733333333333334,Moderate
0,0,0.0,0,0.006666666666666667,Low
0,0,0.0033333333333333335,0,0.15,Low
0,0,0.0033333333333333335,0,0.023333333333333334,Low
0,0,0.05,0,0.07333333333333333,Low
0,0,0.10333333333333333,0,0.1,Low
0,0,0.0,0,0.023333333333333334,Low
0,0,0.02,0,0.11,Low
1,1,0.9666666666666667,1,0.6166666666666667,High
0,0,0.0,0,0.023333333333333334,Low
0,0,0.023333333333333334,0,0.04,Low
1,1,1.0,1,0.92,Urgent
0,0,0.0,0,0.006666666666666667,Low
1,1,0.9866666666666667,1,0.99,Urgent
0,0,0.0,0,0.0033333333333333335,Low
1,1,0.9133333333333333,1,0.5066666666666667,Moderate
0,0,0.0,0,0.013333333333333334,Low
0,0,0.0,0,0.05,Low
0,0,0.18666666666666668,0,0.03333333333333333,Low
1,1,0.94,1,0.89,Urgent
0,0,0.0,0,0.013333333333333334,Low
0,0,0.006666666666666667,0,0.06333333333333334,Low
1,1,0.9733333333333334,1,0.97,Urgent
0,0,0.0,0,0.006666666666666667,Low
1,1,0.9866666666666667,1,0.8666666666666667,Urgent
0,0,0.0,0,0.013333333333333334,Low
0,0,0.013333333333333334,0,0.08666666666666667,Low
1,1,0.9266666666666666,1,0.99,Urgent
0,0,0.0,0,0.006666666666666667,Low
0,0,0.04,0,0.13,Low
0,0,0.0033333333333333335,0,0.1,Low
0,0,0.0033333333333333335,0,0.02,Low
1,1,0.99,1,0.9066666666666666,Urgent
0,0,0.0,0,0.03,Low
0,0,0.0,0,0.0033333333333333335,Low
1,1,0.98,1,0.62,High
0,0,0.0,0,0.01,Low
0,0,0.0,0,0.01,Low
1,1,0.9233333333333333,0,0.41333333333333333,Moderate
1,1,0.98,1,0.76,High
0,0,0.0,0,0.006666666666666667,Low
1,1,0.8866666666666667,0,0.15333333333333332,Low
0,0,0.02,0,0.06333333333333334,Low
0,0,0.0,0,0.1,Low
0,0,0.07,0,0.023333333333333334,Low
0,0,0.06666666666666667,0,0.05,Low
0,0,0.04,0,0.11,Low
0,0,0.0,0,0.03333333333333333,Low
0,0,0.0,0,0.023333333333333334,Low
1,1,0.9966666666666667,1,0.88,Urgent
0,0,0.0,0,0.006666666666666667,Low
1,1,0.97,1,0.6233333333333333,High
0,0,0.0,0,0.013333333333333334,Low
0,0,0.0,0,0.006666666666666667,Low
0,0,0.0,0,0.04666666666666667,Low
0,0,0.10666666666666667,0,0.19666666666666666,Low
0,0,0.0,0,0.023333333333333334,Low
0,0,0.07666666666666666,0,0.04,Low
1,1,0.9566666666666667,1,0.9166666666666666,Urgent
0,0,0.0,0,0.01,Low
0,0,0.05333333333333334,0,0.05,Low
1,1,0.7166666666666667,1,0.5733333333333334,Moderate
0,0,0.0,0,0.016666666666666666,Low
0,0,0.0,0,0.03,Low
0,0,0.0,0,0.013333333333333334,Low
0,0,0.013333333333333334,0,0.08333333333333333,Low
0,0,0.016666666666666666,0,0.09,Low
0,0,0.006666666666666667,0,0.06666666666666667,Low
1,1,0.99,1,0.9966666666666667,Urgent
0,0,0.0,0,0.0033333333333333335,Low
1,1,0.8333333333333334,1,0.8433333333333334,High
0,0,0.0033333333333333335,0,0.0033333333333333335,Low
0,0,0.056666666666666664,0,0.12,Low
1,1,0.9733333333333334,1,0.8666666666666667,Urgent
0,0,0.0,0,0.01,Low
0,0,0.08666666666666667,0,0.06666666666666667,Low
1,1,0.9933333333333333,1,0.8966666666666666,Urgent
0,0,0.0,0,0.006666666666666667,Low
0,0,0.006666666666666667,0,0.06333333333333334,Low
1,1,1.0,1,0.9866666666666667,Urgent
0,0,0.0,0,0.006666666666666667,Low
1,1,0.93,1,0.92,Urgent
0,0,0.013333333333333334,0,0.04666666666666667,Low
0,0,0.0,0,0.03,Low
0,0,0.0033333333333333335,0,0.043333333333333335,Low
0,0,0.05,0,0.0,Low
1,1,0.9833333333333333,1,0.99,Urgent
0,0,0.0,0,0.0,Low
1,1,0.9266666666666666,1,0.99,Urgent
0,0,0.0,0,0.01,Low
0,0,0.19333333333333333,0,0.13333333333333333,Low
1,1,0.88,1,0.79,High
0,0,0.24,0,0.16,Low
0,0,0.02,0,0.12333333333333334,Low
1,1,0.8933333333333333,1,0.7766666666666666,High
0,0,0.0,0,0.03333333333333333,Low
0,0,0.08333333333333333,0,0.07666666666666666,Low
0,0,0.0,0,0.12333333333333334,Low
0,0,0.0033333333333333335,0,0.056666666666666664,Low
0,0,0.006666666666666667,0,0.07333333333333333,Low
0,0,0.08,0,0.043333333333333335,Low
0,0,0.07333333333333333,0,0.11666666666666667,Low
0,0,0.02,0,0.14,Low
0,0,0.01,0,0.06,Low
0,0,0.0,0,0.016666666666666666,Low
0,0,0.13666666666666666,0,0.21666666666666667,Low
1,1,0.9666666666666667,1,0.83,High
0,0,0.13,0,0.013333333333333334,Low
0,0,0.44333333333333336,1,0.53,Moderate
0,0,0.01,0,0.1,Low
0,0,0.043333333333333335,0,0.10666666666666667,Low
1,1,0.9933333333333333,1,1.0,Urgent
0,0,0.0,0,0.0033333333333333335,Low
0,0,0.03,0,0.04666666666666667,Low
1,1,0.85,1,0.5333333333333333,Moderate
0,0,0.08,0,0.08666666666666667,Low
0,0,0.02,0,0.04,Low
0,0,0.006666666666666667,0,0.03666666666666667,Low
0,0,0.056666666666666664,0,0.25333333333333335,Low
1,1,0.9866666666666667,1,0.6566666666666666,High
0,0,0.0,0,0.0033333333333333335,Low
1,1,0.86,1,0.6133333333333333,High
0,0,0.006666666666666667,0,0.02,Low
0,0,0.0033333333333333335,0,0.03666666666666667,Low
0,0,0.016666666666666666,0,0.22,Low
0,0,0.043333333333333335,0,0.04,Low
1,1,1.0,1,0.8666666666666667,Urgent
0,0,0.0,0,0.006666666666666667,Low
0,0,0.0,0,0.05333333333333334,Low
0,0,0.02666666666666667,0,0.11333333333333333,Low
0,0,0.03333333333333333,0,0.023333333333333334,Low
1,1,0.8566666666666667,1,0.51,Moderate
0,0,0.01,0,0.013333333333333334,Low
0,0,0.23666666666666666,0,0.04666666666666667,Low
0,0,0.19,0,0.09666666666666666,Low
1,1,0.95,1,0.9733333333333334,Urgent
0,0,0.0,0,0.03666666666666667,Low
0,0,0.0033333333333333335,0,0.043333333333333335,Low
0,0,0.06,0,0.24333333333333335,Low
0,0,0.12333333333333334,0,0.11333333333333333,Low
0,0,0.016666666666666666,0,0.03333333333333333,Low
0,0,0.016666666666666666,0,0.22,Low
0,0,0.0,0,0.006666666666666667,Low
0,0,0.023333333333333334,0,0.10333333333333333,Low
1,1,0.8366666666666667,1,0.88,Urgent
0,0,0.0,0,0.06333333333333334,Low
0,0,0.0,0,0.016666666666666666,Low
1,1,0.9833333333333333,1,0.6466666666666666,High
0,0,0.0,0,0.0033333333333333335,Low
0,0,0.016666666666666666,0,0.06,Low
1,1,0.8466666666666667,1,0.5666666666666667,Moderate
0,0,0.0,0,0.03333333333333333,Low
0,0,0.0,0,0.013333333333333334,Low
1,1,0.8233333333333334,0,0.43666666666666665,Moderate
0,0,0.0,0,0.10333333333333333,Low
0,0,0.0,0,0.0033333333333333335,Low
1,1,0.9666666666666667,1,0.5966666666666667,Moderate
0,0,0.0,0,0.01,Low
0,0,0.0033333333333333335,0,0.0033333333333333335,Low
1,1,0.9733333333333334,1,0.6066666666666667,High
0,0,0.0,0,0.0,Low
0,0,0.023333333333333334,0,0.03333333333333333,Low
1,1,0.98,1,0.8266666666666667,High
0,0,0.0,0,0.04666666666666667,Low
0,0,0.0,0,0.0,Low
1,1,0.9633333333333334,1,0.6666666666666666,High
0,0,0.0,0,0.02,Low
0,0,0.0,0,0.006666666666666667,Low
1,1,0.9733333333333334,1,0.7,High
0,0,0.0,0,0.016666666666666666,Low
0,0,0.0033333333333333335,0,0.016666666666666666,Low
1,1,0.9666666666666667,1,0.7266666666666667,High
0,0,0.0,0,0.016666666666666666,Low
0,0,0.0,0,0.013333333333333334,Low
1,1,0.9133333333333333,1,0.5833333333333334,Moderate
0,0,0.0,0,0.006666666666666667,Low
0,0,0.0033333333333333335,0,0.006666666666666667,Low
1,1,0.9733333333333334,1,0.6366666666666667,High
0,0,0.0,0,0.016666666666666666,Low
0,0,0.0,0,0.02666666666666667,Low
1,1,0.9866666666666667,1,0.8833333333333333,Urgent
0,0,0.0,0,0.043333333333333335,Low
0,0,0.0,0,0.0033333333333333335,Low
1,1,0.9833333333333333,1,0.6566666666666666,High
0,0,0.0,0,0.01,Low
0,0,0.0,0,0.006666666666666667,Low
1,1,0.9066666666666666,1,0.5966666666666667,Moderate
0,0,0.0,0,0.006666666666666667,Low
0,0,0.01,0,0.023333333333333334,Low
1,1,0.99,1,0.8366666666666667,High
0,0,0.0,0,0.013333333333333334,Low
0,0,0.0,0,0.0033333333333333335,Low
1,1,0.9133333333333333,1,0.57,Moderate
0,0,0.0,0,0.01,Low
0,0,0.0033333333333333335,0,0.013333333333333334,Low
1,1,0.99,1,0.79,High
0,0,0.0,0,0.023333333333333334,Low
0,0,0.0,0,0.013333333333333334,Low
1,1,1.0,1,0.86,Urgent
0,0,0.0,0,0.006666666666666667,Low
1,1,0.9833333333333333,1,0.68,High
0,0,0.0,0,0.01,Low
0,0,0.0,0,0.0033333333333333335,Low
1,1,0.9866666666666667,1,0.6366666666666667,High
0,0,0.0,0,0.023333333333333334,Low
0,0,0.0033333333333333335,0,0.02666666666666667,Low
1,1,0.9966666666666667,1,0.85,High
0,0,0.0,0,0.01,Low
0,0,0.0,0,0.01,Low
1,1,0.9866666666666667,1,0.64,High
0,0,0.0,0,0.013333333333333334,Low
0,0,0.0,0,0.01,Low
1,1,0.9333333333333333,1,0.6033333333333334,High
0,0,0.0,0,0.006666666666666667,Low
0,0,0.0,0,0.01,Low
1,1,0.97,0,0.2866666666666667,Low
1,1,0.9766666666666667,1,0.9433333333333334,Urgent
0,0,0.0,0,0.0,Low
1,1,0.9933333333333333,1,0.7266666666666667,High
0,0,0.0,0,0.01,Low
0,0,0.01,0,0.006666666666666667,Low
1,1,0.98,1,0.67,High
0,0,0.0,0,0.013333333333333334,Low
0,0,0.0033333333333333335,0,0.02,Low
1,1,1.0,1,0.7833333333333333,High
0,0,0.0,0,0.013333333333333334,Low
0,0,0.01,0,0.02,Low
1,1,0.99,1,0.51,Moderate
1,1,0.7066666666666667,1,0.65,High
0,0,0.36333333333333334,1,0.8066666666666666,High
0,0,0.0,0,0.02,Low
0,0,0.0033333333333333335,0,0.0033333333333333335,Low
1,1,0.98,1,0.8966666666666666,Urgent
1,1,0.9433333333333334,1,0.6633333333333333,High
0,0,0.22333333333333333,1,0.68,High
0,0,0.0,0,0.01,Low
1,1,0.9933333333333333,1,0.78,High
0,0,0.0,0,0.013333333333333334,Low
0,0,0.0,0,0.0033333333333333335,Low
1,1,0.9566666666666667,1,0.5966666666666667,Moderate
0,0,0.0,0,0.01,Low
1,1,0.9233333333333333,0,0.3433333333333333,Low
1,1,1.0,1,0.9766666666666667,Urgent
0,0,0.0,0,0.0033333333333333335,Low
1,1,0.9933333333333333,1,0.8966666666666666,Urgent
0,0,0.0,0,0.016666666666666666,Low
0,0,0.0,0,0.016666666666666666,Low
1,1,0.9466666666666667,1,0.6366666666666667,High
0,0,0.0,0,0.006666666666666667,Low
0,0,0.006666666666666667,0,0.006666666666666667,Low
1,1,0.9966666666666667,1,0.86,Urgent
0,0,0.0,0,0.006666666666666667,Low
1,1,0.8533333333333334,0,0.25333333333333335,Low
1,1,0.9933333333333333,1,0.7866666666666666,High
0,0,0.0,0,0.006666666666666667,Low
1,1,0.9966666666666667,1,0.8633333333333333,Urgent
0,0,0.0,0,0.01,Low
1,1,0.9566666666666667,1,0.98,Urgent
0,0,0.0,0,0.0033333333333333335,Low
1,1,0.9933333333333333,1,0.86,Urgent
0,0,0.0,0,0.01,Low
0,0,0.0,0,0.03666666666666667,Low
1,1,0.8533333333333334,1,0.6033333333333334,High
0,0,0.0,0,0.06333333333333334,Low
0,0,0.0,0,0.0033333333333333335,Low
1,1,0.9933333333333333,1,0.6433333333333333,High
0,0,0.0,0,0.0,Low
1,1,0.95,1,0.63,High
0,0,0.0,0,0.006666666666666667,Low
0,0,0.0,0,0.006666666666666667,Low
1,1,0.9833333333333333,1,0.9033333333333333,Urgent
1,1,0.9233333333333333,1,0.9333333333333333,Urgent
0,0,0.39,1,0.8933333333333333,Urgent
0,0,0.0,0,0.01,Low
1,1,0.97,1,0.6433333333333333,High
0,0,0.0,0,0.01,Low
0,0,0.0,0,0.02,Low
1,1,0.9833333333333333,1,0.9166666666666666,Urgent
1,1,0.9066666666666666,1,0.78,High
0,0,0.22666666666666666,1,0.5433333333333333,Moderate
0,0,0.0033333333333333335,0,0.02,Low
1,1,0.9966666666666667,1,0.89,Urgent
0,0,0.0,0,0.006666666666666667,Low
1,1,0.92,1,0.96,Urgent
0,0,0.006666666666666667,0,0.023333333333333334,Low
1,1,0.9766666666666667,1,0.95,Urgent
0,0,0.0,0,0.006666666666666667,Low
0,0,0.0,0,0.02666666666666667,Low
1,1,0.9566666666666667,1,0.68,High
0,0,0.0,0,0.04,Low
0,0,0.0,0,0.02666666666666667,Low
1,1,0.9633333333333334,1,0.6333333333333333,High
0,0,0.0033333333333333335,0,0.01,Low
0,0,0.013333333333333334,0,0.01,Low
1,1,0.9866666666666667,1,0.7466666666666667,High
0,0,0.0,0,0.01,Low
0,0,0.0033333333333333335,0,0.01,Low
1,1,0.99,1,0.7766666666666666,High
0,0,0.0,0,0.016666666666666666,Low
0,0,0.0033333333333333335,0,0.01,Low
1,1,0.9633333333333334,1,0.5866666666666667,Moderate
0,0,0.0,0,0.01,Low
0,0,0.0,0,0.01,Low
1,1,0.9133333333333333,1,0.6,Moderate
0,0,0.0033333333333333335,0,0.09666666666666666,Low
0,0,0.006666666666666667,0,0.01,Low
1,1,0.9033333333333333,0,0.43666666666666665,Moderate
0,0,0.07,0,0.15,Low
0,0,0.0,0,0.03333333333333333,Low
0,0,0.0,0,0.02666666666666667,Low
0,0,0.0,0,0.04666666666666667,Low
0,0,0.0,0,0.016666666666666666,Low
0,0,0.0,0,0.03333333333333333,Low
0,0,0.0,0,0.043333333333333335,Low
0,0,0.0,0,0.04,Low
1,1,0.9333333333333333,1,0.6033333333333334,High
0,0,0.0,0,0.006666666666666667,Low
1,1,0.9966666666666667,1,0.9933333333333333,Urgent
0,0,0.0,0,0.0,Low
1,1,0.9966666666666667,1,0.75,High
0,0,0.0,0,0.006666666666666667,Low
1,1,0.9033333333333333,0,0.45,Moderate
1,1,0.9966666666666667,1,1.0,Urgent
0,0,0.0,0,0.0,Low
1,1,0.9966666666666667,1,0.75,High
0,0,0.0,0,0.01,Low
1,1,0.99,1,0.99,Urgent
0,0,0.0,0,0.006666666666666667,Low
1,1,0.9966666666666667,1,0.8733333333333333,Urgent
0,0,0.0,0,0.006666666666666667,Low
0,0,0.0,0,0.013333333333333334,Low
1,1,0.81,0,0.32,Low
1,1,0.9266666666666666,1,0.71,High
0,0,0.0,0,0.006666666666666667,Low
1,1,0.9966666666666667,1,0.8833333333333333,Urgent
0,0,0.0,0,0.0,Low
1,1,0.8633333333333333,0,0.28,Low
1,1,0.9866666666666667,1,0.88,Urgent
0,0,0.0,0,0.006666666666666667,Low
0,0,0.0,0,0.04666666666666667,Low
0,0,0.0,0,0.04666666666666667,Low
1,1,0.8966666666666666,1,0.7533333333333333,High
1,1,0.9233333333333333,1,0.8466666666666667,High
0,0,0.2733333333333333,1,0.59,Moderate
0,0,0.0033333333333333335,0,0.0,Low
1,1,0.9966666666666667,1,0.79,High
0,0,0.0,0,0.0,Low
1,1,0.99,1,0.6466666666666666,High
0,0,0.0,0,0.006666666666666667,Low
1,1,0.8633333333333333,0,0.37333333333333335,Moderate
1,1,0.9966666666666667,1,0.85,High
0,0,0.0,0,0.0,Low
1,1,0.8666666666666667,0,0.22333333333333333,Low
1,1,0.9966666666666667,1,0.7733333333333333,High
0,0,0.0,0,0.006666666666666667,Low
1,1,0.9933333333333333,1,0.8833333333333333,Urgent
0,0,0.0033333333333333335,0,0.016666666666666666,Low
0,0,0.0,0,0.006666666666666667,Low
1,1,0.97,1,0.63,High
0,0,0.0,0,0.013333333333333334,Low
0,0,0.0033333333333333335,0,0.03333333333333333,Low
1,1,0.9366666666666666,1,0.85,High
1,1,0.93,1,0.6933333333333334,High
0,0,0.24666666666666667,1,0.6066666666666667,High
0,0,0.0033333333333333335,0,0.023333333333333334,Low
1,1,0.9933333333333333,1,0.9633333333333334,Urgent
0,0,0.0,0,0.0033333333333333335,Low
1,1,0.9466666666666667,1,0.6733333333333333,High
0,0,0.0,0,0.006666666666666667,Low
1,1,0.9166666666666666,0,0.34,Low
1,1,0.99,1,0.9233333333333333,Urgent
0,0,0.0,0,0.006666666666666667,Low
1,1,1.0,1,0.89,Urgent
0,0,0.0,0,0.006666666666666667,Low
1,1,0.8966666666666666,1,0.69,High
0,0,0.0,0,0.14,Low
0,0,0.0,0,0.0,Low
1,1,0.9833333333333333,1,0.63,High
0,0,0.0,0,0.03666666666666667,Low
0,0,0.016666666666666666,0,0.016666666666666666,Low
1,1,0.9733333333333334,1,0.93,Urgent
1,1,0.94,1,0.9,Urgent
0,0,0.06333333333333334,0,0.18,Low
0,0,0.0,0,0.013333333333333334,Low
1,1,0.9733333333333334,1,0.64,High
0,0,0.0,0,0.01,Low
1,1,0.9066666666666666,1,0.58,Moderate
1,1,0.95,1,0.97,Urgent
0,0,0.006666666666666667,0,0.006666666666666667,Low
1,1,0.9966666666666667,1,0.8466666666666667,High
0,0,0.0,0,0.0033333333333333335,Low
1,1,0.93,1,0.9766666666666667,Urgent
0,0,0.0,0,0.0,Low
1,1,0.9833333333333333,1,0.72,High
0,0,0.0,0,0.01,Low
0,0,0.02,0,0.023333333333333334,Low
1,1,0.9233333333333333,1,0.6166666666666667,High
1,1,0.97,1,0.6733333333333333,High
0,0,0.0,0,0.013333333333333334,Low
1,1,1.0,1,0.89,Urgent
0,0,0.0,0,0.01,Low
0,0,0.006666666666666667,0,0.03333333333333333,Low
1,1,0.98,1,0.82,High
1,1,0.98,1,0.8766666666666667,Urgent
0,0,0.0,0,0.0033333333333333335,Low
1,1,0.8433333333333334,0,0.24,Low
1,1,1.0,1,0.9966666666666667,Urgent
0,0,0.0,0,0.016666666666666666,Low
1,1,0.9766666666666667,1,0.95,Urgent
0,0,0.0033333333333333335,0,0.02,Low
0,0,0.0,0,0.013333333333333334,Low
1,1,0.98,1,0.6533333333333333,High
0,0,0.0,0,0.023333333333333334,Low
0,0,0.006666666666666667,0,0.016666666666666666,Low
1,1,0.99,1,0.7733333333333333,High
0,0,0.0,0,0.0033333333333333335,Low
1,1,0.91,0,0.2966666666666667,Low
1,1,0.9966666666666667,1,0.96,Urgent
0,0,0.0,0,0.0,Low
1,1,0.9866666666666667,1,0.74,High
0,0,0.0,0,0.013333333333333334,Low
1,1,0.8566666666666667,1,0.5333333333333333,Moderate
1,1,0.9833333333333333,1,0.9733333333333334,Urgent
0,0,0.0033333333333333335,0,0.0,Low
1,1,0.97,1,0.8566666666666667,Urgent
0,0,0.0,0,0.0,Low
0,0,0.01,0,0.17333333333333334,Low
1,1,0.9366666666666666,1,0.6733333333333333,High
0,0,0.0,0,0.0,Low
1,1,0.9133333333333333,0,0.31666666666666665,Low
1,1,0.9833333333333333,1,0.9633333333333334,Urgent
0,0,0.0,0,0.0033333333333333335,Low
1,1,0.9966666666666667,1,0.8866666666666667,Urgent
0,0,0.0,0,0.0033333333333333335,Low
1,1,0.9666666666666667,0,0.24333333333333335,Low
1,1,1.0,1,0.88,Urgent
0,0,0.0,0,0.0,Low
1,1,0.9866666666666667,1,0.6333333333333333,High
0,0,0.0,0,0.01,Low
0,0,0.016666666666666666,0,0.04,Low
1,1,0.94,0,0.32666666666666666,Low
1,1,0.9866666666666667,1,0.8933333333333333,Urgent
0,0,0.0,0,0.016666666666666666,Low
1,1,0.9933333333333333,1,0.9666666666666667,Urgent
0,0,0.0,0,0.016666666666666666,Low
0,0,0.0,0,0.023333333333333334,Low
1,1,0.7833333333333333,0,0.37,Moderate
1,1,0.97,1,0.65,High
0,0,0.0,0,0.0,Low
1,1,0.9933333333333333,1,0.8,High
0,0,0.0,0,0.006666666666666667,Low
0,0,0.016666666666666666,0,0.02666666666666667,Low
1,1,0.87,0,0.42,Moderate
1,1,0.9766666666666667,1,0.6333333333333333,High
0,0,0.0,0,0.0,Low
1,1,0.99,1,0.77,High
0,0,0.0,0,0.016666666666666666,Low
0,0,0.013333333333333334,0,0.023333333333333334,Low
1,1,0.9033333333333333,0,0.4033333333333333,Moderate
1,1,0.9866666666666667,1,0.7033333333333334,High
0,0,0.0,0,0.01,Low
1,1,0.9966666666666667,1,0.9033333333333333,Urgent
0,0,0.0,0,0.006666666666666667,Low
1,1,0.9833333333333333,1,0.67,High
0,0,0.006666666666666667,0,0.02,Low
0,0,0.006666666666666667,0,0.006666666666666667,Low
1,1,0.9633333333333334,1,0.6133333333333333,High
0,0,0.0,0,0.013333333333333334,Low
0,0,0.0,0,0.006666666666666667,Low
1,1,0.9333333333333333,0,0.16333333333333333,Low
1,1,1.0,1,0.8866666666666667,Urgent
0,0,0.0,0,0.0,Low
1,1,1.0,1,0.69,High
0,0,0.0,0,0.01,Low
1,1,0.9766666666666667,1,0.9033333333333333,Urgent
1,1,0.9466666666666667,1,0.8233333333333334,High
0,0,0.37333333333333335,0,0.43666666666666665,Moderate
0,0,0.023333333333333334,0,0.07,Low
1,1,0.9833333333333333,1,0.9633333333333334,Urgent
0,0,0.0,0,0.01,Low
0,0,0.0,0,0.013333333333333334,Low
1,1,0.97,1,0.64,High
0,0,0.0,0,0.016666666666666666,Low
0,0,0.0033333333333333335,0,0.006666666666666667,Low
1,1,0.9933333333333333,1,0.7133333333333334,High
0,0,0.0,0,0.006666666666666667,Low
0,0,0.013333333333333334,0,0.013333333333333334,Low
1,1,0.9666666666666667,1,0.75,High
0,0,0.0,0,0.013333333333333334,Low
0,0,0.0033333333333333335,0,0.04,Low
1,1,0.8466666666666667,1,0.55,Moderate
0,0,0.0,0,0.08333333333333333,Low
0,0,0.0,0,0.006666666666666667,Low
1,1,0.9866666666666667,1,0.7033333333333334,High
0,0,0.0,0,0.006666666666666667,Low
0,0,0.01,0,0.016666666666666666,Low
1,1,0.85,0,0.3,Low
0,0,0.08,0,0.19666666666666666,Low
1,1,1.0,1,0.9866666666666667,Urgent
0,0,0.0,0,0.0033333333333333335,Low
1,1,1.0,1,0.8933333333333333,Urgent
0,0,0.0,0,0.006666666666666667,Low
1,1,0.9933333333333333,1,0.9933333333333333,Urgent
0,0,0.0,0,0.0,Low
1,1,0.9766666666666667,1,0.6433333333333333,High
0,0,0.0,0,0.006666666666666667,Low
0,0,0.38333333333333336,1,0.5966666666666667,Moderate
0,0,0.006666666666666667,0,0.0033333333333333335,Low
0,0,0.023333333333333334,0,0.016666666666666666,Low
0,0,0.03,0,0.006666666666666667,Low
0,1,0.5333333333333333,0,0.44,Moderate
0,0,0.013333333333333334,0,0.006666666666666667,Low
0,1,0.5633333333333334,1,0.5033333333333333,Moderate
0,0,0.01,0,0.006666666666666667,Low
0,0,0.023333333333333334,0,0.01,Low
0,0,0.17666666666666667,0,0.02,Low
0,0,0.04,0,0.03,Low
0,0,0.47,1,0.73,High
0,1,0.5133333333333333,1,0.8833333333333333,Urgent
0,0,0.05,0,0.14,Low
0,0,0.01,0,0.0033333333333333335,Low
0,0,0.023333333333333334,0,0.023333333333333334,Low
0,0,0.016666666666666666,0,0.01,Low
0,0,0.023333333333333334,0,0.24333333333333335,Low
0,0,0.006666666666666667,0,0.0033333333333333335,Low
0,0,0.01,0,0.006666666666666667,Low
0,1,0.6233333333333333,0,0.4533333333333333,Moderate
0,0,0.016666666666666666,0,0.04666666666666667,Low
0,0,0.05333333333333334,0,0.24666666666666667,Low
0,0,0.02,0,0.006666666666666667,Low
0,0,0.07,1,0.5966666666666667,Moderate
0,0,0.01,0,0.12333333333333334,Low
0,0,0.01,0,0.006666666666666667,Low
0,0,0.42,0,0.16333333333333333,Low
0,0,0.013333333333333334,0,0.0033333333333333335,Low
0,0,0.03666666666666667,0,0.023333333333333334,Low
0,0,0.12666666666666668,0,0.07333333333333333,Low
0,0,0.013333333333333334,0,0.056666666666666664,Low
0,0,0.02,0,0.09,Low
0,0,0.0033333333333333335,0,0.0033333333333333335,Low
0,0,0.013333333333333334,0,0.006666666666666667,Low
0,0,0.03,0,0.0033333333333333335,Low
0,0,0.35,0,0.19,Low
0,0,0.04666666666666667,0,0.0033333333333333335,Low
0,0,0.03333333333333333,0,0.013333333333333334,Low
0,0,0.05333333333333334,0,0.33,Low
0,0,0.016666666666666666,0,0.0033333333333333335,Low
0,1,0.6833333333333333,1,0.96,Urgent
0,0,0.03666666666666667,0,0.013333333333333334,Low
0,0,0.0033333333333333335,0,0.0033333333333333335,Low
0,0,0.01,0,0.0033333333333333335,Low
0,0,0.013333333333333334,0,0.0033333333333333335,Low
1,1,0.87,1,0.5433333333333333,Moderate
0,0,0.0,0,0.0,Low
0,0,0.02,0,0.006666666666666667,Low
0,0,0.3566666666666667,0,0.44,Moderate
0,0,0.006666666666666667,0,0.0033333333333333335,Low
0,0,0.06666666666666667,0,0.4066666666666667,Moderate
0,0,0.0033333333333333335,0,0.0,Low
0,0,0.01,0,0.0,Low
0,0,0.006666666666666667,0,0.0,Low
0,0,0.03333333333333333,0,0.0033333333333333335,Low
0,0,0.01,0,0.0033333333333333335,Low
0,0,0.01,0,0.0033333333333333335,Low
0,0,0.013333333333333334,0,0.0,Low
0,0,0.016666666666666666,0,0.0,Low
0,0,0.023333333333333334,0,0.0033333333333333335,Low
0,0,0.056666666666666664,0,0.02666666666666667,Low
0,0,0.043333333333333335,0,0.0,Low
0,0,0.006666666666666667,0,0.0,Low
0,0,0.3,1,0.8366666666666667,High
0,0,0.0,0,0.0,Low
0,0,0.016666666666666666,0,0.36666666666666664,Moderate
0,0,0.02,0,0.0033333333333333335,Low
0,0,0.4066666666666667,0,0.4033333333333333,Moderate
0,0,0.10333333333333333,1,0.7133333333333334,High
0,0,0.03333333333333333,0,0.0,Low
0,0,0.01,0,0.0,Low
0,0,0.26666666666666666,1,0.8066666666666666,High
0,0,0.013333333333333334,0,0.0033333333333333335,Low
0,0,0.006666666666666667,0,0.013333333333333334,Low
0,0,0.46,0,0.42,Moderate
0,0,0.02,0,0.0033333333333333335,Low
0,0,0.09333333333333334,0,0.01,Low
0,0,0.016666666666666666,0,0.0,Low
0,0,0.41333333333333333,0,0.44333333333333336,Moderate
0,0,0.02666666666666667,0,0.0033333333333333335,Low
0,0,0.0033333333333333335,0,0.0,Low
0,0,0.11666666666666667,1,0.6066666666666667,High
0,0,0.07333333333333333,0,0.01,Low
1,1,1.0,1,0.84,High
0,0,0.0,0,0.0,Low
0,0,0.023333333333333334,0,0.0,Low
0,0,0.02,0,0.0033333333333333335,Low
0,1,0.6166666666666667,1,0.7066666666666667,High
0,0,0.016666666666666666,0,0.0,Low
0,0,0.06333333333333334,0,0.26,Low
0,0,0.07666666666666666,0,0.02,Low
0,0,0.4166666666666667,0,0.42333333333333334,Moderate
0,0,0.016666666666666666,0,0.006666666666666667,Low
0,0,0.44666666666666666,0,0.31666666666666665,Low
0,0,0.023333333333333334,0,0.0,Low
1,1,0.9966666666666667,1,0.75,High
0,0,0.06333333333333334,0,0.013333333333333334,Low
0,0,0.01,0,0.016666666666666666,Low
1,1,0.9966666666666667,1,0.6833333333333333,High
0,0,0.03333333333333333,0,0.013333333333333334,Low
0,0,0.013333333333333334,0,0.0033333333333333335,Low
0,0,0.0033333333333333335,0,0.0,Low
0,0,0.11666666666666667,0,0.01,Low
0,0,0.04666666666666667,0,0.013333333333333334,Low
0,0,0.38,1,0.88,Urgent
0,0,0.01,0,0.0,Low
0,0,0.006666666666666667,0,0.0,Low
0,0,0.016666666666666666,0,0.0033333333333333335,Low
0,0,0.31666666666666665,0,0.39,Moderate
0,0,0.006666666666666667,0,0.0,Low
0,0,0.0033333333333333335,0,0.0,Low
0,0,0.07666666666666666,0,0.02666666666666667,Low
0,0,0.0033333333333333335,0,0.15333333333333332,Low
0,0,0.03,0,0.09333333333333334,Low
0,0,0.07333333333333333,0,0.03,Low
1,1,0.9933333333333333,1,0.8233333333333334,High
0,0,0.0033333333333333335,0,0.0,Low
0,0,0.013333333333333334,0,0.0,Low
1,1,0.98,1,0.7466666666666667,High
0,0,0.0,0,0.0,Low
0,0,0.013333333333333334,0,0.15333333333333332,Low
1,1,0.99,1,1.0,Urgent
0,0,0.023333333333333334,0,0.0,Low
0,0,0.22,0,0.25,Low
1,1,0.9333333333333333,1,0.6,Moderate
0,0,0.08666666666666667,1,0.51,Moderate
0,0,0.0033333333333333335,0,0.006666666666666667,Low
1,1,0.9733333333333334,1,0.97,Urgent
0,1,0.8,1,0.53,Moderate
0,0,0.07,0,0.06666666666666667,Low
0,0,0.006666666666666667,0,0.0,Low
0,0,0.0,0,0.0,Low
0,0,0.20666666666666667,0,0.14333333333333334,Low
0,0,0.02,0,0.0,Low
0,0,0.42,0,0.38,Moderate
0,0,0.01,0,0.0033333333333333335,Low
0,0,0.07666666666666666,0,0.0033333333333333335,Low
0,0,0.03,0,0.0033333333333333335,Low
0,0,0.04666666666666667,0,0.01,Low
0,0,0.35,0,0.3233333333333333,Low
0,0,0.02,0,0.01,Low
0,0,0.0,0,0.0,Low
0,0,0.0,0,0.10666666666666667,Low
0,0,0.01,0,0.0,Low
0,0,0.0,0,0.0,Low
0,0,0.11333333333333333,1,0.68,High
0,0,0.0033333333333333335,0,0.0033333333333333335,Low
0,0,0.0033333333333333335,0,0.0,Low
0,0,0.3933333333333333,1,0.8666666666666667,Urgent
0,0,0.0,0,0.01,Low
0,1,0.6166666666666667,1,0.9,Urgent
0,0,0.02,0,0.0,Low
0,0,0.04666666666666667,0,0.15,Low
0,0,0.02,0,0.0033333333333333335,Low
0,0,0.24333333333333335,0,0.24333333333333335,Low
0,0,0.013333333333333334,0,0.0,Low
0,0,0.0,0,0.03666666666666667,Low
0,0,0.0,0,0.0,Low
0,0,0.0,0,0.0,Low
0,0,0.11666666666666667,1,0.7033333333333334,High
0,0,0.02666666666666667,1,0.53,Moderate
0,0,0.20333333333333334,0,0.2733333333333333,Low
0,0,0.01,0,0.03,Low
0,0,0.06666666666666667,0,0.006666666666666667,Low
0,0,0.0,0,0.0033333333333333335,Low
0,0,0.01,0,0.0033333333333333335,Low
0,0,0.29,0,0.4066666666666667,Moderate
0,0,0.01,0,0.0,Low
0,0,0.006666666666666667,0,0.0,Low
0,0,0.0,0,0.0,Low
0,0,0.10666666666666667,0,0.06,Low
0,0,0.043333333333333335,0,0.01,Low
0,0,0.03,0,0.023333333333333334,Low
0,0,0.023333333333333334,1,0.5733333333333334,Moderate
0,0,0.21333333333333335,0,0.44666666666666666,Moderate
0,0,0.02666666666666667,0,0.22,Low
0,0,0.013333333333333334,0,0.0,Low
0,0,0.2633333333333333,1,0.7866666666666666,High
0,0,0.04,0,0.006666666666666667,Low
0,0,0.13333333333333333,0,0.36333333333333334,Moderate
0,0,0.0,0,0.0,Low
0,0,0.0,0,0.0,Low
0,0,0.02,0,0.0,Low
0,0,0.02666666666666667,0,0.33,Low
0,0,0.0,0,0.0,Low
0,0,0.0,0,0.0033333333333333335,Low
0,0,0.0,0,0.0,Low
0,0,0.0,0,0.023333333333333334,Low
0,0,0.01,0,0.006666666666666667,Low
0,1,0.5633333333333334,1,0.9133333333333333,Urgent
0,0,0.0,0,0.0,Low
0,0,0.0,0,0.006666666666666667,Low
0,0,0.0033333333333333335,0,0.0,Low
0,0,0.023333333333333334,0,0.0,Low
0,0,0.0,0,0.01,Low
0,0,0.37333333333333335,1,0.91,Urgent
0,0,0.0,0,0.0,Low
0,0,0.013333333333333334,0,0.0,Low
0,0,0.01,0,0.0,Low
0,0,0.0,0,0.0,Low
0,0,0.09666666666666666,0,0.03,Low
0,0,0.0,0,0.0,Low
0,0,0.013333333333333334,0,0.08666666666666667,Low
0,0,0.0033333333333333335,0,0.013333333333333334,Low
1,1,0.9966666666666667,1,0.7166666666666667,High
0,0,0.013333333333333334,0,0.0,Low
0,0,0.006666666666666667,0,0.0,Low
0,0,0.0,0,0.38,Moderate
0,0,0.0,0,0.0,Low
0,0,0.2,1,0.56,Moderate
0,0,0.0,0,0.0,Low
0,0,0.02,0,0.0,Low
0,0,0.016666666666666666,0,0.0,Low
0,0,0.04666666666666667,0,0.22333333333333333,Low
0,0,0.01,0,0.006666666666666667,Low
0,0,0.006666666666666667,0,0.0,Low
0,1,0.65,0,0.36333333333333334,Moderate
0,0,0.023333333333333334,0,0.0033333333333333335,Low
0,0,0.20666666666666667,0,0.14666666666666667,Low
0,0,0.0033333333333333335,0,0.0,Low
0,0,0.0033333333333333335,0,0.016666666666666666,Low
0,0,0.0,0,0.0,Low
0,0,0.0,0,0.0033333333333333335,Low
0,0,0.12,0,0.20333333333333334,Low
0,0,0.07333333333333333,0,0.07,Low
0,0,0.0,0,0.0,Low
0,0,0.0,0,0.38,Moderate
0,0,0.006666666666666667,0,0.0,Low
0,0,0.01,0,0.0,Low
0,0,0.02,0,0.14666666666666667,Low
0,0,0.0,0,0.0,Low
0,0,0.19333333333333333,0,0.12666666666666668,Low
0,0,0.0,0,0.0,Low
0,0,0.03,0,0.03,Low
0,0,0.006666666666666667,0,0.0,Low
0,0,0.01,0,0.0033333333333333335,Low
0,1,0.73,1,0.7966666666666666,High
0,0,0.0,0,0.0,Low
0,0,0.12,0,0.02666666666666667,Low
0,0,0.0,0,0.0,Low
0,0,0.0,0,0.0,Low
0,0,0.02,0,0.0,Low
0,0,0.016666666666666666,0,0.0,Low
0,0,0.0,0,0.0,Low
0,0,0.0,0,0.0,Low
0,0,0.0033333333333333335,0,0.0,Low
0,0,0.03333333333333333,0,0.17666666666666667,Low
0,0,0.0033333333333333335,0,0.013333333333333334,Low
0,0,0.006666666666666667,0,0.0,Low
0,0,0.013333333333333334,0,0.0,Low
0,0,0.043333333333333335,0,0.01,Low
0,0,0.02,0,0.15333333333333332,Low
0,0,0.006666666666666667,0,0.0,Low
0,0,0.016666666666666666,0,0.4533333333333333,Moderate
0,0,0.03666666666666667,0,0.01,Low
0,1,0.6966666666666667,1,0.5466666666666666,Moderate
0,0,0.10666666666666667,0,0.01,Low
0,0,0.15,0,0.04666666666666667,Low
0,0,0.29333333333333333,0,0.05333333333333334,Low
0,0,0.03333333333333333,0,0.0,Low
0,0,0.20666666666666667,0,0.02666666666666667,Low
0,0,0.22666666666666666,0,0.18333333333333332,Low
0,0,0.09,0,0.02,Low
0,0,0.07,0,0.013333333333333334,Low
0,0,0.04666666666666667,0,0.01,Low
0,0,0.0,0,0.0,Low
0,0,0.05333333333333334,0,0.0033333333333333335,Low
0,0,0.13,0,0.02666666666666667,Low
0,0,0.32,0,0.14666666666666667,Low
0,0,0.11,0,0.023333333333333334,Low
0,0,0.023333333333333334,0,0.01,Low
0,1,0.73,1,0.53,Moderate
0,0,0.043333333333333335,0,0.0,Low
0,0,0.013333333333333334,0,0.006666666666666667,Low
0,0,0.10666666666666667,0,0.013333333333333334,Low
0,0,0.013333333333333334,0,0.006666666666666667,Low
1,1,0.9933333333333333,1,1.0,Urgent
0,0,0.013333333333333334,0,0.0,Low
0,0,0.0033333333333333335,0,0.0,Low
0,0,0.15,0,0.36333333333333334,Moderate
0,0,0.02666666666666667,0,0.016666666666666666,Low
0,0,0.0033333333333333335,0,0.0,Low
0,0,0.013333333333333334,0,0.013333333333333334,Low
0,0,0.006666666666666667,0,0.17,Low
0,0,0.013333333333333334,0,0.12666666666666668,Low
0,0,0.02,0,0.0033333333333333335,Low
0,0,0.0,0,0.0,Low
0,0,0.03333333333333333,0,0.0,Low
0,0,0.4533333333333333,0,0.23666666666666666,Low
0,0,0.02666666666666667,0,0.3466666666666667,Low
0,0,0.02666666666666667,0,0.0033333333333333335,Low
1,1,1.0,1,0.9933333333333333,Urgent
0,0,0.0,0,0.0,Low
0,0,0.03,0,0.016666666666666666,Low
0,0,0.0,0,0.0,Low
0,0,0.0033333333333333335,0,0.0,Low
0,0,0.0033333333333333335,0,0.006666666666666667,Low
0,0,0.23,0,0.32666666666666666,Low
0,0,0.0,0,0.0,Low
0,0,0.33,1,0.7933333333333333,High
0,0,0.0,0,0.0,Low
0,0,0.0,0,0.0,Low
0,0,0.0,0,0.0,Low
0,0,0.24333333333333335,0,0.4666666666666667,Moderate
0,0,0.006666666666666667,0,0.23333333333333334,Low
0,0,0.006666666666666667,0,0.0033333333333333335,Low
0,0,0.006666666666666667,0,0.0,Low
0,0,0.05333333333333334,0,0.04666666666666667,Low
0,0,0.0,0,0.0,Low
0,0,0.02666666666666667,0,0.006666666666666667,Low
0,1,0.54,1,0.92,Urgent
0,0,0.02,0,0.0,Low
0,0,0.006666666666666667,0,0.0,Low
0,0,0.05,0,0.07,Low
0,0,0.0,0,0.0,Low
0,0,0.0,0,0.23666666666666666,Low
0,0,0.0033333333333333335,0,0.0,Low
0,0,0.0,0,0.08,Low
0,0,0.0,0,0.0,Low
0,0,0.02666666666666667,1,0.6266666666666667,High
0,0,0.31,1,0.8466666666666667,High
0,1,0.5133333333333333,1,0.9,Urgent
0,0,0.006666666666666667,0,0.0,Low
0,0,0.0,0,0.0033333333333333335,Low
0,0,0.43,0,0.44666666666666666,Moderate
0,0,0.056666666666666664,0,0.03333333333333333,Low
0,0,0.01,0,0.0,Low
0,0,0.01,0,0.0,Low
0,0,0.006666666666666667,0,0.0,Low
0,0,0.013333333333333334,0,0.02,Low
0,0,0.43666666666666665,1,0.6133333333333333,High
0,0,0.0,0,0.08,Low
0,0,0.016666666666666666,0,0.0,Low
0,0,0.0,0,0.0,Low
0,0,0.01,0,0.043333333333333335,Low
0,0,0.013333333333333334,0,0.0,Low
0,0,0.006666666666666667,0,0.0,Low
0,0,0.0,0,0.33666666666666667,Low
0,0,0.0,0,0.0,Low
0,0,0.24333333333333335,0,0.2633333333333333,Low
0,0,0.0,0,0.0,Low
0,0,0.0,0,0.0,Low
0,0,0.0,0,0.0,Low
0,0,0.016666666666666666,0,0.0,Low
0,0,0.4266666666666667,1,0.6333333333333333,High
0,0,0.01,0,0.0,Low
0,1,0.64,0,0.5,Moderate
0,0,0.023333333333333334,0,0.0033333333333333335,Low
0,0,0.0,0,0.0,Low
0,0,0.0,0,0.013333333333333334,Low
1,1,0.9866666666666667,1,0.9933333333333333,Urgent
0,0,0.043333333333333335,0,0.016666666666666666,Low
0,0,0.32,0,0.3333333333333333,Low
0,0,0.0033333333333333335,0,0.0,Low
0,0,0.08,0,0.11333333333333333,Low
0,0,0.0,0,0.0,Low
0,0,0.31333333333333335,1,0.87,Urgent
0,0,0.02,0,0.03333333333333333,Low
0,0,0.0,0,0.0,Low
0,0,0.13666666666666666,0,0.03666666666666667,Low
0,0,0.006666666666666667,0,0.0,Low
0,0,0.08,0,0.06333333333333334,Low
0,0,0.006666666666666667,0,0.0,Low
0,0,0.0,0,0.0,Low
0,0,0.26666666666666666,0,0.38666666666666666,Moderate
0,0,0.0033333333333333335,0,0.0,Low
0,0,0.21,0,0.3466666666666667,Low
0,0,0.013333333333333334,0,0.016666666666666666,Low
0,0,0.006666666666666667,0,0.0,Low
0,0,0.06,0,0.006666666666666667,Low
0,0,0.0033333333333333335,0,0.0033333333333333335,Low
0,0,0.25333333333333335,0,0.29333333333333333,Low
0,0,0.0033333333333333335,0,0.0,Low
0,0,0.0,0,0.0,Low
0,0,0.03666666666666667,1,0.6133333333333333,High
0,0,0.006666666666666667,0,0.0033333333333333335,Low
0,0,0.0,0,0.0,Low
0,0,0.0,0,0.0,Low
0,0,0.0,0,0.0,Low
0,0,0.0,0,0.0033333333333333335,Low
0,0,0.43333333333333335,1,0.8133333333333334,High
0,1,0.51,1,0.9166666666666666,Urgent
0,0,0.0,0,0.0,Low
0,0,0.02,0,0.0,Low
0,0,0.02666666666666667,0,0.006666666666666667,Low
0,0,0.0033333333333333335,0,0.0033333333333333335,Low
0,0,0.006666666666666667,0,0.0033333333333333335,Low
0,0,0.0,0,0.0,Low
0,0,0.0,0,0.0,Low
0,0,0.006666666666666667,0,0.0,Low
0,0,0.01,0,0.0033333333333333335,Low
0,0,0.0033333333333333335,0,0.0,Low
0,0,0.01,0,0.0033333333333333335,Low
0,0,0.0033333333333333335,0,0.0,Low
0,0,0.006666666666666667,0,0.0033333333333333335,Low
0,0,0.016666666666666666,0,0.05333333333333334,Low
0,0,0.0,0,0.006666666666666667,Low
0,0,0.0,0,0.0,Low
0,0,0.006666666666666667,0,0.0,Low
0,0,0.0033333333333333335,0,0.03333333333333333,Low
0,0,0.0,0,0.0,Low
0,0,0.08666666666666667,0,0.01,Low
0,0,0.0,0,0.0,Low
0,0,0.33,0,0.20333333333333334,Low
0,0,0.013333333333333334,0,0.0,Low
0,0,0.01,0,0.0,Low
0,0,0.0033333333333333335,0,0.0,Low
0,0,0.21,0,0.14666666666666667,Low
0,0,0.0,0,0.0,Low
0,0,0.0,0,0.0,Low
0,0,0.0,0,0.0,Low
0,0,0.0033333333333333335,0,0.0,Low
0,0,0.13333333333333333,0,0.06,Low
0,0,0.0033333333333333335,0,0.0,Low
0,0,0.013333333333333334,0,0.0,Low
0,0,0.23333333333333334,0,0.31,Low
0,0,0.01,0,0.0,Low
0,0,0.023333333333333334,0,0.0033333333333333335,Low
0,0,0.14666666666666667,0,0.31,Low
0,0,0.013333333333333334,0,0.0033333333333333335,Low
0,0,0.006666666666666667,0,0.01,Low
0,0,0.0,0,0.006666666666666667,Low
1,1,1.0,1,0.54,Moderate
0,0,0.05,0,0.37,Moderate
0,0,0.006666666666666667,0,0.0,Low
0,0,0.006666666666666667,0,0.0,Low
0,0,0.48,0,0.4066666666666667,Moderate
0,0,0.013333333333333334,0,0.0,Low
0,0,0.006666666666666667,0,0.0,Low
0,0,0.19,0,0.16666666666666666,Low
0,0,0.006666666666666667,0,0.0033333333333333335,Low
0,0,0.03,0,0.06666666666666667,Low
0,0,0.0,0,0.0,Low
0,0,0.0033333333333333335,0,0.01,Low
0,0,0.0033333333333333335,0,0.0,Low
0,0,0.0,0,0.02,Low
0,0,0.0033333333333333335,0,0.20333333333333334,Low
0,0,0.16666666666666666,0,0.20333333333333334,Low
0,0,0.016666666666666666,0,0.0,Low
0,0,0.006666666666666667,0,0.0,Low
1,1,0.96,1,0.6733333333333333,High
0,0,0.006666666666666667,0,0.0,Low
0,0,0.023333333333333334,0,0.0033333333333333335,Low
0,0,0.03,0,0.01,Low
0,0,0.25333333333333335,0,0.13333333333333333,Low
0,0,0.02,0,0.16333333333333333,Low
0,0,0.013333333333333334,0,0.0033333333333333335,Low
0,0,0.016666666666666666,0,0.0,Low
0,0,0.01,0,0.0,Low
0,0,0.02,0,0.0033333333333333335,Low
0,0,0.043333333333333335,0,0.06,Low
0,0,0.023333333333333334,0,0.006666666666666667,Low
0,0,0.03,0,0.16333333333333333,Low
0,0,0.0,0,0.0,Low
0,0,0.0,0,0.0,Low
0,0,0.01,0,0.006666666666666667,Low
0,0,0.32666666666666666,0,0.17333333333333334,Low
0,0,0.0033333333333333335,0,0.24666666666666667,Low
0,0,0.006666666666666667,0,0.0,Low
0,0,0.30333333333333334,1,0.6133333333333333,High
0,0,0.01,0,0.0,Low
0,0,0.0,0,0.0,Low
0,0,0.016666666666666666,0,0.0033333333333333335,Low
0,0,0.26,0,0.37,Moderate
1,1,1.0,1,1.0,Urgent
0,0,0.02666666666666667,0,0.016666666666666666,Low
0,0,0.43666666666666665,0,0.35,Low
0,0,0.05333333333333334,0,0.03,Low
0,0,0.01,0,0.0,Low
0,0,0.46,0,0.3233333333333333,Low
0,0,0.05,0,0.006666666666666667,Low
0,0,0.02666666666666667,0,0.0033333333333333335,Low
0,0,0.2966666666666667,0,0.16333333333333333,Low
0,0,0.03,0,0.02,Low
0,0,0.0,0,0.0,Low
0,0,0.0,0,0.0,Low
1,1,1.0,1,0.71,High
0,0,0.0,0,0.0,Low
0,0,0.013333333333333334,0,0.0033333333333333335,Low
0,0,0.013333333333333334,0,0.0033333333333333335,Low
0,0,0.0,0,0.0,Low
0,0,0.05,0,0.006666666666666667,Low
0,0,0.006666666666666667,0,0.006666666666666667,Low
0,0,0.023333333333333334,0,0.006666666666666667,Low
0,0,0.03,0,0.006666666666666667,Low
0,0,0.006666666666666667,0,0.06666666666666667,Low
0,0,0.006666666666666667,0,0.0033333333333333335,Low
0,1,0.5366666666666666,0,0.46,Moderate
0,0,0.0,0,0.0,Low
0,0,0.006666666666666667,0,0.0,Low
0,0,0.13,1,0.6166666666666667,High
0,0,0.016666666666666666,0,0.0,Low
0,0,0.26666666666666666,0,0.14333333333333334,Low
0,0,0.03333333333333333,0,0.006666666666666667,Low
0,0,0.23333333333333334,1,0.79,High
0,0,0.006666666666666667,0,0.0,Low
0,0,0.0033333333333333335,0,0.013333333333333334,Low
0,0,0.29,0,0.2866666666666667,Low
0,0,0.016666666666666666,0,0.0,Low
0,0,0.0,0,0.0,Low
1,1,1.0,1,0.5766666666666667,Moderate
0,0,0.0,0,0.0,Low
0,0,0.13666666666666666,0,0.23333333333333334,Low
0,0,0.023333333333333334,0,0.0033333333333333335,Low
0,0,0.09666666666666666,0,0.07666666666666666,Low
0,0,0.12333333333333334,0,0.016666666666666666,Low
0,0,0.10666666666666667,1,0.67,High
0,0,0.02,0,0.0,Low
0,0,0.006666666666666667,0,0.0,Low
0,0,0.02,0,0.01,Low
0,0,0.18,0,0.13,Low
0,0,0.07333333333333333,0,0.006666666666666667,Low
0,0,0.0033333333333333335,0,0.0033333333333333335,Low
1,1,0.9966666666666667,1,0.6833333333333333,High
0,0,0.0033333333333333335,0,0.0,Low
0,0,0.11,0,0.43333333333333335,Moderate
0,0,0.0,0,0.0,Low
0,0,0.08,0,0.15666666666666668,Low
0,0,0.0,0,0.0,Low
0,0,0.20666666666666667,0,0.41,Moderate
0,0,0.07666666666666666,0,0.06333333333333334,Low
0,0,0.07666666666666666,0,0.01,Low
0,0,0.01,0,0.0033333333333333335,Low
0,0,0.04666666666666667,0,0.006666666666666667,Low
0,0,0.16333333333333333,0,0.4633333333333333,Moderate
0,0,0.0,0,0.006666666666666667,Low
0,0,0.0,0,0.0033333333333333335,Low
0,0,0.3466666666666667,0,0.19666666666666666,Low
0,0,0.0,0,0.0033333333333333335,Low
0,0,0.37333333333333335,0,0.24333333333333335,Low
0,0,0.016666666666666666,0,0.0,Low
0,1,0.6133333333333333,0,0.34,Low
0,0,0.0033333333333333335,0,0.0,Low
0,1,0.5766666666666667,1,0.67,High
0,0,0.01,0,0.0,Low
0,0,0.0033333333333333335,0,0.0,Low
0,0,0.42,0,0.35333333333333333,Moderate
0,0,0.02666666666666667,0,0.02,Low
0,0,0.0033333333333333335,0,0.0,Low
0,0,0.27,0,0.4666666666666667,Moderate
1,1,1.0,1,0.5433333333333333,Moderate
0,0,0.016666666666666666,0,0.0,Low
0,0,0.016666666666666666,0,0.0,Low
0,0,0.26666666666666666,0,0.15666666666666668,Low
0,0,0.0033333333333333335,0,0.0,Low
0,0,0.0033333333333333335,0,0.0,Low
0,0,0.0,0,0.0,Low
0,0,0.0,0,0.0,Low
0,0,0.0,0,0.0,Low
0,0,0.0,0,0.0033333333333333335,Low
0,0,0.0,0,0.0,Low
0,0,0.01,0,0.0,Low
0,0,0.006666666666666667,0,0.0,Low
0,0,0.016666666666666666,0,0.0033333333333333335,Low
0,0,0.13333333333333333,0,0.2,Low
0,0,0.0,0,0.0,Low
0,0,0.0,0,0.0,Low
0,0,0.0,0,0.0,Low
0,0,0.006666666666666667,0,0.0,Low
0,0,0.0,0,0.0,Low
0,0,0.006666666666666667,0,0.0,Low
0,0,0.09333333333333334,0,0.02,Low
0,0,0.0033333333333333335,0,0.006666666666666667,Low
0,0,0.02,0,0.0,Low
0,0,0.06666666666666667,0,0.06,Low
0,0,0.0,0,0.0,Low
0,0,0.006666666666666667,0,0.0,Low
0,0,0.006666666666666667,0,0.0,Low
0,0,0.0,0,0.0,Low
0,0,0.01,0,0.016666666666666666,Low
0,0,0.15333333333333332,0,0.31,Low
0,0,0.03,0,0.013333333333333334,Low
0,0,0.09333333333333334,1,0.7533333333333333,High
0,0,0.04,0,0.006666666666666667,Low
0,0,0.08666666666666667,0,0.23333333333333334,Low
0,0,0.013333333333333334,0,0.0033333333333333335,Low
0,0,0.05,0,0.02,Low
0,0,0.03,0,0.013333333333333334,Low
0,0,0.03666666666666667,0,0.006666666666666667,Low
0,0,0.0,0,0.0,Low
0,0,0.01,0,0.0,Low
0,0,0.01,0,0.0,Low
0,0,0.043333333333333335,0,0.01,Low
0,0,0.04666666666666667,0,0.0033333333333333335,Low
0,0,0.0033333333333333335,0,0.0,Low
0,0,0.0,0,0.41,Moderate
0,0,0.08333333333333333,0,0.02,Low
0,0,0.22666666666666666,0,0.49666666666666665,Moderate
0,0,0.11333333333333333,0,0.016666666666666666,Low
0,0,0.05333333333333334,0,0.006666666666666667,Low
0,0,0.06,0,0.01,Low
0,0,0.04666666666666667,0,0.01,Low
0,0,0.04,0,0.01,Low
0,0,0.03,0,0.006666666666666667,Low
0,0,0.03,0,0.006666666666666667,Low
0,0,0.0033333333333333335,0,0.006666666666666667,Low
0,0,0.03666666666666667,0,0.21,Low
0,0,0.006666666666666667,0,0.0033333333333333335,Low
0,0,0.0,0,0.0,Low
0,0,0.09666666666666666,1,0.62,High
0,0,0.016666666666666666,0,0.0,Low
0,0,0.043333333333333335,0,0.0033333333333333335,Low
0,0,0.023333333333333334,0,0.013333333333333334,Low
0,0,0.2866666666666667,1,0.86,Urgent
0,0,0.03666666666666667,0,0.006666666666666667,Low
0,0,0.09666666666666666,0,0.20333333333333334,Low
0,0,0.0,0,0.0,Low
0,0,0.023333333333333334,0,0.07,Low
0,0,0.08333333333333333,0,0.24,Low
0,0,0.03333333333333333,0,0.006666666666666667,Low
0,0,0.02666666666666667,0,0.01,Low
0,0,0.03,0,0.006666666666666667,Low
0,0,0.03666666666666667,0,0.01,Low
0,0,0.08333333333333333,0,0.013333333333333334,Low
0,0,0.043333333333333335,0,0.11666666666666667,Low
0,0,0.043333333333333335,0,0.01,Low
1,1,0.9933333333333333,1,1.0,Urgent
0,0,0.03666666666666667,0,0.0033333333333333335,Low
0,0,0.03,0,0.016666666666666666,Low
1,1,0.9966666666666667,1,0.7433333333333333,High
0,0,0.023333333333333334,0,0.06333333333333334,Low
0,0,0.0033333333333333335,0,0.0,Low
0,0,0.0033333333333333335,0,0.0,Low
0,0,0.013333333333333334,0,0.0,Low
0,0,0.03,0,0.03666666666666667,Low
0,0,0.0,0,0.0,Low
0,0,0.023333333333333334,0,0.006666666666666667,Low
0,0,0.0033333333333333335,0,0.0,Low
0,0,0.0033333333333333335,0,0.02,Low
0,0,0.04666666666666667,0,0.006666666666666667,Low
0,0,0.016666666666666666,0,0.0033333333333333335,Low
0,0,0.0,0,0.0,Low
0,0,0.0,0,0.0033333333333333335,Low
0,0,0.01,0,0.0,Low
0,0,0.17333333333333334,0,0.12,Low
0,0,0.023333333333333334,0,0.41333333333333333,Moderate
0,0,0.18666666666666668,0,0.15,Low
0,0,0.03333333333333333,0,0.013333333333333334,Low
0,0,0.0,0,0.0,Low
0,0,0.0033333333333333335,0,0.0,Low
0,0,0.02,0,0.0,Low
0,0,0.03,0,0.0,Low
0,0,0.01,0,0.0033333333333333335,Low
0,0,0.016666666666666666,0,0.0,Low
0,0,0.02,0,0.24,Low
0,0,0.01,0,0.04666666666666667,Low
0,0,0.013333333333333334,0,0.0,Low
0,0,0.22333333333333333,0,0.3566666666666667,Moderate
0,0,0.4866666666666667,0,0.5,Moderate
0,0,0.013333333333333334,0,0.0,Low
0,0,0.01,0,0.0,Low
0,0,0.03333333333333333,0,0.0,Low
0,0,0.0,0,0.0033333333333333335,Low
0,0,0.016666666666666666,0,0.0033333333333333335,Low
0,0,0.03,0,0.006666666666666667,Low
1,1,0.9766666666666667,1,0.6166666666666667,High
0,0,0.02,0,0.0033333333333333335,Low
0,1,0.65,1,0.5766666666666667,Moderate
0,0,0.27666666666666667,0,0.043333333333333335,Low
0,0,0.02,0,0.0033333333333333335,Low
0,0,0.03666666666666667,0,0.31333333333333335,Low
0,0,0.09,0,0.2,Low
0,0,0.02,0,0.0033333333333333335,Low
0,0,0.013333333333333334,0,0.33666666666666667,Low
0,0,0.03,0,0.11333333333333333,Low
0,0,0.03333333333333333,0,0.0033333333333333335,Low
0,0,0.01,0,0.0,Low
0,0,0.03,0,0.01,Low
0,1,0.6566666666666666,1,0.5833333333333334,Moderate
0,0,0.006666666666666667,0,0.0,Low
0,0,0.01,0,0.0,Low
0,0,0.016666666666666666,0,0.0,Low
1,1,1.0,1,1.0,Urgent
0,0,0.02,0,0.0033333333333333335,Low
0,1,0.8566666666666667,1,0.5166666666666667,Moderate
0,0,0.03,0,0.0,Low
0,0,0.0033333333333333335,0,0.0,Low
0,0,0.016666666666666666,0,0.0,Low
1,1,1.0,1,1.0,Urgent
0,0,0.006666666666666667,0,0.0,Low
0,0,0.013333333333333334,0,0.0,Low
1,1,1.0,1,1.0,Urgent
0,0,0.0,0,0.0,Low
0,0,0.0,0,0.0,Low
0,0,0.006666666666666667,0,0.0,Low
0,0,0.006666666666666667,0,0.0,Low
0,0,0.016666666666666666,0,0.0,Low
0,0,0.006666666666666667,0,0.0033333333333333335,Low
0,0,0.21666666666666667,0,0.3433333333333333,Low
0,0,0.0,0,0.0,Low
0,0,0.006666666666666667,0,0.0,Low
0,0,0.03666666666666667,0,0.0,Low
0,0,0.36666666666666664,1,0.7233333333333334,High
0,0,0.02666666666666667,0,0.07,Low
0,0,0.03,0,0.0033333333333333335,Low
0,0,0.04666666666666667,0,0.006666666666666667,Low
0,0,0.02,0,0.006666666666666667,Low
0,0,0.023333333333333334,0,0.006666666666666667,Low
0,1,0.6166666666666667,1,0.63,High
0,0,0.38333333333333336,0,0.45,Moderate
0,0,0.02,0,0.07666666666666666,Low
0,0,0.023333333333333334,0,0.01,Low
0,0,0.0033333333333333335,0,0.006666666666666667,Low
0,0,0.013333333333333334,0,0.043333333333333335,Low
0,0,0.0,0,0.0033333333333333335,Low
0,0,0.01,0,0.0,Low
0,0,0.01,0,0.0,Low
0,0,0.02,0,0.0,Low
0,0,0.0033333333333333335,0,0.0,Low
0,0,0.0,0,0.0,Low
0,0,0.0033333333333333335,0,0.0,Low
0,0,0.0,0,0.0,Low
0,0,0.0,0,0.0,Low
0,0,0.03,0,0.30666666666666664,Low
0,0,0.22,0,0.16,Low
0,0,0.023333333333333334,0,0.05333333333333334,Low
0,0,0.03,0,0.016666666666666666,Low
0,0,0.30666666666666664,0,0.19333333333333333,Low
0,0,0.0,0,0.0,Low
0,0,0.0033333333333333335,0,0.0,Low
0,0,0.2633333333333333,0,0.13333333333333333,Low
0,0,0.023333333333333334,0,0.0033333333333333335,Low
0,0,0.02666666666666667,0,0.0033333333333333335,Low
0,0,0.02666666666666667,0,0.006666666666666667,Low
0,0,0.056666666666666664,0,0.02666666666666667,Low
0,1,0.68,1,0.5266666666666666,Moderate
0,0,0.023333333333333334,0,0.0,Low
0,0,0.013333333333333334,0,0.0,Low
0,0,0.0033333333333333335,0,0.0,Low
0,0,0.01,0,0.0,Low
0,0,0.01,0,0.0033333333333333335,Low
0,0,0.01,0,0.013333333333333334,Low
0,1,0.6866666666666666,1,0.94,Urgent
0,0,0.01,0,0.0033333333333333335,Low
0,0,0.02,0,0.0033333333333333335,Low
0,0,0.013333333333333334,0,0.006666666666666667,Low
0,0,0.06333333333333334,0,0.04,Low
0,0,0.02,0,0.016666666666666666,Low
0,0,0.02,0,0.01,Low
0,0,0.42333333333333334,1,0.7,High
0,0,0.01,0,0.006666666666666667,Low
0,0,0.01,0,0.006666666666666667,Low
0,0,0.013333333333333334,0,0.01,Low
0,0,0.06666666666666667,0,0.006666666666666667,Low
0,0,0.12333333333333334,0,0.07,Low
0,0,0.03666666666666667,0,0.04666666666666667,Low
0,0,0.0,0,0.0033333333333333335,Low
0,0,0.016666666666666666,0,0.0,Low
0,0,0.0,0,0.0,Low
0,0,0.0,0,0.0,Low
0,0,0.0033333333333333335,0,0.0,Low
0,0,0.15333333333333332,1,0.6133333333333333,High
0,0,0.03,0,0.013333333333333334,Low
0,0,0.0,0,0.0033333333333333335,Low
0,0,0.03,0,0.01,Low
0,0,0.0,0,0.056666666666666664,Low
0,0,0.2833333333333333,0,0.3466666666666667,Low
0,0,0.016666666666666666,0,0.0033333333333333335,Low
0,0,0.03,0,0.0033333333333333335,Low
0,0,0.17333333333333334,1,0.7933333333333333,High
0,0,0.0,0,0.0,Low
0,0,0.0,0,0.12666666666666668,Low
0,0,0.02666666666666667,0,0.016666666666666666,Low
0,0,0.02666666666666667,0,0.0033333333333333335,Low
1,1,0.9833333333333333,1,0.9966666666666667,Urgent
0,0,0.04,0,0.013333333333333334,Low
0,1,0.8166666666666667,0,0.4266666666666667,Moderate
0,0,0.09666666666666666,0,0.013333333333333334,Low
0,0,0.05,0,0.013333333333333334,Low
0,0,0.08333333333333333,0,0.013333333333333334,Low
1,1,0.9966666666666667,1,0.73,High
0,0,0.023333333333333334,0,0.0033333333333333335,Low
0,0,0.006666666666666667,0,0.0033333333333333335,Low
0,0,0.07,0,0.006666666666666667,Low
0,0,0.01,0,0.0,Low
0,0,0.06,0,0.0033333333333333335,Low
0,0,0.03666666666666667,0,0.016666666666666666,Low
0,1,0.71,0,0.43333333333333335,Moderate
0,0,0.016666666666666666,0,0.006666666666666667,Low
1,1,0.9933333333333333,1,0.71,High
0,0,0.0,0,0.0,Low
0,0,0.016666666666666666,0,0.006666666666666667,Low
1,1,0.9966666666666667,1,0.6666666666666666,High
0,0,0.0,0,0.0,Low
0,0,0.0033333333333333335,0,0.0033333333333333335,Low
0,0,0.016666666666666666,0,0.006666666666666667,Low
0,1,0.5166666666666667,0,0.38,Moderate
0,0,0.03666666666666667,0,0.006666666666666667,Low
0,0,0.05333333333333334,0,0.013333333333333334,Low
0,1,0.6133333333333333,0,0.46,Moderate
0,0,0.023333333333333334,0,0.01,Low
0,0,0.43666666666666665,0,0.21333333333333335,Low
0,0,0.10333333333333333,0,0.02,Low
0,0,0.03333333333333333,0,0.006666666666666667,Low
0,0,0.023333333333333334,0,0.0033333333333333335,Low
0,0,0.02,0,0.0,Low
0,0,0.01,0,0.0033333333333333335,Low
0,0,0.34,0,0.23333333333333334,Low
0,0,0.0,0,0.0,Low
0,0,0.01,0,0.0,Low
0,0,0.03333333333333333,0,0.01,Low
1,1,1.0,1,0.5433333333333333,Moderate
0,0,0.0,0,0.0,Low
0,0,0.0,0,0.0033333333333333335,Low
0,0,0.12666666666666668,0,0.02,Low
0,0,0.0,0,0.0,Low
0,1,0.52,1,0.9166666666666666,Urgent
0,0,0.14666666666666667,0,0.08,Low
0,1,0.8,1,0.9666666666666667,Urgent
0,0,0.09,0,0.013333333333333334,Low
0,0,0.013333333333333334,0,0.01,Low
0,0,0.08,0,0.41333333333333333,Moderate
0,0,0.18,0,0.04666666666666667,Low
0,0,0.0,0,0.0,Low
0,0,0.0033333333333333335,0,0.27,Low
0,0,0.016666666666666666,0,0.15,Low
0,0,0.023333333333333334,0,0.0,Low
0,0,0.01,0,0.0033333333333333335,Low
0,0,0.31666666666666665,0,0.4166666666666667,Moderate
0,0,0.03333333333333333,0,0.21666666666666667,Low
0,0,0.0,0,0.0033333333333333335,Low
0,0,0.15,0,0.14666666666666667,Low
0,0,0.14333333333333334,0,0.38,Moderate
0,0,0.016666666666666666,0,0.05333333333333334,Low
0,0,0.0,0,0.0,Low
0,0,0.0033333333333333335,0,0.0,Low
0,0,0.013333333333333334,0,0.0,Low
0,0,0.03,0,0.0033333333333333335,Low
0,0,0.18666666666666668,0,0.18,Low
0,0,0.05,0,0.0033333333333333335,Low
0,0,0.04,0,0.02666666666666667,Low
0,1,0.51,0,0.31333333333333335,Low
0,0,0.15,0,0.22666666666666666,Low
0,0,0.0,0,0.0,Low
0,0,0.0,0,0.0033333333333333335,Low
0,0,0.04666666666666667,0,0.3333333333333333,Low
0,0,0.0033333333333333335,0,0.0,Low
0,0,0.0033333333333333335,0,0.0033333333333333335,Low
0,0,0.0033333333333333335,0,0.0,Low
0,0,0.013333333333333334,0,0.0,Low
0,0,0.023333333333333334,0,0.0033333333333333335,Low
0,0,0.03,0,0.016666666666666666,Low
0,0,0.03,0,0.01,Low
0,0,0.02,0,0.006666666666666667,Low
0,0,0.0033333333333333335,0,0.0,Low
0,0,0.03666666666666667,0,0.0033333333333333335,Low
0,0,0.006666666666666667,0,0.0033333333333333335,Low
0,0,0.2,0,0.26,Low
0,0,0.0033333333333333335,0,0.0,Low
0,0,0.056666666666666664,0,0.02666666666666667,Low
0,0,0.06333333333333334,0,0.25333333333333335,Low
0,0,0.03333333333333333,0,0.006666666666666667,Low
0,0,0.016666666666666666,0,0.01,Low
0,0,0.02,0,0.006666666666666667,Low
0,0,0.06333333333333334,0,0.0033333333333333335,Low
0,0,0.03333333333333333,0,0.0,Low
0,0,0.26,0,0.47,Moderate
0,0,0.0033333333333333335,0,0.0,Low
0,0,0.02666666666666667,0,0.12,Low
0,0,0.03333333333333333,0,0.0033333333333333335,Low
0,0,0.06666666666666667,0,0.043333333333333335,Low
0,0,0.013333333333333334,0,0.24,Low
0,0,0.016666666666666666,0,0.0033333333333333335,Low
0,0,0.013333333333333334,0,0.013333333333333334,Low
0,0,0.42333333333333334,1,0.6633333333333333,High
0,0,0.0,0,0.0,Low
0,0,0.0033333333333333335,0,0.0033333333333333335,Low
0,1,0.53,1,0.8533333333333334,Urgent
0,0,0.0033333333333333335,0,0.0,Low
0,0,0.01,0,0.19666666666666666,Low
0,0,0.02666666666666667,0,0.0,Low
0,0,0.07333333333333333,0,0.0,Low
0,0,0.043333333333333335,0,0.21,Low
0,0,0.21333333333333335,0,0.19333333333333333,Low
0,0,0.03,0,0.01,Low
0,0,0.01,0,0.0,Low
0,0,0.02666666666666667,0,0.023333333333333334,Low
0,0,0.006666666666666667,0,0.0,Low
0,0,0.0,0,0.0,Low
0,0,0.09,0,0.11,Low
0,0,0.02666666666666667,0,0.0,Low
0,0,0.09,0,0.016666666666666666,Low
0,0,0.03666666666666667,0,0.49666666666666665,Moderate
1,1,0.9966666666666667,1,1.0,Urgent
0,0,0.006666666666666667,0,0.0,Low
0,0,0.2633333333333333,1,0.91,Urgent
0,0,0.0033333333333333335,0,0.0,Low
0,0,0.12333333333333334,1,0.5533333333333333,Moderate
0,0,0.04,0,0.03333333333333333,Low
0,0,0.0,0,0.0,Low
0,0,0.0033333333333333335,0,0.0,Low
0,0,0.39666666666666667,0,0.23,Low
0,0,0.04,0,0.006666666666666667,Low
0,0,0.22333333333333333,0,0.05333333333333334,Low
0,0,0.043333333333333335,0,0.01,Low
0,0,0.03666666666666667,0,0.01,Low
0,0,0.1,0,0.023333333333333334,Low
0,0,0.41,1,0.8266666666666667,High
0,0,0.03,0,0.006666666666666667,Low
0,0,0.01,0,0.01,Low
0,1,0.7733333333333333,1,0.5366666666666666,Moderate
0,0,0.0033333333333333335,0,0.0033333333333333335,Low
0,0,0.023333333333333334,0,0.0033333333333333335,Low
0,0,0.02,0,0.006666666666666667,Low
0,1,0.6,0,0.29333333333333333,Low
0,0,0.03,0,0.006666666666666667,Low
0,1,0.52,1,0.91,Urgent
0,0,0.01,0,0.0,Low
0,0,0.13,0,0.013333333333333334,Low
0,0,0.0,0,0.0,Low
0,0,0.013333333333333334,0,0.0,Low
0,0,0.39,1,0.5366666666666666,Moderate
0,0,0.0,0,0.0,Low
0,0,0.24666666666666667,1,0.65,High
0,0,0.0,0,0.0,Low
0,0,0.0,0,0.0,Low
0,0,0.016666666666666666,0,0.006666666666666667,Low
0,0,0.05333333333333334,0,0.45,Moderate
0,0,0.023333333333333334,0,0.01,Low
0,0,0.03,0,0.006666666666666667,Low
0,0,0.31333333333333335,1,0.9133333333333333,Urgent
0,0,0.0,0,0.0,Low
0,1,0.55,0,0.4533333333333333,Moderate
0,0,0.043333333333333335,0,0.016666666666666666,Low
0,0,0.44666666666666666,1,0.65,High
0,0,0.016666666666666666,0,0.0033333333333333335,Low
0,0,0.05,0,0.01,Low
0,0,0.03333333333333333,0,0.013333333333333334,Low
0,0,0.44,1,0.6266666666666667,High
0,0,0.03,0,0.01,Low
0,0,0.3233333333333333,1,0.6966666666666667,High
0,0,0.12,0,0.21333333333333335,Low
0,0,0.04,0,0.023333333333333334,Low
0,0,0.20333333333333334,0,0.14,Low
0,0,0.0033333333333333335,0,0.0,Low
0,0,0.06,0,0.0033333333333333335,Low
0,0,0.07666666666666666,0,0.02,Low
0,0,0.12666666666666668,1,0.67,High
0,1,0.7166666666666667,1,0.93,Urgent
0,0,0.18333333333333332,0,0.043333333333333335,Low
0,0,0.07,0,0.013333333333333334,Low
0,0,0.03666666666666667,0,0.016666666666666666,Low
0,0,0.0,0,0.0,Low
0,0,0.08666666666666667,0,0.14333333333333334,Low
0,0,0.11,0,0.10333333333333333,Low
0,0,0.09666666666666666,0,0.03,Low
0,0,0.043333333333333335,0,0.016666666666666666,Low
0,1,0.5633333333333334,1,0.94,Urgent
0,0,0.01,0,0.0,Low
0,0,0.02,0,0.0,Low
0,0,0.36,0,0.06666666666666667,Low
0,0,0.0,0,0.0033333333333333335,Low
0,0,0.29,0,0.28,Low
0,0,0.0033333333333333335,0,0.0,Low
0,0,0.03,0,0.0033333333333333335,Low
0,0,0.043333333333333335,0,0.006666666666666667,Low
0,0,0.06,0,0.016666666666666666,Low
0,0,0.18333333333333332,0,0.08,Low
0,1,0.54,1,0.6933333333333334,High
0,0,0.10333333333333333,0,0.06,Low
0,0,0.07666666666666666,0,0.023333333333333334,Low
0,0,0.22333333333333333,0,0.1,Low
0,0,0.05,0,0.016666666666666666,Low
0,0,0.01,0,0.0033333333333333335,Low
0,0,0.05,0,0.013333333333333334,Low
0,0,0.023333333333333334,0,0.0,Low
0,0,0.21,1,0.6666666666666666,High
0,0,0.0033333333333333335,0,0.0,Low
0,0,0.023333333333333334,0,0.13666666666666666,Low
0,0,0.05,0,0.013333333333333334,Low
0,1,0.6466666666666666,1,0.9466666666666667,Urgent
0,0,0.043333333333333335,0,0.016666666666666666,Low
0,0,0.4633333333333333,0,0.25,Low
0,0,0.03,0,0.006666666666666667,Low
0,0,0.06,0,0.04,Low
0,1,0.6866666666666666,0,0.47333333333333333,Moderate
0,0,0.006666666666666667,0,0.01,Low
0,0,0.17666666666666667,0,0.2733333333333333,Low
0,0,0.0033333333333333335,0,0.0,Low
0,0,0.016666666666666666,0,0.17333333333333334,Low
0,0,0.0,0,0.0033333333333333335,Low
0,0,0.03,0,0.2966666666666667,Low
0,0,0.06666666666666667,0,0.023333333333333334,Low
0,0,0.02666666666666667,0,0.006666666666666667,Low
0,0,0.05333333333333334,0,0.016666666666666666,Low
0,0,0.18666666666666668,1,0.7466666666666667,High
0,0,0.023333333333333334,0,0.0033333333333333335,Low
0,0,0.05,0,0.016666666666666666,Low
0,0,0.08,0,0.02,Low
0,0,0.09,0,0.11,Low
0,0,0.04,0,0.06666666666666667,Low
0,0,0.016666666666666666,0,0.0,Low
0,0,0.023333333333333334,0,0.0033333333333333335,Low
0,1,0.7866666666666666,1,0.8833333333333333,Urgent
0,0,0.013333333333333334,0,0.0033333333333333335,Low
0,1,0.9166666666666666,1,0.7833333333333333,High
0,0,0.056666666666666664,0,0.016666666666666666,Low
0,0,0.013333333333333334,0,0.006666666666666667,Low
0,0,0.37,1,0.7933333333333333,High
0,1,0.8366666666666667,1,0.5333333333333333,Moderate
0,0,0.25666666666666665,0,0.10333333333333333,Low
0,0,0.08333333333333333,0,0.02,Low
0,0,0.04,0,0.01,Low
0,1,0.6666666666666666,1,0.5033333333333333,Moderate
0,0,0.04,0,0.023333333333333334,Low
0,1,0.7233333333333334,1,0.9533333333333334,Urgent
0,0,0.006666666666666667,0,0.0033333333333333335,Low
0,0,0.013333333333333334,0,0.0,Low
0,0,0.01,0,0.0,Low
0,0,0.04666666666666667,0,0.013333333333333334,Low
0,0,0.0,0,0.0,Low
0,0,0.05,0,0.006666666666666667,Low
0,0,0.4,0,0.19333333333333333,Low
0,0,0.20666666666666667,0,0.04666666666666667,Low
0,0,0.22,0,0.02666666666666667,Low
0,0,0.02666666666666667,0,0.006666666666666667,Low
0,0,0.013333333333333334,0,0.006666666666666667,Low
0,0,0.24,0,0.17666666666666667,Low
0,0,0.05333333333333334,0,0.02,Low
0,0,0.043333333333333335,0,0.02,Low
0,0,0.32,0,0.37333333333333335,Moderate
0,0,0.023333333333333334,0,0.01,Low
0,0,0.0,0,0.0033333333333333335,Low
0,0,0.01,0,0.006666666666666667,Low
0,0,0.03,0,0.02,Low
0,0,0.0033333333333333335,0,0.0033333333333333335,Low
0,0,0.04666666666666667,0,0.016666666666666666,Low
0,0,0.45,0,0.24333333333333335,Low
0,0,0.32,0,0.06333333333333334,Low
0,0,0.20333333333333334,0,0.12,Low
0,0,0.25,0,0.14666666666666667,Low
0,0,0.09666666666666666,0,0.05333333333333334,Low
0,0,0.08333333333333333,0,0.04,Low
0,1,0.7633333333333333,1,0.93,Urgent
0,0,0.006666666666666667,0,0.016666666666666666,Low
0,0,0.11,0,0.05,Low
0,0,0.01,0,0.0,Low
0,0,0.01,0,0.0,Low
0,0,0.12666666666666668,0,0.04,Low
0,0,0.1,0,0.03,Low
0,0,0.006666666666666667,0,0.0,Low
0,0,0.09666666666666666,0,0.18333333333333332,Low
0,0,0.11,0,0.13333333333333333,Low
0,1,0.6533333333333333,0,0.4,Moderate
0,0,0.14333333333333334,0,0.05333333333333334,Low
0,0,0.41333333333333333,1,0.8933333333333333,Urgent
0,0,0.08666666666666667,0,0.03666666666666667,Low
0,1,0.6,1,0.9633333333333334,Urgent
0,0,0.08666666666666667,0,0.07,Low
0,0,0.18333333333333332,0,0.2733333333333333,Low
0,1,0.8,1,0.9833333333333333,Urgent
0,0,0.0,0,0.0,Low
0,0,0.09333333333333334,0,0.05,Low
0,0,0.07333333333333333,0,0.04666666666666667,Low
0,0,0.023333333333333334,0,0.19,Low
0,0,0.043333333333333335,0,0.006666666666666667,Low
0,0,0.043333333333333335,0,0.02666666666666667,Low
0,0,0.006666666666666667,0,0.01,Low
0,0,0.0033333333333333335,0,0.0,Low
0,0,0.0033333333333333335,0,0.0,Low
0,0,0.0,0,0.0,Low
0,0,0.013333333333333334,0,0.01,Low
0,0,0.0033333333333333335,0,0.0,Low
0,0,0.0,0,0.0,Low
0,0,0.006666666666666667,0,0.0,Low
0,0,0.006666666666666667,0,0.016666666666666666,Low
0,0,0.36,0,0.3233333333333333,Low
0,0,0.01,0,0.016666666666666666,Low
0,0,0.03,0,0.006666666666666667,Low
0,0,0.01,0,0.0,Low
0,0,0.01,0,0.0033333333333333335,Low
0,0,0.31666666666666665,0,0.28,Low
0,0,0.08666666666666667,0,0.03666666666666667,Low
0,0,0.03,0,0.01,Low
0,0,0.3433333333333333,0,0.21666666666666667,Low
0,0,0.023333333333333334,0,0.0033333333333333335,Low
0,0,0.0033333333333333335,0,0.006666666666666667,Low
0,0,0.0033333333333333335,0,0.01,Low
0,0,0.0,0,0.0033333333333333335,Low
0,0,0.0033333333333333335,0,0.0,Low
0,0,0.01,0,0.0033333333333333335,Low
0,0,0.14333333333333334,0,0.2,Low
0,0,0.006666666666666667,0,0.006666666666666667,Low
0,0,0.4266666666666667,0,0.17,Low
0,0,0.14,0,0.04666666666666667,Low
0,0,0.03666666666666667,0,0.02,Low
0,0,0.49,0,0.38333333333333336,Moderate
0,0,0.09,0,0.006666666666666667,Low
0,0,0.023333333333333334,0,0.0033333333333333335,Low
1,1,0.97,1,0.75,High
0,0,0.006666666666666667,0,0.2866666666666667,Low
0,0,0.0,0,0.0,Low
0,0,0.13666666666666666,0,0.33,Low
0,0,0.023333333333333334,0,0.016666666666666666,Low
0,0,0.24333333333333335,0,0.2733333333333333,Low
0,0,0.03,0,0.0033333333333333335,Low
0,1,0.6466666666666666,1,0.54,Moderate
0,0,0.0,0,0.0,Low
0,0,0.016666666666666666,0,0.016666666666666666,Low
0,0,0.34,0,0.33,Low
0,0,0.13,0,0.02666666666666667,Low
0,0,0.01,0,0.0033333333333333335,Low
0,0,0.17666666666666667,0,0.37,Moderate
0,0,0.04666666666666667,0,0.023333333333333334,Low
0,0,0.5,1,0.7366666666666667,High
0,0,0.016666666666666666,0,0.0033333333333333335,Low
0,0,0.01,0,0.0,Low
0,0,0.02666666666666667,0,0.0033333333333333335,Low
0,0,0.056666666666666664,0,0.013333333333333334,Low
0,0,0.16666666666666666,0,0.1,Low
0,0,0.03666666666666667,0,0.006666666666666667,Low
0,0,0.12333333333333334,0,0.016666666666666666,Low
0,0,0.023333333333333334,0,0.006666666666666667,Low
0,0,0.02,0,0.0,Low
0,0,0.02,0,0.013333333333333334,Low
0,0,0.043333333333333335,0,0.013333333333333334,Low
0,0,0.09333333333333334,0,0.06333333333333334,Low
0,0,0.06,0,0.04,Low
0,0,0.056666666666666664,0,0.21333333333333335,Low
0,0,0.3333333333333333,1,0.6833333333333333,High
0,0,0.043333333333333335,0,0.03333333333333333,Low
0,0,0.0,0,0.0033333333333333335,Low
0,0,0.0033333333333333335,0,0.006666666666666667,Low
0,0,0.01,0,0.0,Low
0,0,0.0,0,0.0,Low
0,0,0.03333333333333333,0,0.006666666666666667,Low
0,0,0.04,0,0.013333333333333334,Low
0,0,0.043333333333333335,0,0.01,Low
0,0,0.02,0,0.0,Low
0,0,0.02666666666666667,0,0.006666666666666667,Low
0,0,0.02,0,0.02666666666666667,Low
0,0,0.49666666666666665,0,0.28,Low
0,0,0.01,0,0.0,Low
0,0,0.0,0,0.0,Low
0,0,0.0033333333333333335,0,0.0033333333333333335,Low
0,0,0.016666666666666666,0,0.0033333333333333335,Low
0,0,0.25,0,0.26666666666666666,Low
0,0,0.0,0,0.0,Low
1,1,0.9833333333333333,1,0.7866666666666666,High
0,0,0.13,0,0.03,Low
0,0,0.24333333333333335,0,0.05,Low
1,1,1.0,1,0.6433333333333333,High
0,0,0.006666666666666667,0,0.0,Low
0,0,0.013333333333333334,0,0.0,Low
0,0,0.18,1,0.57,Moderate
0,0,0.0,0,0.0,Low
0,0,0.03,0,0.2633333333333333,Low
0,0,0.4533333333333333,1,0.5666666666666667,Moderate
0,0,0.03666666666666667,0,0.016666666666666666,Low
0,0,0.023333333333333334,0,0.006666666666666667,Low
0,0,0.01,0,0.0,Low
0,0,0.013333333333333334,0,0.006666666666666667,Low
0,0,0.0,0,0.0,Low
0,0,0.05,0,0.01,Low
0,0,0.03666666666666667,0,0.016666666666666666,Low
0,0,0.03333333333333333,0,0.013333333333333334,Low
0,0,0.0033333333333333335,0,0.0033333333333333335,Low
0,0,0.04666666666666667,0,0.006666666666666667,Low
0,0,0.016666666666666666,0,0.0033333333333333335,Low
0,0,0.0,0,0.0,Low
0,0,0.0033333333333333335,0,0.0033333333333333335,Low
0,0,0.0,0,0.0033333333333333335,Low
0,0,0.006666666666666667,0,0.03666666666666667,Low
0,0,0.01,0,0.006666666666666667,Low
0,0,0.006666666666666667,0,0.013333333333333334,Low
0,0,0.05,0,0.02666666666666667,Low
0,0,0.10666666666666667,0,0.03,Low
0,0,0.11666666666666667,0,0.12333333333333334,Low
0,0,0.27666666666666667,1,0.52,Moderate
0,0,0.17333333333333334,0,0.39666666666666667,Moderate
0,0,0.01,0,0.0,Low
0,0,0.03,0,0.006666666666666667,Low
0,0,0.0,0,0.0,Low
0,0,0.0,0,0.0033333333333333335,Low
0,0,0.006666666666666667,0,0.013333333333333334,Low
0,0,0.0,0,0.0,Low
0,0,0.013333333333333334,0,0.0,Low
0,0,0.023333333333333334,0,0.006666666666666667,Low
0,0,0.023333333333333334,0,0.016666666666666666,Low
0,0,0.04666666666666667,0,0.006666666666666667,Low
0,0,0.023333333333333334,0,0.016666666666666666,Low
0,0,0.006666666666666667,0,0.0,Low
0,0,0.01,0,0.013333333333333334,Low
0,0,0.023333333333333334,0,0.006666666666666667,Low
0,0,0.03,0,0.0033333333333333335,Low
0,0,0.0,0,0.0033333333333333335,Low
0,0,0.006666666666666667,0,0.0,Low
0,0,0.013333333333333334,0,0.023333333333333334,Low
0,0,0.03,0,0.006666666666666667,Low
0,0,0.03666666666666667,0,0.013333333333333334,Low
0,0,0.0033333333333333335,0,0.006666666666666667,Low
0,0,0.0,0,0.0,Low
0,0,0.013333333333333334,0,0.0,Low
0,0,0.06333333333333334,0,0.023333333333333334,Low
0,0,0.02,0,0.03333333333333333,Low
0,0,0.0,0,0.0,Low
0,0,0.0,0,0.006666666666666667,Low
0,0,0.01,0,0.0033333333333333335,Low
0,0,0.03,0,0.013333333333333334,Low
0,0,0.08,0,0.03666666666666667,Low
0,0,0.006666666666666667,0,0.0,Low
0,0,0.023333333333333334,0,0.016666666666666666,Low
0,0,0.043333333333333335,0,0.006666666666666667,Low
0,0,0.05,0,0.023333333333333334,Low
0,0,0.01,0,0.006666666666666667,Low
0,0,0.0033333333333333335,0,0.0,Low
0,0,0.01,0,0.0,Low
0,0,0.02666666666666667,0,0.02666666666666667,Low
0,0,0.04666666666666667,0,0.013333333333333334,Low
0,0,0.03,0,0.006666666666666667,Low
0,0,0.02,0,0.006666666666666667,Low
0,0,0.006666666666666667,0,0.0033333333333333335,Low
0,0,0.0,0,0.0,Low
0,0,0.01,0,0.0,Low
0,0,0.07333333333333333,0,0.05333333333333334,Low
0,0,0.05333333333333334,0,0.04,Low
0,0,0.016666666666666666,0,0.043333333333333335,Low
0,0,0.0033333333333333335,0,0.0,Low
0,0,0.01,0,0.0033333333333333335,Low
0,0,0.006666666666666667,0,0.006666666666666667,Low
0,0,0.04666666666666667,0,0.013333333333333334,Low
0,0,0.01,0,0.03333333333333333,Low
0,0,0.0,0,0.0,Low
0,0,0.02,0,0.0033333333333333335,Low
0,0,0.03,0,0.043333333333333335,Low
0,0,0.03333333333333333,0,0.04,Low
1,1,0.5766666666666667,1,0.8566666666666667,Urgent
0,0,0.01,0,0.02666666666666667,Low
0,0,0.0,0,0.0,Low
0,0,0.006666666666666667,0,0.0,Low
0,0,0.15,0,0.043333333333333335,Low
0,0,0.016666666666666666,0,0.0033333333333333335,Low
0,0,0.0,0,0.0033333333333333335,Low
0,0,0.0,0,0.0033333333333333335,Low
0,0,0.03333333333333333,0,0.023333333333333334,Low
0,0,0.016666666666666666,0,0.023333333333333334,Low
0,0,0.016666666666666666,0,0.03,Low
0,0,0.016666666666666666,0,0.023333333333333334,Low
1,1,0.6066666666666667,1,0.86,Urgent
0,0,0.02,0,0.013333333333333334,Low
0,0,0.04,0,0.01,Low
0,0,0.02666666666666667,0,0.006666666666666667,Low
0,0,0.0033333333333333335,0,0.023333333333333334,Low
0,0,0.02,0,0.02,Low
0,0,0.01,0,0.006666666666666667,Low
0,0,0.016666666666666666,0,0.0033333333333333335,Low
0,0,0.023333333333333334,0,0.006666666666666667,Low
0,0,0.0033333333333333335,0,0.0,Low
0,0,0.0033333333333333335,0,0.0,Low
0,0,0.0033333333333333335,0,0.0,Low
0,0,0.0033333333333333335,0,0.0,Low
0,0,0.0,0,0.0,Low
0,0,0.013333333333333334,0,0.0,Low
0,0,0.006666666666666667,0,0.0033333333333333335,Low
0,0,0.0033333333333333335,0,0.03,Low
0,0,0.0033333333333333335,0,0.02,Low
0,0,0.07,0,0.22,Low
0,0,0.02,0,0.02666666666666667,Low
0,0,0.36333333333333334,0,0.45,Moderate
0,0,0.0033333333333333335,0,0.006666666666666667,Low
0,0,0.43666666666666665,1,0.83,High
0,0,0.19666666666666666,0,0.31,Low
0,0,0.0,0,0.0033333333333333335,Low
0,0,0.05333333333333334,0,0.02666666666666667,Low
0,0,0.09666666666666666,0,0.01,Low
0,0,0.03333333333333333,0,0.006666666666666667,Low
0,0,0.2966666666666667,0,0.17333333333333334,Low
0,0,0.0,0,0.0,Low
0,0,0.16666666666666666,0,0.09,Low
0,0,0.32,0,0.20333333333333334,Low
0,1,0.58,1,0.8966666666666666,Urgent
0,0,0.006666666666666667,0,0.006666666666666667,Low
0,0,0.03333333333333333,0,0.006666666666666667,Low
0,0,0.04,0,0.006666666666666667,Low
0,0,0.03,0,0.006666666666666667,Low
0,0,0.01,0,0.0033333333333333335,Low
0,0,0.0,0,0.0,Low
0,0,0.016666666666666666,0,0.0033333333333333335,Low
0,0,0.0,0,0.0,Low
0,0,0.0,0,0.0,Low
0,0,0.0,0,0.0,Low
0,0,0.0,0,0.0,Low
0,0,0.0033333333333333335,0,0.0,Low
0,0,0.0,0,0.0,Low
0,0,0.013333333333333334,0,0.0,Low
0,0,0.006666666666666667,0,0.0,Low
0,0,0.03,0,0.0033333333333333335,Low
0,0,0.05,0,0.023333333333333334,Low
0,0,0.04,0,0.03,Low
0,0,0.06,0,0.03666666666666667,Low
0,0,0.043333333333333335,0,0.01,Low
0,0,0.0,0,0.006666666666666667,Low
0,0,0.0,0,0.0,Low
0,0,0.006666666666666667,0,0.0033333333333333335,Low
0,0,0.01,0,0.0033333333333333335,Low
0,0,0.0033333333333333335,0,0.0,Low
0,0,0.013333333333333334,0,0.0033333333333333335,Low
1,1,0.9866666666666667,1,0.54,Moderate
0,0,0.07666666666666666,1,0.53,Moderate
0,0,0.0033333333333333335,0,0.02666666666666667,Low
0,0,0.013333333333333334,0,0.013333333333333334,Low
0,0,0.01,0,0.03,Low
0,0,0.056666666666666664,0,0.05,Low
0,0,0.013333333333333334,0,0.01,Low
0,0,0.03,0,0.0033333333333333335,Low
0,0,0.0,0,0.0,Low
0,0,0.023333333333333334,0,0.013333333333333334,Low
0,0,0.05,0,0.006666666666666667,Low
0,0,0.02,0,0.0,Low
0,0,0.0033333333333333335,0,0.006666666666666667,Low
0,0,0.016666666666666666,0,0.0033333333333333335,Low
0,0,0.0033333333333333335,0,0.0033333333333333335,Low
0,0,0.0033333333333333335,0,0.0,Low
0,0,0.01,0,0.006666666666666667,Low
0,0,0.0033333333333333335,0,0.0,Low
0,0,0.006666666666666667,0,0.0033333333333333335,Low
0,0,0.0,0,0.0,Low
0,0,0.18666666666666668,0,0.0,Low
0,0,0.043333333333333335,0,0.0,Low
0,0,0.0,0,0.0,Low
0,0,0.03,0,0.02666666666666667,Low
0,0,0.03333333333333333,0,0.03,Low
0,0,0.03,0,0.04666666666666667,Low
0,1,0.57,1,0.64,High
0,0,0.02,0,0.02666666666666667,Low
0,0,0.01,0,0.0,Low
0,0,0.016666666666666666,0,0.0033333333333333335,Low
0,0,0.34,0,0.3933333333333333,Moderate
0,0,0.48333333333333334,0,0.37,Moderate
0,0,0.06333333333333334,0,0.01,Low
0,1,0.5366666666666666,0,0.25,Low
0,1,0.8833333333333333,1,0.6066666666666667,High
0,0,0.0033333333333333335,0,0.0,Low
0,0,0.03666666666666667,0,0.29333333333333333,Low
0,0,0.02,0,0.05333333333333334,Low
0,0,0.03666666666666667,0,0.0033333333333333335,Low
0,0,0.006666666666666667,0,0.0,Low
0,0,0.0033333333333333335,0,0.016666666666666666,Low
0,0,0.03333333333333333,0,0.03,Low
1,1,0.9966666666666667,1,0.6666666666666666,High
0,0,0.006666666666666667,0,0.006666666666666667,Low
0,1,0.5833333333333334,1,0.5566666666666666,Moderate
0,0,0.2966666666666667,0,0.15666666666666668,Low
0,0,0.08333333333333333,0,0.02666666666666667,Low
0,0,0.09666666666666666,0,0.03333333333333333,Low
0,1,0.6566666666666666,0,0.44333333333333336,Moderate
0,0,0.09333333333333334,0,0.03666666666666667,Low
0,1,0.8,0,0.47333333333333333,Moderate
0,0,0.07,0,0.013333333333333334,Low
0,0,0.09666666666666666,0,0.023333333333333334,Low
0,0,0.33666666666666667,0,0.18333333333333332,Low
0,0,0.01,0,0.0033333333333333335,Low
0,0,0.06,0,0.03,Low
0,0,0.0,0,0.0,Low
0,0,0.0,0,0.006666666666666667,Low
0,0,0.056666666666666664,0,0.11,Low
0,0,0.023333333333333334,0,0.09666666666666666,Low
0,0,0.0,0,0.0,Low
0,0,0.0033333333333333335,0,0.0,Low
0,0,0.03666666666666667,0,0.013333333333333334,Low
0,1,0.8433333333333334,1,0.9966666666666667,Urgent
0,0,0.04,0,0.01,Low
0,1,0.8933333333333333,1,0.9933333333333333,Urgent
0,0,0.08333333333333333,0,0.24333333333333335,Low
0,1,0.5933333333333334,1,0.6666666666666666,High
0,0,0.0033333333333333335,0,0.0033333333333333335,Low
0,0,0.0,0,0.0,Low
0,0,0.0,0,0.0033333333333333335,Low
0,0,0.0,0,0.0,Low
0,0,0.0,0,0.0,Low
0,0,0.006666666666666667,0,0.0033333333333333335,Low
0,0,0.02666666666666667,0,0.13666666666666666,Low
0,0,0.02,0,0.006666666666666667,Low
0,0,0.016666666666666666,0,0.006666666666666667,Low
0,0,0.03,0,0.013333333333333334,Low
0,0,0.0,0,0.0,Low
0,0,0.0033333333333333335,0,0.0,Low
0,0,0.0,0,0.0,Low
0,0,0.043333333333333335,0,0.03333333333333333,Low
0,0,0.0,0,0.0033333333333333335,Low
0,0,0.0,0,0.0,Low
0,0,0.0033333333333333335,0,0.0,Low
0,0,0.0033333333333333335,0,0.0,Low
0,0,0.013333333333333334,0,0.0033333333333333335,Low
0,0,0.023333333333333334,0,0.0033333333333333335,Low
0,0,0.04666666666666667,0,0.016666666666666666,Low
0,0,0.0033333333333333335,0,0.0,Low
0,0,0.03666666666666667,0,0.02,Low
0,0,0.01,0,0.02,Low
0,0,0.056666666666666664,0,0.04666666666666667,Low
0,0,0.01,0,0.0,Low
0,0,0.0033333333333333335,0,0.0,Low
0,0,0.006666666666666667,0,0.006666666666666667,Low
0,0,0.006666666666666667,0,0.0,Low
0,0,0.006666666666666667,0,0.0033333333333333335,Low
0,0,0.05,0,0.0,Low
0,0,0.056666666666666664,0,0.0,Low
0,0,0.0,0,0.0,Low
0,0,0.0033333333333333335,0,0.0,Low
0,0,0.02,0,0.0033333333333333335,Low
0,0,0.03333333333333333,0,0.013333333333333334,Low
0,0,0.013333333333333334,0,0.016666666666666666,Low
0,0,0.016666666666666666,0,0.043333333333333335,Low
0,0,0.013333333333333334,0,0.023333333333333334,Low
0,0,0.01,0,0.02,Low
1,1,0.5833333333333334,1,0.87,Urgent
0,0,0.016666666666666666,0,0.03666666666666667,Low
0,0,0.0033333333333333335,0,0.0033333333333333335,Low
0,0,0.0,0,0.0,Low
0,0,0.0,0,0.0,Low
0,0,0.0,0,0.0,Low
0,0,0.08333333333333333,0,0.0,Low
0,0,0.0033333333333333335,0,0.0,Low
0,0,0.0,0,0.0,Low
0,0,0.0,0,0.0,Low
0,0,0.0,0,0.0,Low
0,0,0.02,0,0.006666666666666667,Low
0,0,0.006666666666666667,0,0.0,Low
0,0,0.0033333333333333335,0,0.0033333333333333335,Low
0,0,0.0033333333333333335,0,0.0,Low
0,0,0.0,0,0.0,Low
0,0,0.03333333333333333,0,0.006666666666666667,Low
0,0,0.08333333333333333,0,0.05,Low
0,0,0.013333333333333334,0,0.0033333333333333335,Low
0,0,0.01,0,0.0033333333333333335,Low
0,0,0.01,0,0.0,Low
0,0,0.023333333333333334,0,0.04,Low
0,0,0.043333333333333335,0,0.05333333333333334,Low
0,0,0.05333333333333334,0,0.04,Low
1,1,0.6133333333333333,1,0.9533333333333334,Urgent
0,0,0.04,0,0.016666666666666666,Low
1,1,1.0,1,1.0,Urgent
0,0,0.04,0,0.03333333333333333,Low
1,1,1.0,1,0.97,Urgent
0,1,0.8166666666666667,1,0.71,High
0,1,0.7533333333333333,1,0.9066666666666666,Urgent
0,0,0.0033333333333333335,0,0.0,Low
0,0,0.01,0,0.0,Low
0,0,0.37333333333333335,0,0.29333333333333333,Low
0,1,0.6133333333333333,0,0.24666666666666667,Low
0,0,0.13,0,0.07,Low
0,0,0.013333333333333334,0,0.006666666666666667,Low
0,0,0.023333333333333334,0,0.013333333333333334,Low
0,0,0.39,0,0.44333333333333336,Moderate
0,0,0.02,0,0.0033333333333333335,Low
0,0,0.03666666666666667,0,0.006666666666666667,Low
0,0,0.03666666666666667,0,0.006666666666666667,Low
0,0,0.02666666666666667,0,0.01,Low
0,0,0.32,0,0.42333333333333334,Moderate
0,0,0.006666666666666667,0,0.0,Low
0,0,0.01,0,0.006666666666666667,Low
0,0,0.01,0,0.006666666666666667,Low
0,0,0.023333333333333334,0,0.0,Low
0,0,0.14,0,0.07333333333333333,Low
0,0,0.016666666666666666,0,0.0033333333333333335,Low
0,0,0.016666666666666666,0,0.0,Low
0,0,0.006666666666666667,0,0.05333333333333334,Low
0,0,0.013333333333333334,0,0.0,Low
0,0,0.13666666666666666,0,0.06333333333333334,Low
0,0,0.03,0,0.01,Low
0,0,0.4633333333333333,0,0.23333333333333334,Low
0,0,0.03666666666666667,0,0.006666666666666667,Low
0,0,0.056666666666666664,0,0.05333333333333334,Low
0,0,0.02,0,0.01,Low
0,0,0.16,1,0.63,High
0,0,0.02,0,0.0033333333333333335,Low
0,0,0.013333333333333334,0,0.0,Low
0,1,0.5666666666666667,0,0.26,Low
0,0,0.06333333333333334,0,0.02666666666666667,Low
0,0,0.0033333333333333335,0,0.0,Low
0,0,0.023333333333333334,0,0.006666666666666667,Low
0,0,0.09333333333333334,0,0.023333333333333334,Low
0,0,0.11666666666666667,0,0.03666666666666667,Low
0,0,0.36333333333333334,0,0.49333333333333335,Moderate
0,0,0.07666666666666666,0,0.03666666666666667,Low
0,0,0.05333333333333334,1,0.5066666666666667,Moderate
0,0,0.06333333333333334,0,0.06333333333333334,Low
0,0,0.04666666666666667,0,0.01,Low
0,0,0.10666666666666667,0,0.06,Low
0,0,0.49666666666666665,0,0.3433333333333333,Low
0,1,0.5766666666666667,0,0.36666666666666664,Moderate
0,1,0.77,1,0.59,Moderate
0,1,0.88,1,0.9966666666666667,Urgent
0,0,0.09666666666666666,0,0.04,Low
0,0,0.06333333333333334,0,0.02,Low
0,0,0.03666666666666667,0,0.27,Low
0,0,0.3233333333333333,0,0.11333333333333333,Low
0,0,0.06333333333333334,0,0.01,Low
0,0,0.043333333333333335,0,0.03666666666666667,Low
0,1,0.83,1,0.7133333333333334,High
0,0,0.2733333333333333,0,0.17,Low
0,0,0.11666666666666667,0,0.05333333333333334,Low
0,0,0.36333333333333334,0,0.4266666666666667,Moderate
0,0,0.12666666666666668,0,0.14,Low
0,0,0.17,0,0.11666666666666667,Low
0,1,0.66,1,0.57,Moderate
0,1,0.6433333333333333,1,0.93,Urgent
0,0,0.023333333333333334,0,0.02666666666666667,Low
0,0,0.006666666666666667,0,0.0,Low
0,0,0.006666666666666667,0,0.016666666666666666,Low
0,0,0.0033333333333333335,0,0.01,Low
0,0,0.3,0,0.13666666666666666,Low
0,0,0.08666666666666667,0,0.04666666666666667,Low
0,0,0.01,0,0.0,Low
0,0,0.0,0,0.0,Low
0,0,0.06333333333333334,0,0.006666666666666667,Low
0,0,0.11,0,0.056666666666666664,Low
0,0,0.09666666666666666,0,0.043333333333333335,Low
0,1,0.8066666666666666,1,0.52,Moderate
0,0,0.056666666666666664,0,0.03,Low
0,0,0.07666666666666666,0,0.03666666666666667,Low
0,1,0.67,0,0.43333333333333335,Moderate
0,0,0.06666666666666667,0,0.02666666666666667,Low
0,0,0.09,0,0.04,Low
0,0,0.28,0,0.18,Low
0,0,0.006666666666666667,0,0.0,Low
0,0,0.006666666666666667,0,0.0,Low
0,1,0.5033333333333333,0,0.2,Low
0,0,0.016666666666666666,0,0.013333333333333334,Low
0,0,0.49333333333333335,0,0.42,Moderate
0,0,0.03666666666666667,0,0.023333333333333334,Low
0,0,0.07333333333333333,0,0.013333333333333334,Low
0,1,0.8833333333333333,1,0.5333333333333333,Moderate
0,0,0.023333333333333334,0,0.006666666666666667,Low
0,0,0.03333333333333333,0,0.15333333333333332,Low
0,0,0.03,0,0.0033333333333333335,Low
0,0,0.04666666666666667,0,0.10333333333333333,Low
0,0,0.05333333333333334,0,0.14333333333333334,Low
0,0,0.02666666666666667,0,0.006666666666666667,Low
0,0,0.0,0,0.0,Low
0,0,0.013333333333333334,0,0.0033333333333333335,Low
0,0,0.01,0,0.0033333333333333335,Low
0,0,0.03666666666666667,0,0.0033333333333333335,Low
0,0,0.37666666666666665,0,0.41,Moderate
0,0,0.09333333333333334,0,0.03666666666666667,Low
0,0,0.05,0,0.01,Low
0,0,0.05,0,0.01,Low
0,0,0.04666666666666667,0,0.013333333333333334,Low
0,1,0.78,1,0.5466666666666666,Moderate
0,0,0.03666666666666667,0,0.006666666666666667,Low
0,0,0.02,0,0.006666666666666667,Low
0,0,0.02,0,0.24,Low
0,0,0.006666666666666667,0,0.0,Low
0,0,0.01,0,0.0,Low
0,0,0.03333333333333333,0,0.006666666666666667,Low
0,0,0.01,0,0.0033333333333333335,Low
0,1,0.6266666666666667,1,0.93,Urgent
0,0,0.01,0,0.03333333333333333,Low
0,0,0.0033333333333333335,0,0.0,Low
0,0,0.01,0,0.0,Low
0,0,0.023333333333333334,0,0.13333333333333333,Low
0,0,0.013333333333333334,0,0.0033333333333333335,Low
0,0,0.04,0,0.006666666666666667,Low
0,0,0.013333333333333334,0,0.0033333333333333335,Low
0,0,0.01,0,0.12666666666666668,Low
0,0,0.38,1,0.5233333333333333,Moderate
0,0,0.043333333333333335,0,0.013333333333333334,Low
0,0,0.006666666666666667,0,0.0,Low
0,0,0.33666666666666667,1,0.87,Urgent
0,0,0.043333333333333335,0,0.01,Low
0,0,0.02666666666666667,0,0.0033333333333333335,Low
0,0,0.30333333333333334,0,0.20666666666666667,Low
0,0,0.03666666666666667,0,0.006666666666666667,Low
0,0,0.0,0,0.006666666666666667,Low
0,1,0.55,1,0.7266666666666667,High
0,0,0.006666666666666667,0,0.006666666666666667,Low
0,0,0.006666666666666667,0,0.0,Low
0,0,0.0033333333333333335,0,0.0,Low
0,0,0.3233333333333333,1,0.87,Urgent
0,0,0.0,0,0.0,Low
0,0,0.02666666666666667,0,0.01,Low
0,0,0.03333333333333333,0,0.013333333333333334,Low
1,1,0.9933333333333333,1,0.63,High
0,0,0.0,0,0.0,Low
0,0,0.006666666666666667,0,0.0033333333333333335,Low
0,0,0.013333333333333334,0,0.01,Low
0,0,0.0,0,0.0,Low
0,0,0.06,0,0.2,Low
0,0,0.38,0,0.14666666666666667,Low
0,1,0.8,1,0.8533333333333334,Urgent
0,0,0.08,0,0.03666666666666667,Low
0,0,0.03,0,0.0,Low
0,0,0.056666666666666664,0,0.02,Low
0,0,0.056666666666666664,0,0.01,Low
0,0,0.04,0,0.03333333333333333,Low
0,0,0.023333333333333334,0,0.006666666666666667,Low
0,0,0.0033333333333333335,0,0.0,Low
0,0,0.06,0,0.013333333333333334,Low
0,0,0.043333333333333335,0,0.023333333333333334,Low
0,0,0.06,0,0.04666666666666667,Low
0,0,0.06666666666666667,0,0.043333333333333335,Low
0,0,0.0,0,0.0,Low
0,0,0.013333333333333334,0,0.006666666666666667,Low
0,0,0.0,0,0.0,Low
0,0,0.0,0,0.0033333333333333335,Low
0,0,0.11666666666666667,0,0.043333333333333335,Low
0,0,0.043333333333333335,0,0.013333333333333334,Low
0,0,0.06333333333333334,0,0.013333333333333334,Low
0,0,0.04,0,0.01,Low
0,0,0.03333333333333333,0,0.006666666666666667,Low
0,0,0.043333333333333335,0,0.006666666666666667,Low
0,0,0.0,0,0.0,Low
0,0,0.0,0,0.0033333333333333335,Low
0,0,0.05333333333333334,0,0.013333333333333334,Low
0,0,0.04,0,0.006666666666666667,Low
0,0,0.08333333333333333,0,0.016666666666666666,Low
0,0,0.05,0,0.013333333333333334,Low
0,0,0.023333333333333334,0,0.04666666666666667,Low
0,0,0.0033333333333333335,0,0.0,Low
0,0,0.043333333333333335,0,0.013333333333333334,Low
0,0,0.023333333333333334,0,0.006666666666666667,Low
0,0,0.03333333333333333,0,0.013333333333333334,Low
0,0,0.06333333333333334,0,0.013333333333333334,Low
0,0,0.016666666666666666,0,0.01,Low
0,0,0.0033333333333333335,0,0.0033333333333333335,Low
0,0,0.006666666666666667,0,0.0,Low
0,0,0.0033333333333333335,0,0.02666666666666667,Low
0,0,0.016666666666666666,0,0.013333333333333334,Low
1,0,0.29,1,0.8933333333333333,Urgent
0,0,0.056666666666666664,0,0.03666666666666667,Low
1,1,0.7333333333333333,1,0.9833333333333333,Urgent
0,0,0.05,0,0.04,Low
0,0,0.01,0,0.01,Low
0,0,0.02666666666666667,0,0.03666666666666667,Low
0,0,0.016666666666666666,0,0.03333333333333333,Low
0,0,0.05,0,0.04666666666666667,Low
1,1,0.5133333333333333,1,0.94,Urgent
0,0,0.04666666666666667,0,0.043333333333333335,Low
1,0,0.36666666666666664,1,0.82,High
0,0,0.04,0,0.013333333333333334,Low
1,1,0.96,1,0.8833333333333333,Urgent
0,1,0.5733333333333334,1,0.54,Moderate
0,0,0.24333333333333335,0,0.22666666666666666,Low
0,0,0.13333333333333333,0,0.05333333333333334,Low
0,0,0.05333333333333334,0,0.023333333333333334,Low
0,0,0.4633333333333333,1,0.53,Moderate
0,0,0.05333333333333334,0,0.023333333333333334,Low
0,0,0.02,0,0.0,Low
1,1,0.98,1,0.6566666666666666,High
0,0,0.023333333333333334,0,0.0,Low
0,0,0.0,0,0.01,Low
0,0,0.03666666666666667,0,0.01,Low
0,0,0.02,0,0.006666666666666667,Low
0,0,0.056666666666666664,0,0.44,Moderate
0,0,0.0,0,0.0,Low
0,0,0.016666666666666666,0,0.0,Low
0,0,0.07666666666666666,0,0.01,Low
0,0,0.26,0,0.30333333333333334,Low
1,1,0.9866666666666667,1,0.67,High
0,0,0.006666666666666667,0,0.0033333333333333335,Low
0,0,0.0033333333333333335,0,0.11,Low
0,0,0.0,0,0.0,Low
0,0,0.0,0,0.0033333333333333335,Low
0,0,0.013333333333333334,0,0.05333333333333334,Low
0,0,0.006666666666666667,0,0.0033333333333333335,Low
0,0,0.0,0,0.0,Low
0,0,0.006666666666666667,0,0.0033333333333333335,Low
0,0,0.31666666666666665,0,0.26666666666666666,Low
0,0,0.03666666666666667,0,0.01,Low
0,0,0.02,0,0.0033333333333333335,Low
0,0,0.2966666666666667,0,0.2633333333333333,Low
0,0,0.19333333333333333,0,0.11333333333333333,Low
0,0,0.06333333333333334,0,0.0,Low
0,0,0.15,0,0.42333333333333334,Moderate
0,0,0.0,0,0.0,Low
0,0,0.0033333333333333335,0,0.0,Low
0,0,0.0,0,0.0033333333333333335,Low
0,0,0.46,0,0.4,Moderate
0,0,0.0,0,0.0,Low
0,0,0.01,0,0.0,Low
0,0,0.006666666666666667,0,0.0033333333333333335,Low
0,0,0.08,0,0.006666666666666667,Low
0,0,0.06666666666666667,0,0.016666666666666666,Low
0,0,0.04,0,0.06,Low
0,0,0.0033333333333333335,0,0.006666666666666667,Low
0,0,0.0033333333333333335,0,0.006666666666666667,Low
0,0,0.11666666666666667,0,0.05,Low
0,0,0.08,0,0.11,Low
0,0,0.04666666666666667,0,0.016666666666666666,Low
0,0,0.043333333333333335,0,0.01,Low
0,0,0.056666666666666664,0,0.03666666666666667,Low
0,1,0.79,1,0.9733333333333334,Urgent
0,0,0.0,0,0.0,Low
0,0,0.006666666666666667,0,0.0033333333333333335,Low
0,1,0.7833333333333333,1,0.93,Urgent
0,0,0.01,0,0.006666666666666667,Low
0,0,0.03,0,0.01,Low
0,0,0.0,0,0.16,Low
0,0,0.07666666666666666,0,0.04,Low
0,0,0.056666666666666664,0,0.023333333333333334,Low
0,0,0.03333333333333333,0,0.01,Low
0,0,0.03,0,0.0033333333333333335,Low
0,0,0.22,0,0.12666666666666668,Low
0,0,0.02666666666666667,0,0.16,Low
0,0,0.023333333333333334,0,0.013333333333333334,Low
0,0,0.006666666666666667,0,0.0033333333333333335,Low
0,0,0.02,0,0.006666666666666667,Low
0,0,0.013333333333333334,0,0.006666666666666667,Low
0,0,0.14333333333333334,0,0.06333333333333334,Low
0,1,0.7466666666666667,1,0.96,Urgent
0,0,0.0,0,0.0,Low
0,0,0.013333333333333334,0,0.0,Low
0,0,0.05333333333333334,0,0.02666666666666667,Low
0,1,0.5866666666666667,1,0.8633333333333333,Urgent
0,0,0.01,0,0.0,Low
0,0,0.07666666666666666,0,0.05,Low
0,0,0.2,0,0.09,Low
0,0,0.03,0,0.0033333333333333335,Low
0,1,0.54,1,0.5233333333333333,Moderate
1,1,0.9933333333333333,1,0.77,High
0,0,0.006666666666666667,0,0.0033333333333333335,Low
0,0,0.11,0,0.006666666666666667,Low
0,0,0.06333333333333334,0,0.01,Low
0,0,0.14,0,0.23,Low
0,0,0.20666666666666667,0,0.14666666666666667,Low
0,1,0.6366666666666667,1,0.86,Urgent
0,1,0.85,1,0.9766666666666667,Urgent
0,0,0.07,0,0.056666666666666664,Low
0,0,0.1,0,0.04666666666666667,Low
0,0,0.023333333333333334,0,0.20666666666666667,Low
0,0,0.0033333333333333335,0,0.0,Low
0,0,0.013333333333333334,0,0.0,Low
0,0,0.2866666666666667,0,0.07333333333333333,Low
0,0,0.03333333333333333,0,0.043333333333333335,Low
0,0,0.013333333333333334,0,0.006666666666666667,Low
0,0,0.03333333333333333,0,0.006666666666666667,Low
0,0,0.11666666666666667,0,0.023333333333333334,Low
0,0,0.17666666666666667,0,0.48333333333333334,Moderate
0,0,0.04,0,0.013333333333333334,Low
0,0,0.01,0,0.01,Low
0,0,0.03333333333333333,0,0.006666666666666667,Low
0,1,0.65,0,0.44666666666666666,Moderate
0,0,0.016666666666666666,0,0.0,Low
0,0,0.32,0,0.24333333333333335,Low
0,0,0.02,0,0.0,Low
0,0,0.03333333333333333,0,0.0033333333333333335,Low
0,0,0.25333333333333335,0,0.38333333333333336,Moderate
1,1,0.9633333333333334,1,0.53,Moderate
0,0,0.043333333333333335,0,0.01,Low
0,0,0.13666666666666666,0,0.4533333333333333,Moderate
0,0,0.01,0,0.01,Low
0,1,0.71,0,0.45666666666666667,Moderate
0,0,0.016666666666666666,0,0.02,Low
0,0,0.44666666666666666,0,0.44,Moderate
0,0,0.02666666666666667,0,0.07,Low
0,0,0.03,0,0.02,Low
0,0,0.0033333333333333335,0,0.0,Low
0,0,0.01,0,0.013333333333333334,Low
0,0,0.05,0,0.006666666666666667,Low
0,1,0.5266666666666666,0,0.31333333333333335,Low
0,0,0.043333333333333335,0,0.023333333333333334,Low
1,1,0.78,1,0.9733333333333334,Urgent
0,0,0.013333333333333334,0,0.006666666666666667,Low
0,0,0.02666666666666667,0,0.0033333333333333335,Low
0,0,0.07333333333333333,0,0.013333333333333334,Low
0,0,0.0033333333333333335,0,0.0,Low
0,0,0.016666666666666666,0,0.25333333333333335,Low
0,0,0.02,0,0.01,Low
0,0,0.04,0,0.013333333333333334,Low
0,0,0.32666666666666666,0,0.20666666666666667,Low
0,0,0.01,0,0.013333333333333334,Low
0,0,0.056666666666666664,0,0.016666666666666666,Low
0,0,0.31666666666666665,1,0.6066666666666667,High
0,0,0.0033333333333333335,0,0.0033333333333333335,Low
0,0,0.0033333333333333335,0,0.0,Low
0,0,0.0,0,0.0,Low
0,0,0.14666666666666667,0,0.1,Low
0,0,0.016666666666666666,0,0.0,Low
0,0,0.01,0,0.01,Low
0,0,0.016666666666666666,0,0.0033333333333333335,Low
0,0,0.47,1,0.85,High
0,0,0.01,0,0.013333333333333334,Low
0,0,0.0,0,0.0,Low
0,0,0.03,0,0.14,Low
0,0,0.0033333333333333335,0,0.0,Low
0,0,0.01,0,0.0,Low
0,0,0.0033333333333333335,0,0.0,Low
0,0,0.08,0,0.33,Low
0,0,0.04666666666666667,0,0.06666666666666667,Low
0,0,0.05,0,0.013333333333333334,Low
0,0,0.02,0,0.0033333333333333335,Low
0,0,0.023333333333333334,0,0.006666666666666667,Low
0,0,0.36666666666666664,1,0.93,Urgent
0,0,0.03666666666666667,0,0.08333333333333333,Low
0,0,0.043333333333333335,0,0.09666666666666666,Low
0,0,0.01,0,0.0033333333333333335,Low
0,0,0.016666666666666666,0,0.01,Low
0,0,0.013333333333333334,0,0.01,Low
0,1,0.86,1,0.8933333333333333,Urgent
0,1,0.66,0,0.2633333333333333,Low
0,0,0.013333333333333334,0,0.0033333333333333335,Low
0,0,0.05333333333333334,0,0.016666666666666666,Low
0,1,0.5133333333333333,1,0.77,High
0,0,0.0033333333333333335,0,0.0033333333333333335,Low
0,0,0.023333333333333334,0,0.006666666666666667,Low
0,0,0.0033333333333333335,0,0.0,Low
0,0,0.006666666666666667,0,0.21,Low
0,0,0.0,0,0.006666666666666667,Low
0,0,0.0033333333333333335,0,0.0,Low
0,0,0.07666666666666666,0,0.02,Low
0,0,0.006666666666666667,0,0.0,Low
0,0,0.04,0,0.0,Low
0,0,0.34,1,0.8266666666666667,High
0,0,0.0033333333333333335,0,0.0033333333333333335,Low
0,0,0.006666666666666667,0,0.20333333333333334,Low
0,0,0.33,1,0.8066666666666666,High
0,0,0.02666666666666667,0,0.006666666666666667,Low
0,0,0.006666666666666667,0,0.12333333333333334,Low
0,0,0.0,0,0.0,Low
0,0,0.07,0,0.4766666666666667,Moderate
0,0,0.023333333333333334,0,0.0,Low
0,1,0.5066666666666667,1,0.9166666666666666,Urgent
0,0,0.03,0,0.006666666666666667,Low
0,0,0.0,0,0.0,Low
0,0,0.0,0,0.0,Low
0,0,0.006666666666666667,1,0.5133333333333333,Moderate
0,0,0.36666666666666664,1,0.78,High
0,0,0.043333333333333335,0,0.016666666666666666,Low
0,1,0.7633333333333333,0,0.4766666666666667,Moderate
0,0,0.03,0,0.0033333333333333335,Low
0,0,0.04,0,0.04,Low
0,0,0.013333333333333334,0,0.22333333333333333,Low
0,0,0.0033333333333333335,0,0.0033333333333333335,Low
0,0,0.0,0,0.0,Low
0,0,0.0,0,0.0033333333333333335,Low
0,0,0.023333333333333334,0,0.006666666666666667,Low
0,0,0.04,0,0.01,Low
0,1,0.5833333333333334,1,0.9166666666666666,Urgent
0,0,0.013333333333333334,0,0.0,Low
0,1,0.6566666666666666,1,0.7533333333333333,High
0,0,0.06666666666666667,0,0.02,Low
0,0,0.01,0,0.0,Low
0,0,0.006666666666666667,0,0.0,Low
0,0,0.0033333333333333335,0,0.0,Low
0,0,0.1,0,0.23,Low
0,0,0.02,0,0.0,Low
0,0,0.06,0,0.02666666666666667,Low
0,0,0.09,0,0.43,Moderate
0,0,0.04,0,0.02,Low
0,0,0.023333333333333334,0,0.006666666666666667,Low
0,0,0.25333333333333335,0,0.16666666666666666,Low
0,0,0.023333333333333334,0,0.01,Low
0,0,0.04666666666666667,0,0.01,Low
0,0,0.48,0,0.2633333333333333,Low
0,0,0.14666666666666667,0,0.013333333333333334,Low
0,0,0.11333333333333333,0,0.42,Moderate
0,0,0.06666666666666667,0,0.02666666666666667,Low
0,0,0.023333333333333334,0,0.04,Low
0,0,0.06,0,0.043333333333333335,Low
0,0,0.006666666666666667,0,0.006666666666666667,Low
0,0,0.013333333333333334,0,0.0,Low
0,0,0.013333333333333334,0,0.0033333333333333335,Low
0,0,0.09333333333333334,1,0.6833333333333333,High
0,1,0.6733333333333333,1,0.7933333333333333,High
0,1,0.8133333333333334,1,0.5566666666666666,Moderate
0,0,0.07333333333333333,0,0.01,Low
0,0,0.14666666666666667,0,0.06333333333333334,Low
0,0,0.04666666666666667,0,0.26,Low
0,0,0.016666666666666666,0,0.0033333333333333335,Low
0,0,0.0033333333333333335,0,0.0,Low
0,0,0.01,0,0.0,Low
0,0,0.18666666666666668,0,0.013333333333333334,Low
0,0,0.01,0,0.0033333333333333335,Low
0,0,0.056666666666666664,0,0.27666666666666667,Low
0,0,0.006666666666666667,0,0.0033333333333333335,Low
0,0,0.016666666666666666,0,0.1,Low
0,0,0.02,0,0.0033333333333333335,Low
0,0,0.09333333333333334,0,0.10333333333333333,Low
0,0,0.2633333333333333,0,0.15,Low
0,0,0.06,0,0.016666666666666666,Low
0,0,0.06333333333333334,0,0.056666666666666664,Low
0,0,0.016666666666666666,0,0.023333333333333334,Low
0,0,0.02666666666666667,0,0.006666666666666667,Low
0,0,0.03666666666666667,0,0.0033333333333333335,Low
0,0,0.0033333333333333335,0,0.0,Low
0,0,0.09666666666666666,0,0.016666666666666666,Low
0,0,0.013333333333333334,0,0.0,Low
0,0,0.08,0,0.016666666666666666,Low
0,0,0.006666666666666667,0,0.0033333333333333335,Low
0,0,0.023333333333333334,0,0.016666666666666666,Low
0,0,0.05,0,0.013333333333333334,Low
0,0,0.06,0,0.006666666666666667,Low
0,0,0.02,0,0.0,Low
0,0,0.47333333333333333,0,0.21666666666666667,Low
0,0,0.02,0,0.016666666666666666,Low
0,0,0.17,1,0.74,High
0,0,0.0033333333333333335,0,0.04666666666666667,Low
0,0,0.06333333333333334,0,0.03,Low
0,0,0.04666666666666667,0,0.06,Low
0,0,0.013333333333333334,0,0.006666666666666667,Low
0,0,0.0,0,0.0,Low
0,0,0.0,0,0.0033333333333333335,Low
1,1,0.9866666666666667,1,0.7233333333333334,High
0,0,0.09666666666666666,1,0.53,Moderate
0,0,0.013333333333333334,0,0.0033333333333333335,Low
0,0,0.07,0,0.016666666666666666,Low
0,0,0.3566666666666667,0,0.19666666666666666,Low
0,0,0.06333333333333334,0,0.3433333333333333,Low
0,0,0.043333333333333335,0,0.013333333333333334,Low
0,0,0.043333333333333335,0,0.04,Low
0,0,0.04,0,0.01,Low
0,0,0.05333333333333334,0,0.02,Low
0,0,0.06,0,0.023333333333333334,Low
0,0,0.15,0,0.013333333333333334,Low
0,0,0.043333333333333335,0,0.07666666666666666,Low
0,0,0.006666666666666667,0,0.0033333333333333335,Low
0,0,0.023333333333333334,0,0.03,Low
0,0,0.0033333333333333335,0,0.0,Low
0,0,0.23666666666666666,1,0.53,Moderate
0,0,0.11,0,0.03,Low
0,0,0.49,1,0.87,Urgent
0,0,0.08,0,0.02,Low
0,0,0.37,0,0.39,Moderate
0,0,0.06333333333333334,0,0.01,Low
0,0,0.06333333333333334,0,0.02666666666666667,Low
0,0,0.023333333333333334,0,0.016666666666666666,Low
1,1,1.0,1,0.99,Urgent
0,0,0.03666666666666667,0,0.013333333333333334,Low
0,0,0.01,0,0.0,Low
0,0,0.32666666666666666,0,0.21,Low
0,0,0.06,0,0.01,Low
0,0,0.09666666666666666,0,0.03333333333333333,Low
0,0,0.47333333333333333,0,0.37,Moderate
0,0,0.03666666666666667,0,0.013333333333333334,Low
0,1,0.5266666666666666,1,0.6066666666666667,High
0,0,0.07,0,0.02666666666666667,Low
0,0,0.02,0,0.016666666666666666,Low
0,0,0.0033333333333333335,0,0.08666666666666667,Low
0,0,0.016666666666666666,0,0.006666666666666667,Low
0,0,0.4033333333333333,1,0.5033333333333333,Moderate
0,0,0.09,0,0.02,Low
0,0,0.35333333333333333,1,0.8533333333333334,Urgent
0,0,0.0,0,0.0,Low
0,0,0.25666666666666665,0,0.48333333333333334,Moderate
0,0,0.04666666666666667,0,0.01,Low
0,0,0.056666666666666664,0,0.006666666666666667,Low
0,0,0.24333333333333335,0,0.33,Low
0,0,0.04666666666666667,0,0.006666666666666667,Low
0,0,0.04666666666666667,0,0.02,Low
0,0,0.49333333333333335,0,0.39666666666666667,Moderate
0,0,0.01,0,0.006666666666666667,Low
0,0,0.0033333333333333335,0,0.006666666666666667,Low
0,0,0.0,0,0.0,Low
0,0,0.0,0,0.0033333333333333335,Low
0,0,0.09333333333333334,0,0.03666666666666667,Low
1,1,1.0,1,0.9933333333333333,Urgent
0,0,0.05,0,0.14,Low
0,0,0.07,0,0.03333333333333333,Low
0,0,0.043333333333333335,0,0.006666666666666667,Low
0,0,0.03666666666666667,0,0.006666666666666667,Low
0,0,0.0,0,0.006666666666666667,Low
0,0,0.013333333333333334,0,0.25666666666666665,Low
0,0,0.006666666666666667,0,0.0033333333333333335,Low
0,0,0.0,0,0.0,Low
0,0,0.056666666666666664,0,0.0,Low
0,0,0.01,0,0.006666666666666667,Low
0,0,0.0033333333333333335,0,0.14666666666666667,Low
0,0,0.01,0,0.0033333333333333335,Low
0,0,0.06666666666666667,0,0.016666666666666666,Low
0,0,0.29,0,0.09333333333333334,Low
0,0,0.07,0,0.19333333333333333,Low
0,0,0.08,0,0.02666666666666667,Low
0,0,0.06666666666666667,0,0.02,Low
1,1,1.0,1,0.9366666666666666,Urgent
0,0,0.02,0,0.006666666666666667,Low
0,0,0.016666666666666666,0,0.0,Low
0,0,0.08,0,0.02666666666666667,Low
0,1,0.6466666666666666,0,0.4766666666666667,Moderate
0,0,0.0,0,0.0,Low
0,0,0.006666666666666667,0,0.0,Low
0,0,0.3933333333333333,0,0.25,Low
0,0,0.0033333333333333335,0,0.0,Low
0,0,0.09,0,0.0,Low
0,0,0.04,0,0.006666666666666667,Low
1,1,0.9933333333333333,1,0.7033333333333334,High
0,0,0.05333333333333334,0,0.48333333333333334,Moderate
0,0,0.01,0,0.016666666666666666,Low
0,0,0.01,0,0.0,Low
0,0,0.006666666666666667,0,0.0033333333333333335,Low
0,0,0.0,0,0.0,Low
0,0,0.02666666666666667,0,0.19666666666666666,Low
0,0,0.01,0,0.0,Low
0,0,0.0,0,0.0,Low
0,0,0.02,0,0.006666666666666667,Low
0,0,0.05,0,0.01,Low
0,1,0.62,1,0.95,Urgent
0,0,0.05,0,0.0033333333333333335,Low
0,0,0.04,0,0.006666666666666667,Low
0,0,0.05333333333333334,0,0.18333333333333332,Low
0,0,0.02666666666666667,0,0.006666666666666667,Low
0,0,0.08666666666666667,1,0.59,Moderate
0,0,0.0,0,0.0,Low
0,0,0.0,0,0.0,Low
0,0,0.02,0,0.01,Low
0,0,0.023333333333333334,0,0.016666666666666666,Low
0,1,0.6466666666666666,0,0.49666666666666665,Moderate
0,0,0.03666666666666667,0,0.006666666666666667,Low
0,0,0.2833333333333333,1,0.6433333333333333,High
0,0,0.05333333333333334,0,0.12,Low
0,0,0.01,0,0.0,Low
0,0,0.01,0,0.02,Low
0,0,0.02,0,0.0033333333333333335,Low
0,1,0.6133333333333333,1,0.7366666666666667,High
0,0,0.05333333333333334,0,0.29333333333333333,Low
0,0,0.03666666666666667,0,0.006666666666666667,Low
0,0,0.03,0,0.006666666666666667,Low
0,0,0.03333333333333333,0,0.01,Low
0,0,0.02666666666666667,0,0.07,Low
0,0,0.01,0,0.0,Low
0,0,0.03,0,0.06,Low
0,0,0.01,0,0.0033333333333333335,Low
0,0,0.10333333333333333,0,0.05333333333333334,Low
0,0,0.01,0,0.016666666666666666,Low
0,0,0.006666666666666667,0,0.0,Low
0,0,0.04,0,0.47333333333333333,Moderate
0,0,0.01,0,0.0033333333333333335,Low
0,1,0.5633333333333334,0,0.4533333333333333,Moderate
0,0,0.03333333333333333,0,0.0,Low
0,0,0.02,0,0.0033333333333333335,Low
0,0,0.01,0,0.0033333333333333335,Low
0,0,0.0,0,0.0,Low
0,0,0.006666666666666667,0,0.0,Low
0,0,0.013333333333333334,0,0.23333333333333334,Low
0,0,0.016666666666666666,0,0.016666666666666666,Low
0,0,0.05333333333333334,0,0.016666666666666666,Low
0,0,0.016666666666666666,0,0.013333333333333334,Low
0,1,0.5866666666666667,0,0.4033333333333333,Moderate
0,0,0.06333333333333334,0,0.04666666666666667,Low
0,0,0.0033333333333333335,0,0.013333333333333334,Low
0,0,0.03333333333333333,0,0.006666666666666667,Low
0,0,0.01,0,0.0033333333333333335,Low
0,0,0.04,0,0.01,Low
0,0,0.006666666666666667,0,0.0,Low
0,0,0.14,1,0.7233333333333334,High
0,0,0.01,0,0.006666666666666667,Low
0,0,0.006666666666666667,0,0.0033333333333333335,Low
0,0,0.27,0,0.19333333333333333,Low
0,0,0.0033333333333333335,0,0.0,Low
0,0,0.01,0,0.0,Low
0,0,0.006666666666666667,0,0.0,Low
0,0,0.06333333333333334,0,0.41333333333333333,Moderate
0,0,0.023333333333333334,0,0.0,Low
0,0,0.0,0,0.0,Low
1,1,1.0,1,0.7933333333333333,High
0,0,0.0033333333333333335,0,0.0,Low
0,0,0.41,0,0.39,Moderate
0,0,0.05,0,0.016666666666666666,Low
0,0,0.44666666666666666,0,0.49,Moderate
0,0,0.09333333333333334,0,0.01,Low
0,0,0.07666666666666666,0,0.03333333333333333,Low
0,1,0.7666666666666667,1,0.5233333333333333,Moderate
0,0,0.03666666666666667,0,0.006666666666666667,Low
0,0,0.12666666666666668,0,0.02,Low
0,0,0.056666666666666664,0,0.08666666666666667,Low
0,0,0.006666666666666667,0,0.006666666666666667,Low
0,0,0.02,0,0.006666666666666667,Low
0,0,0.0033333333333333335,0,0.0,Low
0,0,0.006666666666666667,0,0.0033333333333333335,Low
0,0,0.06333333333333334,0,0.02666666666666667,Low
0,0,0.006666666666666667,0,0.0033333333333333335,Low
0,0,0.016666666666666666,0,0.0033333333333333335,Low
0,0,0.0033333333333333335,0,0.0,Low
1,1,0.9966666666666667,1,0.8,High
0,0,0.0,0,0.0,Low
0,0,0.006666666666666667,0,0.0,Low
0,0,0.013333333333333334,0,0.006666666666666667,Low
0,0,0.02,0,0.0033333333333333335,Low
0,0,0.36,1,0.7766666666666666,High
0,0,0.02,0,0.006666666666666667,Low
0,0,0.0033333333333333335,0,0.006666666666666667,Low
1,1,0.9966666666666667,1,1.0,Urgent
0,0,0.0,0,0.0,Low
0,1,0.78,1,0.52,Moderate
0,0,0.03666666666666667,0,0.01,Low
0,0,0.02666666666666667,0,0.01,Low
0,0,0.0,0,0.0,Low
0,0,0.006666666666666667,0,0.27666666666666667,Low
0,0,0.26666666666666666,0,0.38,Moderate
0,0,0.013333333333333334,0,0.0033333333333333335,Low
0,0,0.02,0,0.0033333333333333335,Low
0,0,0.03333333333333333,0,0.006666666666666667,Low
0,0,0.04,0,0.006666666666666667,Low
0,0,0.03666666666666667,0,0.006666666666666667,Low
0,0,0.0033333333333333335,0,0.0033333333333333335,Low
0,0,0.01,0,0.006666666666666667,Low
0,0,0.013333333333333334,0,0.01,Low
0,0,0.016666666666666666,0,0.0033333333333333335,Low
0,0,0.013333333333333334,0,0.0033333333333333335,Low
0,0,0.016666666666666666,0,0.0,Low
0,0,0.013333333333333334,0,0.0,Low
0,0,0.01,0,0.0,Low
0,0,0.016666666666666666,0,0.0,Low
0,0,0.47333333333333333,0,0.23,Low
0,0,0.023333333333333334,0,0.01,Low
0,0,0.07333333333333333,0,0.4766666666666667,Moderate
0,0,0.0,0,0.0,Low
0,0,0.01,0,0.006666666666666667,Low
0,0,0.43,0,0.39,Moderate
0,0,0.02,0,0.0033333333333333335,Low
0,0,0.06666666666666667,0,0.06333333333333334,Low
0,0,0.02666666666666667,0,0.0033333333333333335,Low
0,0,0.056666666666666664,0,0.48333333333333334,Moderate
0,0,0.03,0,0.006666666666666667,Low
0,0,0.013333333333333334,0,0.0033333333333333335,Low
0,0,0.01,0,0.006666666666666667,Low
0,0,0.16333333333333333,1,0.7266666666666667,High
0,0,0.0033333333333333335,0,0.0,Low
0,0,0.0,0,0.12,Low
0,1,0.7533333333333333,1,0.9533333333333334,Urgent
0,0,0.04666666666666667,0,0.01,Low
0,0,0.43333333333333335,1,0.8666666666666667,Urgent
0,0,0.043333333333333335,0,0.006666666666666667,Low
0,0,0.06,0,0.04,Low
0,0,0.07666666666666666,0,0.03,Low
0,0,0.06,0,0.023333333333333334,Low
0,1,0.7666666666666667,1,0.98,Urgent
0,0,0.09666666666666666,0,0.043333333333333335,Low
0,0,0.07666666666666666,0,0.08,Low
0,0,0.06333333333333334,0,0.03333333333333333,Low
0,0,0.03666666666666667,0,0.02,Low
0,1,0.79,1,0.8866666666666667,Urgent
0,0,0.03,0,0.03333333333333333,Low
0,1,0.7966666666666666,1,0.7066666666666667,High
0,1,0.8366666666666667,1,0.8566666666666667,Urgent
0,0,0.0033333333333333335,0,0.0033333333333333335,Low
0,0,0.04666666666666667,0,0.016666666666666666,Low
0,0,0.0,0,0.013333333333333334,Low
0,0,0.02666666666666667,0,0.006666666666666667,Low
0,0,0.05,0,0.016666666666666666,Low
0,1,0.76,1,0.76,High
0,0,0.19333333333333333,0,0.1,Low
0,0,0.09,0,0.03333333333333333,Low
1,1,0.9833333333333333,1,0.57,Moderate
0,0,0.023333333333333334,0,0.006666666666666667,Low
0,0,0.05333333333333334,0,0.023333333333333334,Low
0,0,0.02,0,0.01,Low
0,0,0.03666666666666667,0,0.39666666666666667,Moderate
0,0,0.0033333333333333335,0,0.0033333333333333335,Low
0,0,0.006666666666666667,0,0.016666666666666666,Low
0,0,0.11,0,0.01,Low
0,0,0.24333333333333335,0,0.1,Low
1,1,0.6966666666666667,1,0.9433333333333334,Urgent
0,0,0.11333333333333333,0,0.04,Low
0,0,0.0,0,0.0,Low
0,0,0.0,0,0.22,Low
0,0,0.0,0,0.03,Low
0,0,0.0,0,0.22666666666666666,Low
0,0,0.0,0,0.06333333333333334,Low
0,0,0.0,0,0.06,Low
0,0,0.0,0,0.04666666666666667,Low
0,0,0.0,0,0.05,Low
0,0,0.023333333333333334,0,0.19666666666666666,Low
0,0,0.0,0,0.013333333333333334,Low
0,0,0.0,0,0.23,Low
0,0,0.0,0,0.03333333333333333,Low
0,0,0.0,0,0.013333333333333334,Low
0,0,0.0,0,0.22333333333333333,Low
0,0,0.0,0,0.03333333333333333,Low
0,0,0.023333333333333334,0,0.03,Low
0,0,0.0,0,0.11,Low
0,0,0.0033333333333333335,0,0.016666666666666666,Low
0,0,0.0,0,0.20333333333333334,Low
0,0,0.0,0,0.03333333333333333,Low
0,0,0.0,0,0.03333333333333333,Low
0,0,0.0,0,0.08666666666666667,Low
0,0,0.02,0,0.20666666666666667,Low
0,0,0.0,0,0.05,Low
0,0,0.0,0,0.06333333333333334,Low
0,0,0.0,0,0.10333333333333333,Low
0,0,0.03,0,0.10333333333333333,Low
0,0,0.0,0,0.08666666666666667,Low
0,0,0.0,0,0.03333333333333333,Low
0,0,0.0,0,0.03333333333333333,Low
0,0,0.0,0,0.04666666666666667,Low
0,0,0.0,0,0.043333333333333335,Low
0,0,0.0,0,0.043333333333333335,Low
0,0,0.0,0,0.03333333333333333,Low
0,0,0.0,0,0.03333333333333333,Low
0,0,0.0,0,0.03333333333333333,Low
0,0,0.0,0,0.03333333333333333,Low
0,0,0.02,0,0.04,Low
0,0,0.0,0,0.09666666666666666,Low
0,0,0.0,0,0.05333333333333334,Low
0,0,0.0,0,0.03333333333333333,Low
0,0,0.0,0,0.03333333333333333,Low
0,0,0.0,0,0.03333333333333333,Low
0,0,0.0,0,0.03333333333333333,Low
0,0,0.04666666666666667,0,0.03,Low
0,0,0.0,0,0.10333333333333333,Low
0,0,0.0,0,0.03333333333333333,Low
0,0,0.0,0,0.03333333333333333,Low
0,0,0.0,0,0.05333333333333334,Low
0,0,0.0,0,0.056666666666666664,Low
0,0,0.0,0,0.04,Low
0,0,0.0,0,0.03333333333333333,Low
0,0,0.0,0,0.03666666666666667,Low
0,0,0.0,0,0.03666666666666667,Low
0,0,0.0,0,0.05333333333333334,Low
0,0,0.0,0,0.03666666666666667,Low
0,0,0.0,0,0.03333333333333333,Low
0,0,0.0,0,0.06333333333333334,Low
0,0,0.05333333333333334,0,0.03333333333333333,Low
0,0,0.0033333333333333335,0,0.03666666666666667,Low
0,0,0.0,0,0.03333333333333333,Low
0,0,0.0,0,0.03333333333333333,Low
0,0,0.0,0,0.03333333333333333,Low
0,0,0.0,0,0.03333333333333333,Low
0,0,0.0,0,0.043333333333333335,Low
0,0,0.0,0,0.05,Low
0,0,0.0,0,0.17,Low
0,0,0.0,0,0.056666666666666664,Low
0,0,0.0,0,0.03666666666666667,Low
0,0,0.0,0,0.05,Low
0,0,0.0,0,0.06333333333333334,Low
0,0,0.0,0,0.03333333333333333,Low
0,0,0.0,0,0.04666666666666667,Low
0,0,0.0,0,0.03333333333333333,Low
0,0,0.0,0,0.11,Low
0,0,0.03666666666666667,0,0.09333333333333334,Low
0,0,0.0033333333333333335,0,0.013333333333333334,Low
0,0,0.0,0,0.22333333333333333,Low
0,0,0.0,0,0.03333333333333333,Low
0,0,0.02,0,0.03,Low
0,0,0.0,0,0.09666666666666666,Low
0,0,0.03,0,0.04,Low
0,0,0.0,0,0.10333333333333333,Low
0,0,0.0,0,0.03333333333333333,Low
0,0,0.03333333333333333,0,0.04,Low
0,0,0.0,0,0.1,Low
0,0,0.0,0,0.06,Low
0,0,0.0,0,0.03333333333333333,Low
0,0,0.0,0,0.043333333333333335,Low
0,0,0.0,0,0.03333333333333333,Low
0,0,0.0,0,0.03333333333333333,Low
0,0,0.0,0,0.04666666666666667,Low
0,0,0.0,0,0.05,Low
0,0,0.0,0,0.043333333333333335,Low
0,0,0.02666666666666667,0,0.13,Low
0,0,0.03333333333333333,0,0.03666666666666667,Low
0,0,0.0,0,0.1,Low
0,0,0.04,0,0.02,Low
0,0,0.0,0,0.21333333333333335,Low
0,0,0.0,0,0.06333333333333334,Low
0,0,0.0,0,0.03333333333333333,Low
0,0,0.0,0,0.05,Low
0,0,0.023333333333333334,0,0.18,Low
0,0,0.03666666666666667,0,0.1,Low
0,0,0.0,0,0.016666666666666666,Low
0,0,0.0,0,0.22,Low
0,0,0.0,0,0.03333333333333333,Low
0,0,0.0,0,0.03333333333333333,Low
0,0,0.0,0,0.03333333333333333,Low
0,0,0.0,0,0.06,Low
0,0,0.023333333333333334,0,0.016666666666666666,Low
0,0,0.0,0,0.19666666666666666,Low
0,0,0.0,0,0.03333333333333333,Low
0,0,0.0,0,0.03333333333333333,Low
0,0,0.0,0,0.03333333333333333,Low
0,0,0.0,0,0.09333333333333334,Low
0,0,0.0,0,0.05,Low
0,0,0.0,0,0.043333333333333335,Low
0,0,0.0,0,0.03333333333333333,Low
0,0,0.016666666666666666,0,0.03,Low
0,0,0.0,0,0.10333333333333333,Low
0,0,0.0,0,0.03333333333333333,Low
0,0,0.0,0,0.03333333333333333,Low
0,0,0.0,0,0.06333333333333334,Low
0,0,0.0,0,0.05333333333333334,Low
0,0,0.0,0,0.03666666666666667,Low
0,0,0.0,0,0.03333333333333333,Low
0,0,0.0,0,0.04,Low
0,0,0.0,0,0.043333333333333335,Low
0,0,0.0,0,0.043333333333333335,Low
0,0,0.0,0,0.04,Low
0,0,0.0,0,0.05,Low
0,0,0.0,0,0.03666666666666667,Low
0,0,0.0,0,0.04666666666666667,Low
0,0,0.0,0,0.03333333333333333,Low
0,0,0.0,0,0.056666666666666664,Low
0,0,0.0,0,0.09666666666666666,Low
0,0,0.0,0,0.03333333333333333,Low
0,0,0.0,0,0.043333333333333335,Low
0,0,0.0,0,0.03666666666666667,Low
0,0,0.0,0,0.03333333333333333,Low
0,0,0.0,0,0.09666666666666666,Low
0,0,0.0,0,0.04666666666666667,Low
0,0,0.0,0,0.04666666666666667,Low
0,0,0.0,0,0.04666666666666667,Low
0,0,0.0,0,0.03333333333333333,Low
0,0,0.0,0,0.21,Low
0,0,0.0,0,0.043333333333333335,Low
0,0,0.0,0,0.03333333333333333,Low
0,0,0.0,0,0.05333333333333334,Low
0,0,0.0,0,0.03333333333333333,Low
0,0,0.0,0,0.04666666666666667,Low
0,0,0.0,0,0.043333333333333335,Low
0,0,0.0,0,0.03666666666666667,Low
0,0,0.0,0,0.04666666666666667,Low
0,0,0.0,0,0.05,Low
0,0,0.0,0,0.03333333333333333,Low
0,0,0.0,0,0.03333333333333333,Low
0,0,0.0,0,0.03333333333333333,Low
0,0,0.02,0,0.03666666666666667,Low
0,0,0.0,0,0.10333333333333333,Low
0,0,0.02,0,0.03333333333333333,Low
0,0,0.0,0,0.10666666666666667,Low
0,0,0.0,0,0.03333333333333333,Low
0,0,0.0,0,0.043333333333333335,Low
0,0,0.0,0,0.09,Low
0,0,0.0,0,0.03333333333333333,Low
0,0,0.0,0,0.03666666666666667,Low
0,0,0.0,0,0.23333333333333334,Low
0,0,0.0,0,0.043333333333333335,Low
0,0,0.0,0,0.04666666666666667,Low
0,0,0.0,0,0.03666666666666667,Low
0,0,0.0,0,0.03333333333333333,Low
0,0,0.0,0,0.03666666666666667,Low
0,0,0.0,0,0.043333333333333335,Low
0,0,0.0,0,0.03333333333333333,Low
0,0,0.0,0,0.05333333333333334,Low
0,0,0.0,0,0.03666666666666667,Low
0,0,0.0,0,0.03333333333333333,Low
0,0,0.0,0,0.03333333333333333,Low
0,0,0.0,0,0.05,Low
0,0,0.0,0,0.03333333333333333,Low
0,0,0.0,0,0.03333333333333333,Low
0,0,0.0,0,0.04666666666666667,Low
0,0,0.0,0,0.03333333333333333,Low
0,0,0.0,0,0.03333333333333333,Low
0,0,0.0,0,0.03333333333333333,Low
0,0,0.0,0,0.03333333333333333,Low
0,0,0.0,0,0.03333333333333333,Low
0,0,0.0,0,0.03333333333333333,Low
0,0,0.0,0,0.03333333333333333,Low
0,0,0.0,0,0.04,Low
0,0,0.0,0,0.03333333333333333,Low
0,0,0.01,0,0.05333333333333334,Low
0,0,0.0,0,0.043333333333333335,Low
0,0,0.0,0,0.03333333333333333,Low
0,0,0.0,0,0.03333333333333333,Low
0,0,0.0,0,0.05333333333333334,Low
0,0,0.0,0,0.03333333333333333,Low
0,0,0.0,0,0.03666666666666667,Low
0,0,0.0,0,0.03333333333333333,Low
0,0,0.0,0,0.03333333333333333,Low
0,0,0.0,0,0.043333333333333335,Low
0,0,0.0,0,0.03333333333333333,Low
0,0,0.0,0,0.1,Low
0,0,0.0,0,0.03333333333333333,Low
0,0,0.0,0,0.03333333333333333,Low
0,0,0.0,0,0.03666666666666667,Low
0,0,0.023333333333333334,0,0.07666666666666666,Low
0,0,0.01,0,0.013333333333333334,Low
0,0,0.0033333333333333335,0,0.21666666666666667,Low
0,0,0.0,0,0.03666666666666667,Low
0,0,0.016666666666666666,0,0.03333333333333333,Low
0,0,0.0,0,0.10333333333333333,Low
0,0,0.016666666666666666,0,0.016666666666666666,Low
0,0,0.0,0,0.19666666666666666,Low
0,0,0.0,0,0.04666666666666667,Low
0,0,0.0,0,0.03666666666666667,Low
0,0,0.02666666666666667,0,0.02666666666666667,Low
0,0,0.0,0,0.10666666666666667,Low
0,0,0.0,0,0.03333333333333333,Low
0,0,0.0,0,0.03333333333333333,Low
0,0,0.0,0,0.03333333333333333,Low
0,0,0.0,0,0.04666666666666667,Low
0,0,0.006666666666666667,0,0.013333333333333334,Low
0,0,0.0,0,0.21333333333333335,Low
0,0,0.0,0,0.03666666666666667,Low
0,0,0.03,0,0.03666666666666667,Low
0,0,0.0,0,0.21,Low
0,0,0.013333333333333334,0,0.03,Low
0,0,0.0,0,0.19,Low
0,0,0.0,0,0.043333333333333335,Low
0,0,0.03,0,0.06666666666666667,Low
0,0,0.023333333333333334,0,0.016666666666666666,Low
0,0,0.0,0,0.2,Low
0,0,0.016666666666666666,0,0.02666666666666667,Low
0,0,0.0,0,0.19,Low
0,0,0.0,0,0.03333333333333333,Low
0,0,0.0,0,0.043333333333333335,Low
0,0,0.03333333333333333,0,0.02,Low
0,0,0.0,0,0.1,Low
0,0,0.0033333333333333335,0,0.02,Low
0,0,0.0,0,0.22333333333333333,Low
0,0,0.02,0,0.07333333333333333,Low
0,0,0.016666666666666666,0,0.03333333333333333,Low
0,0,0.0,0,0.20666666666666667,Low
0,0,0.0,0,0.09666666666666666,Low
0,0,0.0,0,0.03333333333333333,Low
0,0,0.0,0,0.03333333333333333,Low
0,0,0.006666666666666667,0,0.016666666666666666,Low
0,0,0.0,0,0.20333333333333334,Low
0,0,0.02,0,0.03,Low
0,0,0.0,0,0.09333333333333334,Low
0,0,0.02666666666666667,0,0.03333333333333333,Low
0,0,0.0,0,0.1,Low
0,0,0.0,0,0.03666666666666667,Low
0,0,0.0033333333333333335,0,0.03333333333333333,Low
0,0,0.023333333333333334,0,0.05,Low
0,0,0.006666666666666667,0,0.013333333333333334,Low
0,0,0.0,0,0.21333333333333335,Low
0,0,0.03,0,0.016666666666666666,Low
0,0,0.0,0,0.20333333333333334,Low
0,0,0.03,0,0.07666666666666666,Low
0,0,0.043333333333333335,0,0.016666666666666666,Low
0,0,0.0,0,0.19333333333333333,Low
0,0,0.0,0,0.03666666666666667,Low
0,0,0.03333333333333333,0,0.03666666666666667,Low
0,0,0.0,0,0.10666666666666667,Low
0,0,0.03333333333333333,0,0.023333333333333334,Low
0,0,0.0,0,0.05333333333333334,Low
0,0,0.023333333333333334,0,0.09,Low
0,0,0.0033333333333333335,0,0.016666666666666666,Low
0,0,0.0,0,0.19666666666666666,Low
0,0,0.056666666666666664,0,0.02,Low
0,0,0.0,0,0.20333333333333334,Low
0,0,0.0033333333333333335,0,0.023333333333333334,Low
0,0,0.0,0,0.19,Low
0,0,0.02,0,0.02,Low
0,0,0.0,0,0.19333333333333333,Low
0,0,0.05,0,0.023333333333333334,Low
0,0,0.0,0,0.043333333333333335,Low
0,0,0.02666666666666667,0,0.02666666666666667,Low
0,0,0.0,0,0.09666666666666666,Low
0,0,0.0,0,0.03666666666666667,Low
0,0,0.0,0,0.04,Low
0,0,0.03,0,0.08333333333333333,Low
0,0,0.0,0,0.05,Low
0,0,0.006666666666666667,0,0.0033333333333333335,Low
0,0,0.0,0,0.22666666666666666,Low
0,0,0.056666666666666664,0,0.043333333333333335,Low
0,0,0.0,0,0.12333333333333334,Low
0,0,0.03333333333333333,0,0.016666666666666666,Low
0,0,0.0,0,0.20333333333333334,Low
0,0,0.03333333333333333,0,0.05,Low
0,0,0.04,0,0.09333333333333334,Low
0,0,0.016666666666666666,0,0.06666666666666667,Low
0,0,0.023333333333333334,0,0.03,Low
0,0,0.0,0,0.1,Low
0,0,0.0033333333333333335,0,0.013333333333333334,Low
0,0,0.0,0,0.21666666666666667,Low
0,0,0.023333333333333334,0,0.04,Low
0,0,0.0,0,0.043333333333333335,Low
0,0,0.0033333333333333335,0,0.023333333333333334,Low
0,0,0.0033333333333333335,0,0.25333333333333335,Low
0,0,0.01,0,0.20666666666666667,Low
0,0,0.07333333333333333,0,0.14,Low
0,0,0.013333333333333334,0,0.02,Low
0,0,0.043333333333333335,0,0.1,Low
0,0,0.0,0,0.03333333333333333,Low
0,0,0.0,0,0.03333333333333333,Low
0,0,0.02,0,0.05,Low
0,0,0.02666666666666667,0,0.016666666666666666,Low
0,0,0.0,0,0.19666666666666666,Low
0,0,0.016666666666666666,0,0.06666666666666667,Low
0,0,0.02,0,0.056666666666666664,Low
0,0,0.023333333333333334,0,0.03666666666666667,Low
0,0,0.0,0,0.10666666666666667,Low
0,0,0.04,0,0.15,Low
0,0,0.02666666666666667,0,0.02666666666666667,Low
0,0,0.0,0,0.1,Low
0,0,0.023333333333333334,0,0.04666666666666667,Low
0,0,0.0033333333333333335,0,0.013333333333333334,Low
0,0,0.0,0,0.21666666666666667,Low
0,0,0.01,0,0.023333333333333334,Low
0,0,0.0033333333333333335,0,0.24,Low
0,0,0.013333333333333334,0,0.056666666666666664,Low
0,0,0.03,0,0.07,Low
0,0,0.03,0,0.056666666666666664,Low
0,0,0.03,0,0.056666666666666664,Low
0,0,0.02,0,0.05,Low
0,0,0.0033333333333333335,0,0.10666666666666667,Low
0,0,0.04,0,0.03666666666666667,Low
0,0,0.0,0,0.1,Low
0,0,0.03333333333333333,0,0.02,Low
0,0,0.0,0,0.10333333333333333,Low
0,0,0.0,0,0.05,Low
0,0,0.06333333333333334,0,0.016666666666666666,Low
0,0,0.0,0,0.19,Low
0,0,0.006666666666666667,0,0.016666666666666666,Low
0,0,0.0,0,0.20666666666666667,Low
0,0,0.03,0,0.03333333333333333,Low
0,0,0.0,0,0.043333333333333335,Low
0,0,0.02,0,0.08666666666666667,Low
0,0,0.02,0,0.03666666666666667,Low
0,0,0.0,0,0.10333333333333333,Low
0,0,0.06333333333333334,0,0.02,Low
0,0,0.0,0,0.19333333333333333,Low
0,0,0.023333333333333334,0,0.02666666666666667,Low
0,0,0.0,0,0.09333333333333334,Low
0,0,0.02,0,0.016666666666666666,Low
0,0,0.0,0,0.2,Low
0,0,0.02666666666666667,0,0.04,Low
0,0,0.0,0,0.09666666666666666,Low
0,0,0.02,0,0.023333333333333334,Low
0,0,0.0,0,0.03666666666666667,Low
0,0,0.02666666666666667,0,0.023333333333333334,Low
0,0,0.0,0,0.05333333333333334,Low
0,0,0.013333333333333334,0,0.02666666666666667,Low
0,0,0.0,0,0.2,Low
0,0,0.0,0,0.016666666666666666,Low
0,0,0.0,0,0.23,Low
0,0,0.03333333333333333,0,0.17,Low
0,0,0.01,0,0.02666666666666667,Low
0,0,0.0,0,0.23666666666666666,Low
0,0,0.03666666666666667,0,0.04,Low
0,0,0.006666666666666667,0,0.10666666666666667,Low
0,0,0.023333333333333334,0,0.02666666666666667,Low
0,0,0.0,0,0.05,Low
0,0,0.03333333333333333,0,0.06666666666666667,Low
0,0,0.02,0,0.02666666666666667,Low
0,0,0.0,0,0.09,Low
0,0,0.016666666666666666,0,0.03,Low
0,0,0.0,0,0.10666666666666667,Low
0,0,0.02,0,0.22,Low
0,0,0.02,0,0.023333333333333334,Low
0,0,0.0,0,0.19333333333333333,Low
0,0,0.0033333333333333335,0,0.043333333333333335,Low
0,0,0.006666666666666667,0,0.016666666666666666,Low
0,0,0.0,0,0.20666666666666667,Low
0,0,0.023333333333333334,0,0.08333333333333333,Low
0,0,0.02666666666666667,0,0.07,Low
0,0,0.013333333333333334,0,0.05333333333333334,Low
0,0,0.03,0,0.04666666666666667,Low
0,0,0.023333333333333334,0,0.03666666666666667,Low
0,0,0.0,0,0.05,Low
0,0,0.023333333333333334,0,0.04,Low
0,0,0.0,0,0.10666666666666667,Low
0,0,0.03666666666666667,0,0.14,Low
0,0,0.02666666666666667,0,0.04,Low
0,0,0.0,0,0.09666666666666666,Low
0,0,0.03,0,0.13,Low
0,0,0.02,0,0.02,Low
0,0,0.0,0,0.19666666666666666,Low
0,0,0.02,0,0.03666666666666667,Low
0,0,0.0,0,0.09666666666666666,Low
0,0,0.02,0,0.03333333333333333,Low
0,0,0.0,0,0.05,Low
0,0,0.0,0,0.03666666666666667,Low
0,0,0.0,0,0.056666666666666664,Low
